id,instruction,input,output,source,topic
1,Provide a supportive motivational-interviewing counseling response for a person experiencing substance-use problems.,"Yeah. I tried to be safe. I mean, I tried to call her roommate, but I don't know, getting in trouble anyways.","Yeah, I understand that your intention was to have a good time while watching the game with your friends. You didn't think about what could go wrong when you drank alcohol underage because you were at your friend's house and not a big party and you made an effort to be safe by finding a ride home.",AnnoMI-derived authentic counseling turn,substance-use counseling
2,Provide a supportive motivational-interviewing counseling response for a person experiencing substance-use problems.,"Yeah, um, last week I met with my nurse practitioner, and I ge-I guess she's worried with how much I'm smoking and drinking right now. I mean, I-I did agree I would work on the smoking and try to cut back on that. But, as far as the drinking, I-I don't really think I drink that much.","Hi, Sarah, it's great to meet you. My name is Delwyn, and I'm a counselor here at the clinic. And I heard from your nurse practitioner that you recently had an annual exam in which the topics of smoking and alcohol use came up. Would you mind filling me in a little bit about that?",AnnoMI-derived authentic counseling turn,substance-use counseling
3,Provide a supportive motivational-interviewing counseling response for a person experiencing substance-use problems.,"Um, I really only drink at parties. I don't drink at home or anything.",Okay. How would you describe your drinking?,AnnoMI-derived authentic counseling turn,substance-use counseling
4,Provide a supportive motivational-interviewing counseling response for a person experiencing substance-use problems.,"Um, I've never really been drunk-","-was two? Okay. And, what kinds of things do you like about alcohol?",AnnoMI-derived authentic counseling turn,substance-use counseling
5,Act as a recovery-support counselor and encourage reflection and a realistic next step.,"My family keeps telling me to get help, but I do not know where to start.",Reaching out can be a strong first step. Would you be open to talking with a qualified addiction counselor or healthcare professional about support options that fit your situation?,synthetic drug-recovery counseling augmentation,drug-use recovery counseling - professional help
6,Respond as a supportive addiction counselor using motivational interviewing.,"My family keeps telling me to get help, but I do not know where to start.",Reaching out can be a strong first step. Would you be open to talking with a qualified addiction counselor or healthcare professional about support options that fit your situation?,synthetic drug-recovery counseling augmentation,drug-use recovery counseling - professional help
7,Provide a supportive motivational-interviewing counseling response for a person experiencing substance-use problems.,I guess I'll do the same thing. I'll go home and throw out the bottles of wine and stop having a glass at the end of the day.,"I'm trying not to be hard on you, Hailey, but I've got to tell you as a position, it's a very big deal. Your drinking and your tobacco use are red flags for me and they need to stop immediately. So we've already talked about your plan for smoking. You're going home. You're throwing out your cigarettes. You're putting on the patches. What's the plan for the alcohol?",AnnoMI-derived authentic counseling turn,substance-use counseling
8,Provide a supportive motivational-interviewing counseling response for a person experiencing substance-use problems.,Yeah.,Scholarship will really help you achieving your goals.,AnnoMI-derived authentic counseling turn,substance-use counseling
9,Provide a supportive motivational-interviewing counseling response for a person experiencing substance-use problems.,Okay.,Yes.,AnnoMI-derived authentic counseling turn,substance-use counseling
10,Provide a supportive motivational-interviewing counseling response for a person experiencing substance-use problems.,All right.,"So thanks for coming in, Sandra. We'll see you next week.",AnnoMI-derived authentic counseling turn,substance-use counseling
11,Provide a supportive motivational-interviewing counseling response for a person experiencing substance-use problems.,"Yeah, for sure.","-and it-it kinda, um, prevents them from trying to stuff something else in there. Do you think any of those things might work for you?",AnnoMI-derived authentic counseling turn,substance-use counseling
12,Provide a supportive motivational-interviewing counseling response for a person experiencing substance-use problems.,"Oh, absolutely not. I mean I thought of it more as a- a fun thing to do with my friends, certainly not a smoking habit or anything that would be harmful.","Were you aware of the fact that smoking these little cigarillos, the Swisher Sweets, can have some of the same negative health effects?",AnnoMI-derived authentic counseling turn,substance-use counseling
13,Provide a supportive motivational-interviewing counseling response for a person experiencing substance-use problems.,"Maybe if it's on a weekend, maybe six.",Mm-hmm.,AnnoMI-derived authentic counseling turn,substance-use counseling
14,Provide a supportive motivational-interviewing counseling response for a person experiencing substance-use problems.,Yeah. And I mean and that's-that's a reasonable thing- [crosstalk],"I, uh, mean that's up to you.",AnnoMI-derived authentic counseling turn,substance-use counseling
15,Use motivational interviewing principles to respond to this substance-use concern.,I feel like one relapse means I have failed completely.,"One setback does not define your whole recovery. What did you learn from this experience that could help you make a different choice the next time you face a similar situation? If you are comfortable, we can explore what matters most to you and identify a practical next step.",synthetic drug-recovery counseling augmentation,drug-use recovery counseling - reframing relapse
16,Provide a supportive motivational-interviewing counseling response for a person experiencing substance-use problems.,Or seven lectures along the road.,".No, it-- but David, it's not a waste. Research shows that people take on average about seven tries before they quit smoking, so think of it as you're one step closer to quitting, so--",AnnoMI-derived authentic counseling turn,substance-use counseling
17,Provide a supportive motivational-interviewing counseling response for a person experiencing substance-use problems.,"Um, well, it surprises me that that's based on research from out of 2011, um, and I must have missed that. I guess, you know, if it is, um, you know, I do wanna do what's best for my baby and for myself. And if I have to quit drinking, um, I guess ultimately I have to-I make that decision, um, but, um, that's a lot of, uh, information to take in today.","You wanna know that it's the latest and the greatest kind of thing. Um, this is information that, uh, that I have been sharing with you earlier, this is the latest information evidence-based, um, on the latest research since 2011 and, um, a lot of research has gone into what is-what is okay for a mom to consume, like, alcohol. There's the-the evidence that we have, um, but in the end, you choose what's best for you and what's best for your baby. What are your- what are your thoughts on that?",AnnoMI-derived authentic counseling turn,substance-use counseling
18,Provide a non-judgmental counseling response to a person struggling with drug use.,I do not think my drug use is as serious as my family thinks.,"It sounds like you and your family see the situation differently. Rather than judging you, I would like to understand your view. What concerns, if any, do you have about your drug use? Your willingness to talk about this is already a meaningful step. We can work through it gradually.",synthetic drug-recovery counseling augmentation,drug-use recovery counseling - readiness
19,Provide a supportive motivational-interviewing counseling response for a person experiencing substance-use problems.,"Oh, great.","Okay, hard part's over. So the good news is no cavities.",AnnoMI-derived authentic counseling turn,substance-use counseling
20,Provide a supportive motivational-interviewing counseling response for a person experiencing substance-use problems.,Exactly.,"So, it's-it's not so much that you don't wanna quit in a way, it's almost, ""How could I do it that would work for me?""",AnnoMI-derived authentic counseling turn,substance-use counseling
21,Provide a supportive motivational-interviewing counseling response for a person experiencing substance-use problems.,"Thank you, my doctor [unintelligible 00:00:05]","Hi Carrie, thanks for coming in today.",AnnoMI-derived authentic counseling turn,substance-use counseling
22,Provide a supportive motivational-interviewing counseling response for a person experiencing substance-use problems.,But to me then it's a big thing.,Yeah.,AnnoMI-derived authentic counseling turn,substance-use counseling
23,Provide a supportive motivational-interviewing counseling response for a person experiencing substance-use problems.,"Well, you're right actually, I-I did quit smoking but just last week my mom took Jake for the first time. It was a Friday night, so friends were going out to celebrate a birthday.","What I would recommend is that you avoid over-the-counter cold remedies, keep him away from any friends or family who may have the flu, keep him well hydrated, um, avoid excessive dust, and avoid smoking. And at least that last one's easy because you are an ex-smoker now.",AnnoMI-derived authentic counseling turn,substance-use counseling
24,Provide a supportive motivational-interviewing counseling response for a person experiencing substance-use problems.,"I've gone through therapy. Uh, nothing's helped. I finally- I went to the doctor. I was actually in the hospital. They took me to the hospital for a week. That's the longest I quit.",Mm-hmm.,AnnoMI-derived authentic counseling turn,substance-use counseling
25,Provide a supportive motivational-interviewing counseling response for a person experiencing substance-use problems.,"It's fun. It's a- it's a lot of work, long summers taught, but it's fun.",Okay. Couple of years. Great. And how do you like Marching Band?,AnnoMI-derived authentic counseling turn,substance-use counseling
26,Respond as a supportive addiction counselor using motivational interviewing.,I am scared that my drug use is damaging my relationships.,"It sounds like your relationships are very important to you. How has your drug use affected the people you care about, and what change would you most like them to see? There is no need to judge yourself while we explore what happened. Understanding the pattern can help you make a different choice.",synthetic drug-recovery counseling augmentation,drug-use recovery counseling - relationships
27,Respond as a supportive addiction counselor using motivational interviewing.,I have been using drugs again and I feel like I am losing control.,Thank you for being honest about that. It sounds like the drug use is feeling increasingly difficult to control. What would you most like to change about your situation right now? You do not have to figure everything out at once. We can focus on one manageable step.,synthetic drug-recovery counseling augmentation,drug-use recovery counseling - loss of control
28,Provide a supportive motivational-interviewing counseling response for a person experiencing substance-use problems.,Oh and emphysema the beginning stages of emphysema.,"So, and then you mentioned quite a few things about medical problems. So, um, you mentioned, um, asthma, um, acute bronchitis did you say—",AnnoMI-derived authentic counseling turn,substance-use counseling
29,Provide a supportive motivational-interviewing counseling response for a person experiencing substance-use problems.,"-that's-that's not worth it, either. And I have to slowly build back my trust with my mother because that was that's a big blow. It's little so I guess may seem to other people.",Mm-hmm.,AnnoMI-derived authentic counseling turn,substance-use counseling
30,Provide a supportive motivational-interviewing counseling response for a person experiencing substance-use problems.,"Yeah. I mean, at least my closest friends, for sure.",Your friends would be pretty comfortable with that?,AnnoMI-derived authentic counseling turn,substance-use counseling
31,Provide a supportive motivational-interviewing counseling response for a person experiencing substance-use problems.,"Well, you know, I've-I've heard these kinds of things before, but I just- I don't see the evidence. I don't see the risk, you know, I don't, you know, if someone can like prove to me, or show a direct link or something like that.","Well, if we take a look at the low-risk-alcohol drinking guidelines, what it says is for women, um, the safe limits are 10 drinks a week for women and 2 drinks a day. And that's if a woman isn't pregnant. And when it says in the guidelines, as far as drinking, uh, throughout pregnancy, there is no safe amount to drink during pregnancy. So really zero alcohol is, um, the woman should not be drinking any at all. And I'm just wondering what-what are your thoughts on that?",AnnoMI-derived authentic counseling turn,substance-use counseling
32,Provide a supportive motivational-interviewing counseling response for a person experiencing substance-use problems.,"Well, I guess I'm just tired of getting in trouble.","A five? So, I'm curious. Why didn't you pick a lower number like a two or three that would mean you're only a little bit ready to stop drinking?",AnnoMI-derived authentic counseling turn,substance-use counseling
33,"Give a brief, empathetic counseling response focused on recovery and safety.","I want to make healthier choices, but I feel stuck.",Feeling stuck can make change seem overwhelming. What is one small change that feels realistic this week and could move you a little closer to the life you want? There is no need to judge yourself while we explore what happened. Understanding the pattern can help you make a different choice.,synthetic drug-recovery counseling augmentation,drug-use recovery counseling - small steps
34,Provide a supportive motivational-interviewing counseling response for a person experiencing substance-use problems.,Marching band since freshman year. So like three years.,Wow. And how long have you been in marching band?,AnnoMI-derived authentic counseling turn,substance-use counseling
35,Provide a supportive motivational-interviewing counseling response for a person experiencing substance-use problems.,Yeah.,"-um, healing-",AnnoMI-derived authentic counseling turn,substance-use counseling
36,Provide a supportive motivational-interviewing counseling response for a person experiencing substance-use problems.,"Well, I'm not sure if this information is for me, since I've only been drinking once or twice.","As your provider, I'm a little concerned about your health. Drinking alcohol could harm you, and I would like to share some information with you. Is that okay?",AnnoMI-derived authentic counseling turn,substance-use counseling
37,Provide a supportive motivational-interviewing counseling response for a person experiencing substance-use problems.,Okay.,"And, um, I think you should probably stop as soon as possible, like this weekend.",AnnoMI-derived authentic counseling turn,substance-use counseling
38,Provide a supportive motivational-interviewing counseling response for a person experiencing substance-use problems.,"I-I don't think I'm drinking that much. I mean, it's-it's mainly for social gatherings. Like it's nothing that I do, like by myself or whatever. It's just the—",How much are you drinking?,AnnoMI-derived authentic counseling turn,substance-use counseling
39,Provide a supportive motivational-interviewing counseling response for a person experiencing substance-use problems.,"Um, and—",Nice.,AnnoMI-derived authentic counseling turn,substance-use counseling
40,Provide a supportive motivational-interviewing counseling response for a person experiencing substance-use problems.,Exactly.,-correct?,AnnoMI-derived authentic counseling turn,substance-use counseling
41,Provide a supportive motivational-interviewing counseling response for a person experiencing substance-use problems.,"Yeah, yeah. Okay.","Okay. Well, smoking really is really bad for you, you know. It causes things like lung cancer, emphysema, heart disease-",AnnoMI-derived authentic counseling turn,substance-use counseling
42,Use motivational interviewing principles to respond to this substance-use concern.,Part of me wants recovery and another part of me still wants to use.,"It is possible to have mixed feelings about recovery. What are the strongest reasons you want to stop, and what do you feel you would be giving up by stopping? You do not have to figure everything out at once. We can focus on one manageable step.",synthetic drug-recovery counseling augmentation,drug-use recovery counseling - mixed feelings
43,Use motivational interviewing principles to respond to this substance-use concern.,"My family keeps telling me to get help, but I do not know where to start.",Reaching out can be a strong first step. Would you be open to talking with a qualified addiction counselor or healthcare professional about support options that fit your situation?,synthetic drug-recovery counseling augmentation,drug-use recovery counseling - professional help
44,Provide a supportive motivational-interviewing counseling response for a person experiencing substance-use problems.,Maybe a little bit.,"Well, according to your chart, your blood pressure has gone up since July, and you said that you've been drinking more recently, so do you see the connection there?",AnnoMI-derived authentic counseling turn,substance-use counseling
45,"Give a brief, empathetic counseling response focused on recovery and safety.",I have been using drugs again and I feel like I am losing control.,Thank you for being honest about that. It sounds like the drug use is feeling increasingly difficult to control. What would you most like to change about your situation right now? Your willingness to talk about this is already a meaningful step. We can work through it gradually.,synthetic drug-recovery counseling augmentation,drug-use recovery counseling - loss of control
46,Provide a supportive motivational-interviewing counseling response for a person experiencing substance-use problems.,"Yeah, sometimes.","Mm-hmm, and when you're hanging out with friends, is there ever alcohol involved?",AnnoMI-derived authentic counseling turn,substance-use counseling
47,Provide a supportive motivational-interviewing counseling response for a person experiencing substance-use problems.,"Um, I mean, I guess- I guess I need some strategies for figuring out how to ease stress without, I guess, getting high.","Okay. Um, what is it that you wanna get out of being here?",AnnoMI-derived authentic counseling turn,substance-use counseling
48,Provide a supportive motivational-interviewing counseling response for a person experiencing substance-use problems.,Definitely.,"So Tom, this infection is been pretty painful for you but we have antibiotics. If you take it faithfully for 10 days, I'm sure that your infection will be gone. Can you do that?",AnnoMI-derived authentic counseling turn,substance-use counseling
49,Provide a supportive motivational-interviewing counseling response for a person experiencing substance-use problems.,I don’t want that.,"It's just the scene that they're-they're still in because their life maybe hasn't taken that change that your life has made. And so now, you're here and you're not sure. You want the baby, but you're not sure about the suburbs and the picket fence thing. You're not sure—",AnnoMI-derived authentic counseling turn,substance-use counseling
50,Use motivational interviewing principles to respond to this substance-use concern.,"I was doing well in recovery, but I had a relapse.",A relapse does not erase the progress you made. Would you be willing to look at what was happening before the relapse so you can identify what might help next time?,synthetic drug-recovery counseling augmentation,drug-use recovery counseling - relapse
51,Provide a supportive motivational-interviewing counseling response for a person experiencing substance-use problems.,"Okay. Um, I know that it's bad for me. It's-it's bad for my body. It's bad for-for-for-for being on the team, for being an athlete. It hinders my performance. Just, I don't know. I-I feel that my-my friends pressure me. I don't know. I feel I should like go with different friend groups. Maybe. I don't know.","-and you're on a team, you have to stick by the rules.",AnnoMI-derived authentic counseling turn,substance-use counseling
52,Provide a supportive motivational-interviewing counseling response for a person experiencing substance-use problems.,Okay.,"Yeah, that's certainly true. I'd also like to ask about some health habits that can contribute to high blood pressure.",AnnoMI-derived authentic counseling turn,substance-use counseling
53,Provide a supportive motivational-interviewing counseling response for a person experiencing substance-use problems.,"Yeah, you know how those union workers have to have you know, Union break.",It's great,AnnoMI-derived authentic counseling turn,substance-use counseling
54,Provide a supportive motivational-interviewing counseling response for a person experiencing substance-use problems.,"Yeah, like what kind of issues would that cause if any?",Wha-what's the big deal if you're drinking and—,AnnoMI-derived authentic counseling turn,substance-use counseling
55,Provide a supportive motivational-interviewing counseling response for a person experiencing substance-use problems.,Whatever you know and her friends. I think a lot of her friend's parents don't smoke and I'm constantly running like outside to smoke and-and-,Could be?,AnnoMI-derived authentic counseling turn,substance-use counseling
56,Provide a non-judgmental counseling response to a person struggling with drug use.,I do not think my drug use is as serious as my family thinks.,"It sounds like you and your family see the situation differently. Rather than judging you, I would like to understand your view. What concerns, if any, do you have about your drug use? You do not have to figure everything out at once. We can focus on one manageable step.",synthetic drug-recovery counseling augmentation,drug-use recovery counseling - readiness
57,Provide a supportive motivational-interviewing counseling response for a person experiencing substance-use problems.,"-and-and say, ""Okay, I'm not gonna have it at home-",Okay.,AnnoMI-derived authentic counseling turn,substance-use counseling
58,Provide a supportive motivational-interviewing counseling response for a person experiencing substance-use problems.,"Well, I mean, most of my problems always go back to money. You know, i-if I had more money, I could afford daycare, I could work less hours, you know? So, yeah. It's-it's normally related to money.",Anything else?,AnnoMI-derived authentic counseling turn,substance-use counseling
59,Provide a supportive motivational-interviewing counseling response for a person experiencing substance-use problems.,"I don't know. I guess if my friends, like if one of my friends decided to like quit with me, that would probably help too, but I-- all my friends love to smoke, so I don't see that happening in the near future.","Sure. And back to that scale, you mentioned, you said you were a two. What do you think it would take to move you up to a four or five?",AnnoMI-derived authentic counseling turn,substance-use counseling
60,Provide a supportive motivational-interviewing counseling response for a person experiencing substance-use problems.,Yeah.,"Mm. Okay. Alright. Well, um, I know a little about why you're here today-",AnnoMI-derived authentic counseling turn,substance-use counseling
61,"Give a brief, empathetic counseling response focused on recovery and safety.","I am trying to change, but I do not know what triggers my drug use.","We can explore that together without judgment. Think about the moments before you usually use: where are you, who are you with, and what emotions or thoughts are present? You do not have to figure everything out at once. We can focus on one manageable step.",synthetic drug-recovery counseling augmentation,drug-use recovery counseling - trigger identification
62,Provide a supportive motivational-interviewing counseling response for a person experiencing substance-use problems.,No. I-I don't know. It's normal for university students I feel.,All right. Do you have any concerns at all about your alcohol use?,AnnoMI-derived authentic counseling turn,substance-use counseling
63,Provide a supportive motivational-interviewing counseling response for a person experiencing substance-use problems.,I don't have any plans to quit. It's just something I'm thinking about.,Okay.,AnnoMI-derived authentic counseling turn,substance-use counseling
64,Provide a supportive motivational-interviewing counseling response for a person experiencing substance-use problems.,"Right, exactly.","So, it's already piled I'm thinking up for you, you don't need anything else so you're looking for some relief and not something to make you feel worse.",AnnoMI-derived authentic counseling turn,substance-use counseling
65,Provide a supportive motivational-interviewing counseling response for a person experiencing substance-use problems.,Like how many drinks?,Got it. So you've-you've had some pretty heavy drinking. What-what do you think is the most you've ever had?,AnnoMI-derived authentic counseling turn,substance-use counseling
66,Provide a supportive motivational-interviewing counseling response for a person experiencing substance-use problems.,"I think those two and, um, respect.",Okay.,AnnoMI-derived authentic counseling turn,substance-use counseling
67,Provide a supportive motivational-interviewing counseling response for a person experiencing substance-use problems.,"Um. Well, there's the expense, you know. Wi-with the economy and all, um, I- I have to be careful about my money and so, um, there is the extra expense of if I'm buying more of them than I used to. So the-the money aspect is also a concern.",Yeah. So we're noticing some pretty negative effects in terms of your oral health with the smoking. Are there any other things that you're concerned about?,AnnoMI-derived authentic counseling turn,substance-use counseling
68,Act as a recovery-support counselor and encourage reflection and a realistic next step.,I want to recover but I am afraid of what life will be like without drugs.,"That fear makes sense because recovery can involve major changes. What parts of life without drugs worry you most, and what kind of support might make those changes feel safer?",synthetic drug-recovery counseling augmentation,drug-use recovery counseling - fear of recovery
69,Respond as a supportive addiction counselor using motivational interviewing.,"I was doing well in recovery, but I had a relapse.","A relapse does not erase the progress you made. Would you be willing to look at what was happening before the relapse so you can identify what might help next time? If you are comfortable, we can explore what matters most to you and identify a practical next step.",synthetic drug-recovery counseling augmentation,drug-use recovery counseling - relapse
70,Provide a supportive motivational-interviewing counseling response for a person experiencing substance-use problems.,Yeah.,"Mm-hmm. So, you've seen a lot of other kids who-",AnnoMI-derived authentic counseling turn,substance-use counseling
71,Provide a supportive motivational-interviewing counseling response for a person experiencing substance-use problems.,"Um, well, I can talk to my housemate tomorrow night. I'm pretty sure that he doesn't work tomorrow night so he'll be around.",What kind of plan could you put in place to make sure you meet these goals?,AnnoMI-derived authentic counseling turn,substance-use counseling
72,Provide a supportive motivational-interviewing counseling response for a person experiencing substance-use problems.,"Oh, really?","Yeah. So, so if-if your doctor says it's okay with the Wellbutrin, one-- uh, we see very little if any weight gain-",AnnoMI-derived authentic counseling turn,substance-use counseling
73,Provide a supportive motivational-interviewing counseling response for a person experiencing substance-use problems.,A little bit.,"So, is that surprising to you?",AnnoMI-derived authentic counseling turn,substance-use counseling
74,Provide a supportive motivational-interviewing counseling response for a person experiencing substance-use problems.,"Yeah, and for work, you know, I'm a server. So, I'm on my feet all day, you know, and it's-it's really tiring.","So, you're working, and then, on top of that, juggling being a single mom and going to school?",AnnoMI-derived authentic counseling turn,substance-use counseling
75,"Give a brief, empathetic counseling response focused on recovery and safety.",I feel ashamed because I promised myself I would stop.,It sounds like you are carrying a lot of shame. You deserve support rather than judgment. What would be one compassionate and realistic step you could take toward recovery today? You do not have to figure everything out at once. We can focus on one manageable step.,synthetic drug-recovery counseling augmentation,drug-use recovery counseling - shame
76,Provide a supportive motivational-interviewing counseling response for a person experiencing substance-use problems.,-I'd have no social life if I didn't.,Yeah.,AnnoMI-derived authentic counseling turn,substance-use counseling
77,Provide a supportive motivational-interviewing counseling response for a person experiencing substance-use problems.,"You know, it's kind of like the ""why"" that it's like-",Mm-hmm.,AnnoMI-derived authentic counseling turn,substance-use counseling
78,Act as a recovery-support counselor and encourage reflection and a realistic next step.,"I want to stop using drugs, but I keep going back to them.","It sounds like you genuinely want to stop, while something keeps pulling you back. What do you think makes stopping especially difficult for you? If you are comfortable, we can explore what matters most to you and identify a practical next step.",synthetic drug-recovery counseling augmentation,drug-use recovery counseling - ambivalence
79,Provide a supportive motivational-interviewing counseling response for a person experiencing substance-use problems.,Yeah. [chuckles],"That's a good way to be, right?",AnnoMI-derived authentic counseling turn,substance-use counseling
80,Provide a supportive motivational-interviewing counseling response for a person experiencing substance-use problems.,Mm-hmm. I really shouldn't have done it.,You realize it's something you shouldn't have done.,AnnoMI-derived authentic counseling turn,substance-use counseling
81,Provide a supportive motivational-interviewing counseling response for a person experiencing substance-use problems.,Yeah.,"Okay. Well, that sounds good. So, why don't we meet again in a couple of weeks and you kind of update me on how cutting back on your drinking has gone, and also, what it was like when you met with a social worker? Sound good?",AnnoMI-derived authentic counseling turn,substance-use counseling
82,"Give a brief, empathetic counseling response focused on recovery and safety.","I am trying to change, but I do not know what triggers my drug use.","We can explore that together without judgment. Think about the moments before you usually use: where are you, who are you with, and what emotions or thoughts are present? There is no need to judge yourself while we explore what happened. Understanding the pattern can help you make a different choice.",synthetic drug-recovery counseling augmentation,drug-use recovery counseling - trigger identification
83,Provide a supportive motivational-interviewing counseling response for a person experiencing substance-use problems.,"Well, my wife is making me be here today. Uh, she thinks that it's a problem that I'm smoking weed, so she said, ""You need to go and get some help.""",Tell me a little bit about what brings you today.,AnnoMI-derived authentic counseling turn,substance-use counseling
84,Provide a supportive motivational-interviewing counseling response for a person experiencing substance-use problems.,Thanks. You too.,That’s great. All the very best then.,AnnoMI-derived authentic counseling turn,substance-use counseling
85,Provide a supportive motivational-interviewing counseling response for a person experiencing substance-use problems.,A nice phone call.,And what would you like me to do if you don't come back?,AnnoMI-derived authentic counseling turn,substance-use counseling
86,Provide a supportive motivational-interviewing counseling response for a person experiencing substance-use problems.,"Oh, well I have one brother he's older than me, about nine years older than me.","Great. And then, um, tell me a little bit about your family?",AnnoMI-derived authentic counseling turn,substance-use counseling
87,Provide a supportive motivational-interviewing counseling response for a person experiencing substance-use problems.,"Um, well, I mean, clearly I don't feel good right now. Um, and it's-- I definitely feel more productive when I don't have a hangover. Uh, so I see a benefit.",Tell me more about that.,AnnoMI-derived authentic counseling turn,substance-use counseling
88,Provide a supportive motivational-interviewing counseling response for a person experiencing substance-use problems.,"Yeah, I'm just I'm not eating properly anymore, I'm just eating less or just getting takeaway, getting crap food and-",Okay.,AnnoMI-derived authentic counseling turn,substance-use counseling
89,Provide a supportive motivational-interviewing counseling response for a person experiencing substance-use problems.,Right.,"-having an easier time with achieving your academic and career goals, and just sort of not having to deal with some of the consequences that your peers do.",AnnoMI-derived authentic counseling turn,substance-use counseling
90,Provide a supportive motivational-interviewing counseling response for a person experiencing substance-use problems.,-forms.,Okay.,AnnoMI-derived authentic counseling turn,substance-use counseling
91,Provide a supportive motivational-interviewing counseling response for a person experiencing substance-use problems.,A lot at this point because I feel that's a big factor with gaining back my trust with my mother.,"How important is it to you to make, uh, an adjustment in your drinking or even to quit?",AnnoMI-derived authentic counseling turn,substance-use counseling
92,Provide a non-judgmental counseling response to a person struggling with drug use.,"My family keeps telling me to get help, but I do not know where to start.",Reaching out can be a strong first step. Would you be open to talking with a qualified addiction counselor or healthcare professional about support options that fit your situation?,synthetic drug-recovery counseling augmentation,drug-use recovery counseling - professional help
93,Use motivational interviewing principles to respond to this substance-use concern.,"I want to make healthier choices, but I feel stuck.",Feeling stuck can make change seem overwhelming. What is one small change that feels realistic this week and could move you a little closer to the life you want? Your willingness to talk about this is already a meaningful step. We can work through it gradually.,synthetic drug-recovery counseling augmentation,drug-use recovery counseling - small steps
94,Act as a recovery-support counselor and encourage reflection and a realistic next step.,I have been using drugs again and I feel like I am losing control.,"Thank you for being honest about that. It sounds like the drug use is feeling increasingly difficult to control. What would you most like to change about your situation right now? If you are comfortable, we can explore what matters most to you and identify a practical next step.",synthetic drug-recovery counseling augmentation,drug-use recovery counseling - loss of control
95,Provide a supportive motivational-interviewing counseling response for a person experiencing substance-use problems.,"No. No, I just feel that way. I get really-- I get very defensive about when they bring-- cause I get it from my family doc, from my cardiologist, everybody. I'm like, I'm not a complete fool. I am for smoking, but—","Well, I don't think I'm giving you a lecture, that's certainly not what I meant. I--",AnnoMI-derived authentic counseling turn,substance-use counseling
96,Provide a supportive motivational-interviewing counseling response for a person experiencing substance-use problems.,"Well, hopefully, go to college, get, you know, good enough grades to go to college.","Okay. And, what kinds of things do you plan for your life?",AnnoMI-derived authentic counseling turn,substance-use counseling
97,Provide a supportive motivational-interviewing counseling response for a person experiencing substance-use problems.,"I mean, just cigarette. Um, so it's always, like, it's-it's a duel kind of problem I think-",Mm-hmm.,AnnoMI-derived authentic counseling turn,substance-use counseling
98,"Give a brief, empathetic counseling response focused on recovery and safety.","I am trying to change, but I do not know what triggers my drug use.","We can explore that together without judgment. Think about the moments before you usually use: where are you, who are you with, and what emotions or thoughts are present? Your willingness to talk about this is already a meaningful step. We can work through it gradually.",synthetic drug-recovery counseling augmentation,drug-use recovery counseling - trigger identification
99,Provide a supportive motivational-interviewing counseling response for a person experiencing substance-use problems.,"Yeah, I have one sister.",Okay. Do you have brothers or sisters?,AnnoMI-derived authentic counseling turn,substance-use counseling
100,Provide a supportive motivational-interviewing counseling response for a person experiencing substance-use problems.,"I really should do. Or shouldn't I,","It’s really tough. It's hard to know where to start, isn't it?",AnnoMI-derived authentic counseling turn,substance-use counseling
101,Use motivational interviewing principles to respond to this substance-use concern.,I have been using drugs again and I feel like I am losing control.,"Thank you for being honest about that. It sounds like the drug use is feeling increasingly difficult to control. What would you most like to change about your situation right now? If you are comfortable, we can explore what matters most to you and identify a practical next step.",synthetic drug-recovery counseling augmentation,drug-use recovery counseling - loss of control
102,Provide a supportive motivational-interviewing counseling response for a person experiencing substance-use problems.,"Yeah. Uh, maybe a couple more.","Okay. And then when you do drink alcohol, you typically have five or six drinks.",AnnoMI-derived authentic counseling turn,substance-use counseling
103,"Give a brief, empathetic counseling response focused on recovery and safety.",I want to rebuild trust with my family after my drug use.,"Rebuilding trust can take time, and your wish to repair those relationships is meaningful. What is one consistent action you could take that would show your family you are working toward recovery? You do not have to figure everything out at once. We can focus on one manageable step.",synthetic drug-recovery counseling augmentation,drug-use recovery counseling - family trust
104,Provide a supportive motivational-interviewing counseling response for a person experiencing substance-use problems.,It's not.,Yeah. Throwing up is never fun.,AnnoMI-derived authentic counseling turn,substance-use counseling
105,Provide a supportive motivational-interviewing counseling response for a person experiencing substance-use problems.,And that can't be a ten there's nothing as ten in life I feel. Like there's too many factors but I feel like I'm determined to.,Okay.,AnnoMI-derived authentic counseling turn,substance-use counseling
106,Provide a supportive motivational-interviewing counseling response for a person experiencing substance-use problems.,Yeah.,"So, one or two weekends a month you're in a situation where there is alcohol?",AnnoMI-derived authentic counseling turn,substance-use counseling
107,Provide a supportive motivational-interviewing counseling response for a person experiencing substance-use problems.,Yeah.,The-the availability of it is there.,AnnoMI-derived authentic counseling turn,substance-use counseling
108,Provide a supportive motivational-interviewing counseling response for a person experiencing substance-use problems.,I don't know.,"Katie, we know that many kids come to college and have a lot of stress and deal with a lot of anxiety, and we've also found that when they talk to our counselors and learn specific skills about dealing with anxiety, they do much better. Um, and it's been really successful for a lot of kids. Um, I'm wondering if you think it might be helpful for you?",AnnoMI-derived authentic counseling turn,substance-use counseling
109,Provide a supportive motivational-interviewing counseling response for a person experiencing substance-use problems.,"Oh, I think I will probably be in seven or eight. I'm-I'm pretty confident that I could stop doing this.","Mm-hmm. Well, if you think about it on a scale of 1 to 10 where 1 is really don't think you could do it at all and 10 is really confident that you could quit if you tried, where do you think you fall?",AnnoMI-derived authentic counseling turn,substance-use counseling
110,Respond as a supportive addiction counselor using motivational interviewing.,I feel like one relapse means I have failed completely.,One setback does not define your whole recovery. What did you learn from this experience that could help you make a different choice the next time you face a similar situation? Your willingness to talk about this is already a meaningful step. We can work through it gradually.,synthetic drug-recovery counseling augmentation,drug-use recovery counseling - reframing relapse
111,Provide a supportive motivational-interviewing counseling response for a person experiencing substance-use problems.,Yeah.,"So, it seems like it would be really difficult to change because it's something that's really important to you right now.",AnnoMI-derived authentic counseling turn,substance-use counseling
112,Provide a supportive motivational-interviewing counseling response for a person experiencing substance-use problems.,Mm-hmm.,"Sure. Sure. Well, it's a time to relax and you've got a lot going on.",AnnoMI-derived authentic counseling turn,substance-use counseling
113,"Give a brief, empathetic counseling response focused on recovery and safety.",I want to recover but I am afraid of what life will be like without drugs.,"That fear makes sense because recovery can involve major changes. What parts of life without drugs worry you most, and what kind of support might make those changes feel safer? If you are comfortable, we can explore what matters most to you and identify a practical next step.",synthetic drug-recovery counseling augmentation,drug-use recovery counseling - fear of recovery
114,Provide a supportive motivational-interviewing counseling response for a person experiencing substance-use problems.,"-and I mean, I just don't-- I don't wanna do that every now and now I just think it's a bit too much.",Yeah.,AnnoMI-derived authentic counseling turn,substance-use counseling
115,Provide a supportive motivational-interviewing counseling response for a person experiencing substance-use problems.,Mm-hmm.,"It takes a lot of, um, strength to still not smoke, even though you're still craving.",AnnoMI-derived authentic counseling turn,substance-use counseling
116,Provide a supportive motivational-interviewing counseling response for a person experiencing substance-use problems.,-have to-,"So, this is something that you-you-",AnnoMI-derived authentic counseling turn,substance-use counseling
117,Provide a supportive motivational-interviewing counseling response for a person experiencing substance-use problems.,"-um, stomach problems, and agitation. Yeah.",Mm-hmm.,AnnoMI-derived authentic counseling turn,substance-use counseling
118,Provide a supportive motivational-interviewing counseling response for a person experiencing substance-use problems.,"Um, well, I'm definitely not a math or science person, so I started off by there that I started looking at careers that maybe I would like. So-","Okay. Cool. And, you know, what made you decide maybe law school or-or journalism?",AnnoMI-derived authentic counseling turn,substance-use counseling
119,Respond as a supportive addiction counselor using motivational interviewing.,I have been avoiding people because I am embarrassed about my drug use.,"It sounds like embarrassment has been pushing you away from others. Is there one trusted person you would feel comfortable talking to, even if you are not ready to tell them everything? You do not have to figure everything out at once. We can focus on one manageable step.",synthetic drug-recovery counseling augmentation,drug-use recovery counseling - isolation
120,Use motivational interviewing principles to respond to this substance-use concern.,"My friends use drugs, and it makes staying sober difficult.","That environment can make recovery harder. Which people or places feel safer for you, and how might you create more distance from situations that increase the urge to use? Your willingness to talk about this is already a meaningful step. We can work through it gradually.",synthetic drug-recovery counseling augmentation,drug-use recovery counseling - social environment
121,Provide a supportive motivational-interviewing counseling response for a person experiencing substance-use problems.,"Yeah, you too.",Nice to meet you.,AnnoMI-derived authentic counseling turn,substance-use counseling
122,Respond as a supportive addiction counselor using motivational interviewing.,I have been avoiding people because I am embarrassed about my drug use.,"It sounds like embarrassment has been pushing you away from others. Is there one trusted person you would feel comfortable talking to, even if you are not ready to tell them everything?",synthetic drug-recovery counseling augmentation,drug-use recovery counseling - isolation
123,Use motivational interviewing principles to respond to this substance-use concern.,I have been using drugs again and I feel like I am losing control.,Thank you for being honest about that. It sounds like the drug use is feeling increasingly difficult to control. What would you most like to change about your situation right now? Your willingness to talk about this is already a meaningful step. We can work through it gradually.,synthetic drug-recovery counseling augmentation,drug-use recovery counseling - loss of control
124,Use motivational interviewing principles to respond to this substance-use concern.,"I am trying to change, but I do not know what triggers my drug use.","We can explore that together without judgment. Think about the moments before you usually use: where are you, who are you with, and what emotions or thoughts are present? Your willingness to talk about this is already a meaningful step. We can work through it gradually.",synthetic drug-recovery counseling augmentation,drug-use recovery counseling - trigger identification
125,Provide a supportive motivational-interviewing counseling response for a person experiencing substance-use problems.,"Right. Right, yeah. You can't have my stash. [laughs]","Right, yeah, but with cigarettes, there is a sharing. You don't see that with any other drugs?",AnnoMI-derived authentic counseling turn,substance-use counseling
126,Provide a supportive motivational-interviewing counseling response for a person experiencing substance-use problems.,"Mm-hmm. I still crave smoking, even though I've stopped.",You seem motivated to follow the rules.,AnnoMI-derived authentic counseling turn,substance-use counseling
127,Provide a supportive motivational-interviewing counseling response for a person experiencing substance-use problems.,"Oh, yes. I checked the box on your form when you asked if I use tobacco, I checked ""No,"" because I never thought of myself as a smoker.",Mm-hmm. So it's kind of surprising to you that something you've been doing and you've been doing more and more of it is actually pretty bad for you.,AnnoMI-derived authentic counseling turn,substance-use counseling
128,Provide a supportive motivational-interviewing counseling response for a person experiencing substance-use problems.,"I'll-I'll-I'll go look at all those things and-and I'll find-- I guess I'll-I'll try to find something, and-and I'll talk to my doctor about it.",I really need you to tell me that you're gonna quit smoking. This is really important.,AnnoMI-derived authentic counseling turn,substance-use counseling
129,Provide a supportive motivational-interviewing counseling response for a person experiencing substance-use problems.,"-when I start throwing up, that's not- I don't like that.",Mm-hmm.,AnnoMI-derived authentic counseling turn,substance-use counseling
130,Provide a supportive motivational-interviewing counseling response for a person experiencing substance-use problems.,"Yeah, because I know that's extremely dangerous, so.","Okay. So, that's something that you've sort of made a decision about. It sound like you—",AnnoMI-derived authentic counseling turn,substance-use counseling
131,Provide a supportive motivational-interviewing counseling response for a person experiencing substance-use problems.,"Um, depending on how much schoolwork there is When there's not, it might be like every other weekend or like three weekends out of the month or something like that.",Uh-huh So how often do you think you drink alcohol?,AnnoMI-derived authentic counseling turn,substance-use counseling
132,Respond as a supportive addiction counselor using motivational interviewing.,I want to rebuild trust with my family after my drug use.,"Rebuilding trust can take time, and your wish to repair those relationships is meaningful. What is one consistent action you could take that would show your family you are working toward recovery? You do not have to figure everything out at once. We can focus on one manageable step.",synthetic drug-recovery counseling augmentation,drug-use recovery counseling - family trust
133,Provide a supportive motivational-interviewing counseling response for a person experiencing substance-use problems.,"Um, yeah. That makes sense.","Mm-hmm, so, you know, even just hanging out around kids who are drinking a lot actually puts you at a lot more risk. Did you know that?",AnnoMI-derived authentic counseling turn,substance-use counseling
134,Provide a supportive motivational-interviewing counseling response for a person experiencing substance-use problems.,"I haven't really-- I kind of just sit in class like-- I-- my mind is elsewhere, especially on the weekends, where instead of-- I was- I was instead of studying, I caught up with my friends, trying to find where we can-- I get alcohol based on their age and stuff like that.",Mm-hmm.,AnnoMI-derived authentic counseling turn,substance-use counseling
135,Provide a supportive motivational-interviewing counseling response for a person experiencing substance-use problems.,'Cause I-I-I-,Right.,AnnoMI-derived authentic counseling turn,substance-use counseling
136,Provide a supportive motivational-interviewing counseling response for a person experiencing substance-use problems.,"Uh, any reason to? Uh, I guess health-health reasons.",Do you feel like you have any reasons to kind of bring your alcohol use down within the limits?,AnnoMI-derived authentic counseling turn,substance-use counseling
137,"Give a brief, empathetic counseling response focused on recovery and safety.",I feel like one relapse means I have failed completely.,One setback does not define your whole recovery. What did you learn from this experience that could help you make a different choice the next time you face a similar situation? There is no need to judge yourself while we explore what happened. Understanding the pattern can help you make a different choice.,synthetic drug-recovery counseling augmentation,drug-use recovery counseling - reframing relapse
138,Use motivational interviewing principles to respond to this substance-use concern.,I want to recover but I am afraid of what life will be like without drugs.,"That fear makes sense because recovery can involve major changes. What parts of life without drugs worry you most, and what kind of support might make those changes feel safer?",synthetic drug-recovery counseling augmentation,drug-use recovery counseling - fear of recovery
139,Use motivational interviewing principles to respond to this substance-use concern.,Part of me wants recovery and another part of me still wants to use.,"It is possible to have mixed feelings about recovery. What are the strongest reasons you want to stop, and what do you feel you would be giving up by stopping? There is no need to judge yourself while we explore what happened. Understanding the pattern can help you make a different choice.",synthetic drug-recovery counseling augmentation,drug-use recovery counseling - mixed feelings
140,Provide a supportive motivational-interviewing counseling response for a person experiencing substance-use problems.,"Yeah. I mean there are people that do that. I suppose it-it would be hard. I-I haven't really thought about it, I suppose. That's all it is, all I've known that scene to be, you know, 'cause I'm quite new to it, you know-",And it might be hard to be part of that scene and not to be using drugs?,AnnoMI-derived authentic counseling turn,substance-use counseling
141,Provide a supportive motivational-interviewing counseling response for a person experiencing substance-use problems.,"Uh, if you could email me that right now, that'd be great.",That's great. And how do you want to get the information on injecting?,AnnoMI-derived authentic counseling turn,substance-use counseling
142,Provide a supportive motivational-interviewing counseling response for a person experiencing substance-use problems.,Kind of.,"Sounds like you're noticing quite a few not so good things about alcohol though your mom got mad at you, you're having decreased focus, you're, kind of, not doing so well in school, maybe-",AnnoMI-derived authentic counseling turn,substance-use counseling
143,Provide a supportive motivational-interviewing counseling response for a person experiencing substance-use problems.,They're pretty good. Grades have been pretty all right. Still like 3.7 ish.,[laughs] Very fun. All right. And how are things going in school for you?,AnnoMI-derived authentic counseling turn,substance-use counseling
144,Provide a supportive motivational-interviewing counseling response for a person experiencing substance-use problems.,It's just like outside people that I don't really know that well.,Uh-huh.,AnnoMI-derived authentic counseling turn,substance-use counseling
145,Act as a recovery-support counselor and encourage reflection and a realistic next step.,I am worried about going back to my old environment after treatment.,"Returning to a familiar environment can bring strong reminders and triggers. What people, places, or routines might make recovery harder, and what support could you arrange before returning? You do not have to figure everything out at once. We can focus on one manageable step.",synthetic drug-recovery counseling augmentation,drug-use recovery counseling - aftercare
146,Provide a supportive motivational-interviewing counseling response for a person experiencing substance-use problems.,"Um, I'd really like some more information about quitting. I mean, I've heard there's some-some new medications, there are some new things that can be done to help people make quitting more comfortable and I-I really wanna quit.","Mm-hmm. So, it sounds like just to kind of summarize, you've noticed some negative effects of the smoking, you have some concerns about health effects that could occur, there's the financial aspect, and yet you feel pretty confident that you could quit if you tried. So, where do you think we should go from here?",AnnoMI-derived authentic counseling turn,substance-use counseling
147,Provide a supportive motivational-interviewing counseling response for a person experiencing substance-use problems.,"Uh, I usually go out with my friends. Uh, we'll go to the movies or we'll most likely we'll just meet up at someone's house-","Okay. Good. Very good. All right. Well, what are the kinds of things do you do for fun on weekends?",AnnoMI-derived authentic counseling turn,substance-use counseling
148,Provide a supportive motivational-interviewing counseling response for a person experiencing substance-use problems.,"Yes, thank you.","Good. So, we'll see you in a week.",AnnoMI-derived authentic counseling turn,substance-use counseling
149,Provide a supportive motivational-interviewing counseling response for a person experiencing substance-use problems.,It's not a big deal. It's just like a couple times a week to relax.,"No. No, no, no. Not at all. Um, I just wanted to ask you how it helps you and how you use it. Can you tell me a little more about how you use it?",AnnoMI-derived authentic counseling turn,substance-use counseling
150,Provide a non-judgmental counseling response to a person struggling with drug use.,"I was doing well in recovery, but I had a relapse.",A relapse does not erase the progress you made. Would you be willing to look at what was happening before the relapse so you can identify what might help next time? There is no need to judge yourself while we explore what happened. Understanding the pattern can help you make a different choice.,synthetic drug-recovery counseling augmentation,drug-use recovery counseling - relapse
151,Provide a supportive motivational-interviewing counseling response for a person experiencing substance-use problems.,"Yeah. Yeah. Like I don't- I don't want to screw anything up with this baby, but, um, yeah, I'm just- I'm scared I already did.",And you're feeling kind of concerned about that.,AnnoMI-derived authentic counseling turn,substance-use counseling
152,Provide a supportive motivational-interviewing counseling response for a person experiencing substance-use problems.,"Yeah, yeah, I think when I'm feeling a little- a little better. Maybe when I haven't gone all out the-the night before and sprained my ankle.",Is this something you would be willing to explore with me a little further at another time maybe when you're feeling a little bit better? Is this something you'd be willing to come back and talk to me about?,AnnoMI-derived authentic counseling turn,substance-use counseling
153,Provide a supportive motivational-interviewing counseling response for a person experiencing substance-use problems.,"Um, honestly, it's probably been over the past year or so that I- I've been smoking a little bit more.",Okay. And that's changed over what period of time?,AnnoMI-derived authentic counseling turn,substance-use counseling
154,Provide a supportive motivational-interviewing counseling response for a person experiencing substance-use problems.,Yeah.,Might become a better friend when you quit.,AnnoMI-derived authentic counseling turn,substance-use counseling
155,Provide a supportive motivational-interviewing counseling response for a person experiencing substance-use problems.,"Um, you know I'd be-- I've heard a little bit about them, but I mean I do know some people, but they're not exactly reliable, um, as far as you know really having a desire and sticking to it that they smoke on the patch and-and then it causes this you know extreme, you know? Like you're getting double the nicotine or whatever so it's almost like they're getting a buzz from it you know so that's my fear and the cost of the patch because it's not covered you know through your, um, your- your insurance and the Nicorette same thing it's very expensive you know. And I'm not really a gum sure but here I am because—","The other thing is its a slight stimulatory effect and when people go off nicotine which is a stimulant the-they tend to get pretty tired overheard-- you know it's the opposite of however the nicotine makes them feel. And the Wellbutrin kind of with stimul-- you know stimulatory enough. [crosstalk] [unintelligible 00:05:56] And I-- the last I've read, and I've not kept real current about it, but I'm wondering about the-- what your thoughts are if any about the-- any of the nicotine replacements like the gum patch, the inhaler.",AnnoMI-derived authentic counseling turn,substance-use counseling
156,Provide a supportive motivational-interviewing counseling response for a person experiencing substance-use problems.,I would say a four.,"You'd say an eight. Okay. And on a scale of 1 to 10, how confident are you at the present time that you can drink below risk levels?",AnnoMI-derived authentic counseling turn,substance-use counseling
157,Provide a supportive motivational-interviewing counseling response for a person experiencing substance-use problems.,Right.,"But it's not something that you wanna make a habit of becoming reliant on, or dependent?",AnnoMI-derived authentic counseling turn,substance-use counseling
158,Provide a supportive motivational-interviewing counseling response for a person experiencing substance-use problems.,"Uh, sure, uh, as long as we don't talk too much about like vodka 'cause I'm still, ugh, a little—","No, I guess that that would be the end of your, uh, shaking and moving. I know-- I wonder if you'd be open to exploring your alcohol use and what that looks like during the week.",AnnoMI-derived authentic counseling turn,substance-use counseling
159,Provide a supportive motivational-interviewing counseling response for a person experiencing substance-use problems.,"I mean, this has been really uncomfortable, you know, gonorrhea is a really bad experience. And, uM, I know I don't think the same, you know, when I'm- when I'm on it. And, uh, I mean, what I have is bad enough, I could easily get AIDS. I could get HIV the same way. So that scares me a lot. That's why it's higher than a one or two.",Why not a one or a two?,AnnoMI-derived authentic counseling turn,substance-use counseling
160,Respond as a supportive addiction counselor using motivational interviewing.,"I can stay away from drugs for a while, then the cravings become strong.","You have already shown that you can stay away for periods of time. What usually happens just before a craving becomes strongest, and what has helped you get through a craving safely? Your willingness to talk about this is already a meaningful step. We can work through it gradually.",synthetic drug-recovery counseling augmentation,drug-use recovery counseling - cravings
161,Provide a supportive motivational-interviewing counseling response for a person experiencing substance-use problems.,"I'm not really into that whole scene, so, it's-it's not gonna bedifficult for me.",Mm-hmm.,AnnoMI-derived authentic counseling turn,substance-use counseling
162,Provide a supportive motivational-interviewing counseling response for a person experiencing substance-use problems.,"Like, uh, I don't like- have like a bibliography or anything.","Mm-hmm. You mentioned you looked up some articles and it sounds like evidence is really important to you. So, um, those articles, is that something recent? Um, you can tell me about that.",AnnoMI-derived authentic counseling turn,substance-use counseling
163,Provide a supportive motivational-interviewing counseling response for a person experiencing substance-use problems.,"Um, I'm definitely it's not-- I think I could probably do it. It's just- it-it comes hard when you're, like, in that moment. You're around your friends and they're drinking and you don't wanna be- you don't wanna be the mom at that moment. You wanna be yourself. You wanna be who you were before.","And you really wanna do what's best for your babe. And kind of wondering, um, how to move forward from here, is that where you wanna, you know, kind of focus in on, or what are your thoughts about giving up drinking altogether?",AnnoMI-derived authentic counseling turn,substance-use counseling
164,Use motivational interviewing principles to respond to this substance-use concern.,"I want to make healthier choices, but I feel stuck.",Feeling stuck can make change seem overwhelming. What is one small change that feels realistic this week and could move you a little closer to the life you want?,synthetic drug-recovery counseling augmentation,drug-use recovery counseling - small steps
165,Provide a non-judgmental counseling response to a person struggling with drug use.,I want to recover but I am afraid of what life will be like without drugs.,"That fear makes sense because recovery can involve major changes. What parts of life without drugs worry you most, and what kind of support might make those changes feel safer? Your willingness to talk about this is already a meaningful step. We can work through it gradually.",synthetic drug-recovery counseling augmentation,drug-use recovery counseling - fear of recovery
166,Provide a supportive motivational-interviewing counseling response for a person experiencing substance-use problems.,Yeah. Probably. And I'm also feeling like it's too late. I already screwed it up.,"So, for you, you're feeling like once the baby comes and actually in your arms, then things are going to change, but right now, while you're pregnant, you're thinking, ""I can kind of hang out in both worlds a little bit,"" but part of you may be thinking maybe that's not the case. It's time to go to the mom world maybe.",AnnoMI-derived authentic counseling turn,substance-use counseling
167,Provide a supportive motivational-interviewing counseling response for a person experiencing substance-use problems.,That would be really nice.,Sure. It feels like something that would take up a lot of time and maybe not fit into your life. I wonder if we could talk about some options that might fit into your life.,AnnoMI-derived authentic counseling turn,substance-use counseling
168,Provide a supportive motivational-interviewing counseling response for a person experiencing substance-use problems.,-so I find it like acceptable in that regard.,Mm-hmm.,AnnoMI-derived authentic counseling turn,substance-use counseling
169,Provide a supportive motivational-interviewing counseling response for a person experiencing substance-use problems.,"Yeah, and I don't wanna be like that.",You're wondering if they're gonna kind of be like children and you're gonna be like the parent saying-,AnnoMI-derived authentic counseling turn,substance-use counseling
170,Provide a non-judgmental counseling response to a person struggling with drug use.,I am worried about going back to my old environment after treatment.,"Returning to a familiar environment can bring strong reminders and triggers. What people, places, or routines might make recovery harder, and what support could you arrange before returning? There is no need to judge yourself while we explore what happened. Understanding the pattern can help you make a different choice.",synthetic drug-recovery counseling augmentation,drug-use recovery counseling - aftercare
171,Provide a supportive motivational-interviewing counseling response for a person experiencing substance-use problems.,I'll still have a job.,"Okay. Um, so can you talk to me a little bit about, um, maybe where you wanna be 90 days from now? What do you want your life to look like?",AnnoMI-derived authentic counseling turn,substance-use counseling
172,Provide a supportive motivational-interviewing counseling response for a person experiencing substance-use problems.,Yep.,"What else? Are the-the-the-the problem of around the use of money, you know, the choices that you make around money, and the meth use has taken up quite a lot of the money-",AnnoMI-derived authentic counseling turn,substance-use counseling
173,Provide a supportive motivational-interviewing counseling response for a person experiencing substance-use problems.,"Tobacco. Well, I don't smoke cigarettes. I've never smoked cigarettes. I do go out with my friends. Um, you know, we go out to bars and, you know, we'll have a few drinks and smoke some of those little cigarillo-type things. I mean I wouldn't even think of them as cigars and they're certainly not cigarettes. Um, and I mean I'll have one or two of those in an evening with, uh, with my friends but certainly not 20 or 30 of them a day like you would with cigarettes and that's the only thing that could possibly have anything to do with tobacco.","Yeah, it is. It's some damage to the roof of your mouth that happens from tobacco smoking and so I'm wondering if you can tell me a little bit how-- about how tobacco fits in your life right now.",AnnoMI-derived authentic counseling turn,substance-use counseling
174,Use motivational interviewing principles to respond to this substance-use concern.,I am scared that my drug use is damaging my relationships.,"It sounds like your relationships are very important to you. How has your drug use affected the people you care about, and what change would you most like them to see? You do not have to figure everything out at once. We can focus on one manageable step.",synthetic drug-recovery counseling augmentation,drug-use recovery counseling - relationships
175,"Give a brief, empathetic counseling response focused on recovery and safety.",I feel ashamed because I promised myself I would stop.,It sounds like you are carrying a lot of shame. You deserve support rather than judgment. What would be one compassionate and realistic step you could take toward recovery today? There is no need to judge yourself while we explore what happened. Understanding the pattern can help you make a different choice.,synthetic drug-recovery counseling augmentation,drug-use recovery counseling - shame
176,Provide a supportive motivational-interviewing counseling response for a person experiencing substance-use problems.,"Yeah, like, I'm- I'm still, like, I'm only in my 20s, and-and for everyone else, it's like, ""Okay, it's party time,"" and now I kind of have to, like, break out of that.",-drinking and your friends are-,AnnoMI-derived authentic counseling turn,substance-use counseling
177,Provide a supportive motivational-interviewing counseling response for a person experiencing substance-use problems.,I'd say an eight.,"If I gave you a scale from 0 to 10, 0 being not ready at all to cut back on drinking and 10 being very ready, what number would you be at?",AnnoMI-derived authentic counseling turn,substance-use counseling
178,Provide a supportive motivational-interviewing counseling response for a person experiencing substance-use problems.,Yes.,You're doing the best you can do.,AnnoMI-derived authentic counseling turn,substance-use counseling
179,Respond as a supportive addiction counselor using motivational interviewing.,I want to recover but I am afraid of what life will be like without drugs.,"That fear makes sense because recovery can involve major changes. What parts of life without drugs worry you most, and what kind of support might make those changes feel safer? You do not have to figure everything out at once. We can focus on one manageable step.",synthetic drug-recovery counseling augmentation,drug-use recovery counseling - fear of recovery
180,Respond as a supportive addiction counselor using motivational interviewing.,I feel ashamed because I promised myself I would stop.,It sounds like you are carrying a lot of shame. You deserve support rather than judgment. What would be one compassionate and realistic step you could take toward recovery today? Your willingness to talk about this is already a meaningful step. We can work through it gradually.,synthetic drug-recovery counseling augmentation,drug-use recovery counseling - shame
181,"Give a brief, empathetic counseling response focused on recovery and safety.","I was doing well in recovery, but I had a relapse.",A relapse does not erase the progress you made. Would you be willing to look at what was happening before the relapse so you can identify what might help next time? You do not have to figure everything out at once. We can focus on one manageable step.,synthetic drug-recovery counseling augmentation,drug-use recovery counseling - relapse
182,Provide a supportive motivational-interviewing counseling response for a person experiencing substance-use problems.,Yeah.,So smoking pot doesn't help you feel more socially comfortable with your peers and it increases your stress because you're worried about your family and legal consequences?,AnnoMI-derived authentic counseling turn,substance-use counseling
183,Provide a supportive motivational-interviewing counseling response for a person experiencing substance-use problems.,I guess I've kind of built it up over the years.,Mm-hmm.,AnnoMI-derived authentic counseling turn,substance-use counseling
184,Provide a supportive motivational-interviewing counseling response for a person experiencing substance-use problems.,"-you can't even finish your cigarette, um, because you have to be back within a certain amount of time and it takes you, like, let's say seven minutes to get to the place where you can smoke and seven minutes to get back-",Mm-hmm.,AnnoMI-derived authentic counseling turn,substance-use counseling
185,Provide a supportive motivational-interviewing counseling response for a person experiencing substance-use problems.,Sounds like it to me.,Yeah. Yeah. So you've got some good reasons to try to cut back a little bit.,AnnoMI-derived authentic counseling turn,substance-use counseling
186,Provide a supportive motivational-interviewing counseling response for a person experiencing substance-use problems.,"Yeah. There are kids that drink a lot more than I do. Definitely, yeah.","Okay. What about at these parties you're going to, are there other kids there who are drinking a lot?",AnnoMI-derived authentic counseling turn,substance-use counseling
187,Provide a supportive motivational-interviewing counseling response for a person experiencing substance-use problems.,It's actually been a fabulous week.,You've really had a good week.,AnnoMI-derived authentic counseling turn,substance-use counseling
188,Provide a supportive motivational-interviewing counseling response for a person experiencing substance-use problems.,Yeah.,"Mm-hmm, that's some really significant steps you're talking about. You're talking about putting the alcohol away, that's huge. That's-that's really big steps.",AnnoMI-derived authentic counseling turn,substance-use counseling
189,Provide a supportive motivational-interviewing counseling response for a person experiencing substance-use problems.,"Um, yeah, I mean, it's not, like, a really big part of my life, so.","Mm-hmm. So, do you think you can quit?",AnnoMI-derived authentic counseling turn,substance-use counseling
190,Provide a supportive motivational-interviewing counseling response for a person experiencing substance-use problems.,Okay.,So I wrote a prescription for antibiotics for Aiden.,AnnoMI-derived authentic counseling turn,substance-use counseling
191,Respond as a supportive addiction counselor using motivational interviewing.,"My family keeps telling me to get help, but I do not know where to start.",Reaching out can be a strong first step. Would you be open to talking with a qualified addiction counselor or healthcare professional about support options that fit your situation? There is no need to judge yourself while we explore what happened. Understanding the pattern can help you make a different choice.,synthetic drug-recovery counseling augmentation,drug-use recovery counseling - professional help
192,Provide a supportive motivational-interviewing counseling response for a person experiencing substance-use problems.,"Um, I really can't control what they do, but I'll definitely try to get my closest friends to maybe stop like I will.","Okay, and then what about your friends who are still drinking?",AnnoMI-derived authentic counseling turn,substance-use counseling
193,Provide a supportive motivational-interviewing counseling response for a person experiencing substance-use problems.,"Um, a lot of times, it'll make- it'll make people stupid. [laughs] Yeah, you know, people make dumb decisions and things like that. We-we usually try to be as safe about it","Okay. So sort of in the-the too much drinking or-or at times, can you tell me some of the less good things or not so good things about alcohol?",AnnoMI-derived authentic counseling turn,substance-use counseling
194,Provide a supportive motivational-interviewing counseling response for a person experiencing substance-use problems.,I think I-,"Okay. Well, how confident are you that you could cut down if you wanted to-",AnnoMI-derived authentic counseling turn,substance-use counseling
195,Respond as a supportive addiction counselor using motivational interviewing.,"I want to stop using drugs, but I keep going back to them.","It sounds like you genuinely want to stop, while something keeps pulling you back. What do you think makes stopping especially difficult for you? There is no need to judge yourself while we explore what happened. Understanding the pattern can help you make a different choice.",synthetic drug-recovery counseling augmentation,drug-use recovery counseling - ambivalence
196,Provide a supportive motivational-interviewing counseling response for a person experiencing substance-use problems.,I guess- I guess more problems with police and school and I really don't have like the time or the money for any of that.,"Sounds like you attribute your current situation to bad luck. If that's what you believe and you don't attempt to make any change in your behavior, what consequences might result?",AnnoMI-derived authentic counseling turn,substance-use counseling
197,Provide a supportive motivational-interviewing counseling response for a person experiencing substance-use problems.,"Yeah, like, I should probably have trusted my gut.",And then there's this other part of you that's- was thinking maybe it's not okay.,AnnoMI-derived authentic counseling turn,substance-use counseling
198,Provide a supportive motivational-interviewing counseling response for a person experiencing substance-use problems.,Perfect. Nice.,All right. Great. So I'll-I'll plan to see you then in a few more weeks.,AnnoMI-derived authentic counseling turn,substance-use counseling
199,"Give a brief, empathetic counseling response focused on recovery and safety.",I feel like one relapse means I have failed completely.,"One setback does not define your whole recovery. What did you learn from this experience that could help you make a different choice the next time you face a similar situation? If you are comfortable, we can explore what matters most to you and identify a practical next step.",synthetic drug-recovery counseling augmentation,drug-use recovery counseling - reframing relapse
200,Provide a supportive motivational-interviewing counseling response for a person experiencing substance-use problems.,It's the same thing.,"So when you see it here in kind of black and white, you're not sure if this is, uh, you know, enough-",AnnoMI-derived authentic counseling turn,substance-use counseling
201,Provide a supportive motivational-interviewing counseling response for a person experiencing substance-use problems.,Have a few glasses of wine.,Mm-hmm.,AnnoMI-derived authentic counseling turn,substance-use counseling
202,Provide a supportive motivational-interviewing counseling response for a person experiencing substance-use problems.,"Well, I had no idea that it was such a big deal. I-I didn't think it would have anything to do with Jake getting sick or, you know, hurting him.","No, wait a minute. That has everything to do with what we're talking about. I can't believe at the end of this appointment, you're just slipping in the fact that you've resumed smoking again. That's very, very important information for me to know. And I'd like to spend some time talking about it now.",AnnoMI-derived authentic counseling turn,substance-use counseling
203,Provide a supportive motivational-interviewing counseling response for a person experiencing substance-use problems.,"Um, it was a good amount. It was the first time I ever drank and it was like three or four cups, but it was mixing different things.",Yeah.,AnnoMI-derived authentic counseling turn,substance-use counseling
204,"Give a brief, empathetic counseling response focused on recovery and safety.","I am trying to change, but I do not know what triggers my drug use.","We can explore that together without judgment. Think about the moments before you usually use: where are you, who are you with, and what emotions or thoughts are present? If you are comfortable, we can explore what matters most to you and identify a practical next step.",synthetic drug-recovery counseling augmentation,drug-use recovery counseling - trigger identification
205,Provide a supportive motivational-interviewing counseling response for a person experiencing substance-use problems.,"I'm really concerned, I mean, I don't want to, um, develop cancer, lung cancer, or any of the awful things that happen from smoking, and, you know, really, until this conversation, I never really thought of myself as a smoker at all. So-",Mm-hmm. What do you kind of make of that now that you realize that you're actually a tobacco user and that you might actually be causing some pretty se-serious health effects.,AnnoMI-derived authentic counseling turn,substance-use counseling
206,Provide a supportive motivational-interviewing counseling response for a person experiencing substance-use problems.,"Oh, well. Well, then I guess that could be a problem.","Mm-hmm. Yeah, it can sometimes.",AnnoMI-derived authentic counseling turn,substance-use counseling
207,Provide a supportive motivational-interviewing counseling response for a person experiencing substance-use problems.,Mm-hmm.,"Okay, yeah. Well, it’s great that you’re able to identify, you know, what’s going on at the moment and you've-- not only know that, you almost picked up on a bit of a pattern too you're in-",AnnoMI-derived authentic counseling turn,substance-use counseling
208,Provide a supportive motivational-interviewing counseling response for a person experiencing substance-use problems.,-felt a bit weird.,Alright.,AnnoMI-derived authentic counseling turn,substance-use counseling
209,Provide a supportive motivational-interviewing counseling response for a person experiencing substance-use problems.,"Well, I really don't want any STDs and I don't like wondering whether I have one or not.",Very ready to stop drinking too much. Why do you think you picked such a high number like nine rather than a lower number like a six or a seven?,AnnoMI-derived authentic counseling turn,substance-use counseling
210,Provide a supportive motivational-interviewing counseling response for a person experiencing substance-use problems.,"I would really like a little bit of information on, uh, injecting in my arm.",Anything else you want to do about your use?,AnnoMI-derived authentic counseling turn,substance-use counseling
211,Provide a supportive motivational-interviewing counseling response for a person experiencing substance-use problems.,Right.,So staying in school and playing on the basketball team is important to you?,AnnoMI-derived authentic counseling turn,substance-use counseling
212,Provide a supportive motivational-interviewing counseling response for a person experiencing substance-use problems.,"Well, you know, I-I was doing perfectly well. It was just when I went out with my friends and, you know, usually, I'm fine with the cravings. It's just when I have a glass of wine at the end of the day. And if I have more than two or three, I just get that craving for a cigarette. And if I have cigarettes in the house, it just happens. You know, I'm doing pretty good.","Come on, Hailey. You're here because you thought he had pneumonia. You're telling me that Jake can't breathe, you're concerned about his breathing. And then you just slip in the fact that you're smoking cigarettes and you think there's no relationship? Do I really need to review all the risks of smoking in front of your-your child or exposing him to secondhand smoke not to mention the risks that you're posing to yourself and your own health?",AnnoMI-derived authentic counseling turn,substance-use counseling
213,Provide a supportive motivational-interviewing counseling response for a person experiencing substance-use problems.,I can probably hang out with some of my friends who don't drink or inviting them to parties and having fun 'cause not everyone drinks at parties.,Anything else to make things easier for you?,AnnoMI-derived authentic counseling turn,substance-use counseling
214,Provide a supportive motivational-interviewing counseling response for a person experiencing substance-use problems.,"Okay. Well, what are my options? You know, assuming that I'm right, what are my options?",-oral diseases.,AnnoMI-derived authentic counseling turn,substance-use counseling
215,Provide a supportive motivational-interviewing counseling response for a person experiencing substance-use problems.,Sure.,Great. I'd be interested to see how well you do on your goal in the next few weeks. Would you be willing to come back and talk to me about it?,AnnoMI-derived authentic counseling turn,substance-use counseling
216,Provide a supportive motivational-interviewing counseling response for a person experiencing substance-use problems.,Yeah.,That would be a concern for them as well as for you now.,AnnoMI-derived authentic counseling turn,substance-use counseling
217,Use motivational interviewing principles to respond to this substance-use concern.,Part of me wants recovery and another part of me still wants to use.,"It is possible to have mixed feelings about recovery. What are the strongest reasons you want to stop, and what do you feel you would be giving up by stopping? Your willingness to talk about this is already a meaningful step. We can work through it gradually.",synthetic drug-recovery counseling augmentation,drug-use recovery counseling - mixed feelings
218,Provide a supportive motivational-interviewing counseling response for a person experiencing substance-use problems.,Yeah.,"Okay. So, that might be good, is really just to focus more on band. Um, because you know, the other big concern I have for you is if you wanna go to medical school, you're not ever gonna get into medical school if you're drinking like this.",AnnoMI-derived authentic counseling turn,substance-use counseling
219,Provide a supportive motivational-interviewing counseling response for a person experiencing substance-use problems.,Yeah.,"Let's just come back to another thing, uh, that we were talking about a little bit earlier, and it's around your meth use as well and-and-and with your gay friends, with gay lifestyle. And-and that sounds like you're saying that-that-that when you party, when you go into the clubs, when you're being with friends that the meth use is always there?",AnnoMI-derived authentic counseling turn,substance-use counseling
220,Provide a supportive motivational-interviewing counseling response for a person experiencing substance-use problems.,"Yeah. You know, I have a two-year-old son, and then, I work full-time. And, I also started going back to school. So, you know, just trying to juggle all that stuff. You know, it's tiring, and so, you know, at the end of the day, I just- I wanna relax and enjoy myself.",Sort of escape from your hectic schedule.,AnnoMI-derived authentic counseling turn,substance-use counseling
221,Provide a supportive motivational-interviewing counseling response for a person experiencing substance-use problems.,"Um, no, not really. Like I said, I don't drink that much-","Okay. Uh, anything else?",AnnoMI-derived authentic counseling turn,substance-use counseling
222,Respond as a supportive addiction counselor using motivational interviewing.,I have been avoiding people because I am embarrassed about my drug use.,"It sounds like embarrassment has been pushing you away from others. Is there one trusted person you would feel comfortable talking to, even if you are not ready to tell them everything? If you are comfortable, we can explore what matters most to you and identify a practical next step.",synthetic drug-recovery counseling augmentation,drug-use recovery counseling - isolation
223,Provide a supportive motivational-interviewing counseling response for a person experiencing substance-use problems.,"-and I had already been drinking then. Um, I've been really trying not to, but, you know, weekends come around, and, um, all my friends are kind of partying and stuff, and it's been hard to, like, break that habit.",Okay.,AnnoMI-derived authentic counseling turn,substance-use counseling
224,Provide a supportive motivational-interviewing counseling response for a person experiencing substance-use problems.,"Yeah, absolutely.","So, you're happy with the date for [unintelligible 00:06:16]?",AnnoMI-derived authentic counseling turn,substance-use counseling
225,Provide a supportive motivational-interviewing counseling response for a person experiencing substance-use problems.,Yeah.,"Thanks for coming in. Um, so, I'm not sure how much you know already about sort of what you're doing here. If it's okay, I'll give you a little rundown.",AnnoMI-derived authentic counseling turn,substance-use counseling
226,Provide a supportive motivational-interviewing counseling response for a person experiencing substance-use problems.,"And try to, you know, let loose but still be in control of my behavior so I'm not gonna go somewhere with a person I met-",Mm-hmm.,AnnoMI-derived authentic counseling turn,substance-use counseling
227,Provide a supportive motivational-interviewing counseling response for a person experiencing substance-use problems.,"I guess I could use those numbers, and I can't make any promises, but I could try to drink less than three in a night and less than seven in a week.",Okay. So to what levels do you think you could do that? Where-where would you wanna go with your drinking?,AnnoMI-derived authentic counseling turn,substance-use counseling
228,Provide a supportive motivational-interviewing counseling response for a person experiencing substance-use problems.,"Definitely my parents, um, and I probably need to, uh, go and meet some other-other people who are maybe, you know, having kids too so that I can see, like how it's done 'cause like, I only have a younger brother who's like not-not even close to that. So I don't really have anyone in my life that I know that's had kids recently. So I-I would like to meet other, you know, young moms out there who, you know, are kind of struggling with the same stuff I am.","It's not easy to be in that world and also having that constant reminder that the baby is coming and this baby is saying, ""I want this better life,"" and you want to give the baby a better life too. Who can support you, do you think when-when you look around who's in your circle right now, who do you think can support you in moving towards path B?",AnnoMI-derived authentic counseling turn,substance-use counseling
229,Provide a non-judgmental counseling response to a person struggling with drug use.,I have been avoiding people because I am embarrassed about my drug use.,"It sounds like embarrassment has been pushing you away from others. Is there one trusted person you would feel comfortable talking to, even if you are not ready to tell them everything? Your willingness to talk about this is already a meaningful step. We can work through it gradually.",synthetic drug-recovery counseling augmentation,drug-use recovery counseling - isolation
230,Provide a non-judgmental counseling response to a person struggling with drug use.,"I am trying to change, but I do not know what triggers my drug use.","We can explore that together without judgment. Think about the moments before you usually use: where are you, who are you with, and what emotions or thoughts are present? You do not have to figure everything out at once. We can focus on one manageable step.",synthetic drug-recovery counseling augmentation,drug-use recovery counseling - trigger identification
231,Provide a supportive motivational-interviewing counseling response for a person experiencing substance-use problems.,Yeah.,"Uh-huh. Okay. So, on the one side, some of the fun things associated with alcohol are people are just more relaxed, sorta, um, carefree can kind of let loose a little bit more, on-on the other hand, there's a little bit more, I guess, planning involved-",AnnoMI-derived authentic counseling turn,substance-use counseling
232,Provide a supportive motivational-interviewing counseling response for a person experiencing substance-use problems.,"That'd be great, yeah, please.","It's so interesting because there's immediate feedback. I mean, that's immediate feedback. Um, so we're- we're talking about quitting or here quitting completely. What thoughts do you have? You tried the Chan- the Chantix, meditation, you like that so, um, I can run some ideas that some other clients have used [crosstalk]-",AnnoMI-derived authentic counseling turn,substance-use counseling
233,Provide a supportive motivational-interviewing counseling response for a person experiencing substance-use problems.,Yeah.,"But on the other hand, it does sound like there are things that you- that you value that you don't want the drinking to interfere with.",AnnoMI-derived authentic counseling turn,substance-use counseling
234,Provide a supportive motivational-interviewing counseling response for a person experiencing substance-use problems.,"I mean, I would like to talk about, you know, my stress, but I'm still not sure with the whole drinking thing.","You've indicated that your alcohol consumption is a bit higher than that, putting you at risk. So that's why I asked if you'd be willing to talk to Dr. Kirtley.",AnnoMI-derived authentic counseling turn,substance-use counseling
235,Respond as a supportive addiction counselor using motivational interviewing.,Part of me wants recovery and another part of me still wants to use.,"It is possible to have mixed feelings about recovery. What are the strongest reasons you want to stop, and what do you feel you would be giving up by stopping?",synthetic drug-recovery counseling augmentation,drug-use recovery counseling - mixed feelings
236,Provide a supportive motivational-interviewing counseling response for a person experiencing substance-use problems.,Mm-hmm.,"Well, you know, one good option would be to just review with them review with them all the bad things about alcohol. You can say, you know, ""I thought about it, and I realized it's gonna mess up my schoolwork. And you know, it's really a lot of risk for my health."" ""I don't want to become an alcoholic."" Um, you know, ""I don't want to get liver disease."", ""I don't want to end up driving drunk or getting into accidents-",AnnoMI-derived authentic counseling turn,substance-use counseling
237,Provide a non-judgmental counseling response to a person struggling with drug use.,"I can stay away from drugs for a while, then the cravings become strong.","You have already shown that you can stay away for periods of time. What usually happens just before a craving becomes strongest, and what has helped you get through a craving safely? If you are comfortable, we can explore what matters most to you and identify a practical next step.",synthetic drug-recovery counseling augmentation,drug-use recovery counseling - cravings
238,Provide a supportive motivational-interviewing counseling response for a person experiencing substance-use problems.,"I do all the above, yeah.","-coffee, tea. Yeah, you've heard this before, I'm sure.",AnnoMI-derived authentic counseling turn,substance-use counseling
239,Provide a supportive motivational-interviewing counseling response for a person experiencing substance-use problems.,"Or, even if it's not a party, like a small social gathering, maybe there'll be like a few beers around-",Uh-huh.,AnnoMI-derived authentic counseling turn,substance-use counseling
240,Provide a supportive motivational-interviewing counseling response for a person experiencing substance-use problems.,Yeah.,"Okay. Well, so, you know, as someone who's not 21 yet, it is-- Underage drinking is something that's not legal-",AnnoMI-derived authentic counseling turn,substance-use counseling
241,Provide a supportive motivational-interviewing counseling response for a person experiencing substance-use problems.,Yeah.,That’s what it seems like.,AnnoMI-derived authentic counseling turn,substance-use counseling
242,Provide a supportive motivational-interviewing counseling response for a person experiencing substance-use problems.,Yeah.,"Oh wow, it was-",AnnoMI-derived authentic counseling turn,substance-use counseling
243,Provide a supportive motivational-interviewing counseling response for a person experiencing substance-use problems.,Sounds good.,"Okay. Well, I like to give this handout to patients. Uh, it defines risky drinking, it talks about what the consequences are, uh, and it also lists signs of what an alcohol use disorder is. So thanks again for taking the time to fill this out and being honest with me, uh, to talk about it. I provide better care, uh, when I know about my patient's substance use. When we come back for a three-month follow-up appointment for your ADHD, I'd also like to talk to you and check in about your alcohol use too, if that's okay with you.",AnnoMI-derived authentic counseling turn,substance-use counseling
244,Provide a supportive motivational-interviewing counseling response for a person experiencing substance-use problems.,Mm-hmm. This is not what I want for my life.,You feel like you've been a disappointment for them.,AnnoMI-derived authentic counseling turn,substance-use counseling
245,Provide a supportive motivational-interviewing counseling response for a person experiencing substance-use problems.,"You know am I-- You go in- you go into places, interesting places, but you know, I could just as well have saved that money and actually gone to interesting places I suppose. But I don't know. I wonder if it- if-if it's having an effect. I-I don't know. I can't say for sure, but maybe it's not so good for the face, I dunno. [crosstalk] Dunno if I look tired or-or run down or-",Hmm. Hmm.,AnnoMI-derived authentic counseling turn,substance-use counseling
246,Use motivational interviewing principles to respond to this substance-use concern.,"I want to make healthier choices, but I feel stuck.",Feeling stuck can make change seem overwhelming. What is one small change that feels realistic this week and could move you a little closer to the life you want? There is no need to judge yourself while we explore what happened. Understanding the pattern can help you make a different choice.,synthetic drug-recovery counseling augmentation,drug-use recovery counseling - small steps
247,Provide a supportive motivational-interviewing counseling response for a person experiencing substance-use problems.,Hi. Thank you.,"Hi, Andrea, thanks for coming in.",AnnoMI-derived authentic counseling turn,substance-use counseling
248,Provide a supportive motivational-interviewing counseling response for a person experiencing substance-use problems.,"I don't want that biting me in the butt, [chuckles] in the back.",Mm-hmm.,AnnoMI-derived authentic counseling turn,substance-use counseling
249,Respond as a supportive addiction counselor using motivational interviewing.,I am worried that I will never be able to stay in recovery.,"It sounds like you are worried about your ability to maintain recovery. What is one time when you managed a difficult situation without using, and what helped you then?",synthetic drug-recovery counseling augmentation,drug-use recovery counseling - confidence
250,Provide a supportive motivational-interviewing counseling response for a person experiencing substance-use problems.,Like my liver doesn't work by the time I'm like 22.,Right.,AnnoMI-derived authentic counseling turn,substance-use counseling
251,Provide a supportive motivational-interviewing counseling response for a person experiencing substance-use problems.,"Uh, maybe. Maybe it's just my general sort of state. Um,I dunno, sometimes I suppose just kind of weighs on my mind a little bit like, ""What am I doing or why am I spending my money on this?"" I mean, when it's happening, it's like, this is amazing.",The drug may have had an effect on that?,AnnoMI-derived authentic counseling turn,substance-use counseling
252,Provide a supportive motivational-interviewing counseling response for a person experiencing substance-use problems.,"Yeah. I mean, I can just tell my friends-- My pa-- My friends aren't really that pressuring.","Okay. Um, do you feel pretty confident that you could just stop completely?",AnnoMI-derived authentic counseling turn,substance-use counseling
253,Provide a supportive motivational-interviewing counseling response for a person experiencing substance-use problems.,"Well, doctor, I-I made an appointment with you finally, because I was diagnosed over three months ago with a pulmonary disease, COPD.",How can I help you today?,AnnoMI-derived authentic counseling turn,substance-use counseling
254,Provide a supportive motivational-interviewing counseling response for a person experiencing substance-use problems.,"Three to four, five.","Okay. And on a regular night, how much do you-- how many glasses of wine would you guess you drink?",AnnoMI-derived authentic counseling turn,substance-use counseling
255,Provide a supportive motivational-interviewing counseling response for a person experiencing substance-use problems.,"Thanks, doc.","Um, and so thanks for- thanks for taking a couple of minutes and talking about smoking.",AnnoMI-derived authentic counseling turn,substance-use counseling
256,"Give a brief, empathetic counseling response focused on recovery and safety.","My family keeps telling me to get help, but I do not know where to start.",Reaching out can be a strong first step. Would you be open to talking with a qualified addiction counselor or healthcare professional about support options that fit your situation? There is no need to judge yourself while we explore what happened. Understanding the pattern can help you make a different choice.,synthetic drug-recovery counseling augmentation,drug-use recovery counseling - professional help
257,Provide a supportive motivational-interviewing counseling response for a person experiencing substance-use problems.,Yeah.,"Okay. So it sounds like you have a lot of reasons why you'd like to quit. You have been successful quitting in the past, and right now you're just feeling a little bit hesitant about your ability to do it?",AnnoMI-derived authentic counseling turn,substance-use counseling
258,Provide a supportive motivational-interviewing counseling response for a person experiencing substance-use problems.,Yeah.,"Okay, sounds like this is really important to you. You want to make this happen.",AnnoMI-derived authentic counseling turn,substance-use counseling
259,Provide a supportive motivational-interviewing counseling response for a person experiencing substance-use problems.,"-have a cigarette and talk. That's how you make friends. A lot of people, um, we're like a little group now, we're all- a little bunch of us.",Sure.,AnnoMI-derived authentic counseling turn,substance-use counseling
260,Provide a supportive motivational-interviewing counseling response for a person experiencing substance-use problems.,"Mm-hmm, yeah. Yeah. So I guess when I put it that way, it does sound quite a lot, but it doesn't feel a lot, you know? If you know what I mean?",This is meth you're talking about? A couple of times a week?,AnnoMI-derived authentic counseling turn,substance-use counseling
261,Provide a supportive motivational-interviewing counseling response for a person experiencing substance-use problems.,"-of, ""Oh, they're gonna think I look stupid.""",Mm-hmm.,AnnoMI-derived authentic counseling turn,substance-use counseling
262,Provide a supportive motivational-interviewing counseling response for a person experiencing substance-use problems.,"Yeah, pretty right.","Because they care about you and-and you respect what they say, and you're wondering whether something about what they're saying may be right, but let's check that out a bit?",AnnoMI-derived authentic counseling turn,substance-use counseling
263,"Give a brief, empathetic counseling response focused on recovery and safety.","I was doing well in recovery, but I had a relapse.",A relapse does not erase the progress you made. Would you be willing to look at what was happening before the relapse so you can identify what might help next time? Your willingness to talk about this is already a meaningful step. We can work through it gradually.,synthetic drug-recovery counseling augmentation,drug-use recovery counseling - relapse
264,Use motivational interviewing principles to respond to this substance-use concern.,I am scared that my drug use is damaging my relationships.,"It sounds like your relationships are very important to you. How has your drug use affected the people you care about, and what change would you most like them to see? If you are comfortable, we can explore what matters most to you and identify a practical next step.",synthetic drug-recovery counseling augmentation,drug-use recovery counseling - relationships
265,Provide a supportive motivational-interviewing counseling response for a person experiencing substance-use problems.,"Well, I-I think the natural thing would be to cut back a little on my drinking.","Okay. So, based on all that information, what are you willing to think about doing to change right now?",AnnoMI-derived authentic counseling turn,substance-use counseling
266,Provide a supportive motivational-interviewing counseling response for a person experiencing substance-use problems.,Yeah.,You just wanna be like peers talking.,AnnoMI-derived authentic counseling turn,substance-use counseling
267,Provide a supportive motivational-interviewing counseling response for a person experiencing substance-use problems.,"Oh, I already have one.","So, I don't even know where you can get those. I think—",AnnoMI-derived authentic counseling turn,substance-use counseling
268,Provide a supportive motivational-interviewing counseling response for a person experiencing substance-use problems.,"Um, if I'm stressed, coffee with a cigarette.",Mm-hmm.,AnnoMI-derived authentic counseling turn,substance-use counseling
269,Provide a supportive motivational-interviewing counseling response for a person experiencing substance-use problems.,Okay.,"Okay. So, I'm going to write down then that you've decided to quit.",AnnoMI-derived authentic counseling turn,substance-use counseling
270,Provide a supportive motivational-interviewing counseling response for a person experiencing substance-use problems.,"So, I'm gonna have to really be aware of the weekends. Maybe get some kind of hobby or-or join some group or something on the weekends to keep me busy.","In marking it down, okay.",AnnoMI-derived authentic counseling turn,substance-use counseling
271,Provide a supportive motivational-interviewing counseling response for a person experiencing substance-use problems.,"Um, well, you know, I like the way it feels. Um, you know what I mean? When I shoot up my anxiety, goes away, my depression goes away. Uh, things that usually make life really difficult, uh, get a lot easier.","Yeah. You want to stay healthy. I'm curious, what do you like about using heroin?",AnnoMI-derived authentic counseling turn,substance-use counseling
272,Provide a supportive motivational-interviewing counseling response for a person experiencing substance-use problems.,"Uh, well it's mostly just for, for parties or party settings is kind of to get things going and get everything loosened up as they say.",Okay. Can you tell me a little bit about how alcohol fits into sort of your social scene?,AnnoMI-derived authentic counseling turn,substance-use counseling
273,Provide a supportive motivational-interviewing counseling response for a person experiencing substance-use problems.,I guess so. I feel like I've already made a choice and already made some bad choices with this.,"And at the same time, it's hard to let go of the past, but on the other hand, you're thinking, ""I don't have a choice. I've got to look this way."" Is that kind of what it feels like?",AnnoMI-derived authentic counseling turn,substance-use counseling
274,Provide a supportive motivational-interviewing counseling response for a person experiencing substance-use problems.,-um—,Mm-hmm.,AnnoMI-derived authentic counseling turn,substance-use counseling
275,Provide a supportive motivational-interviewing counseling response for a person experiencing substance-use problems.,-way too much.,Okay.,AnnoMI-derived authentic counseling turn,substance-use counseling
276,Provide a supportive motivational-interviewing counseling response for a person experiencing substance-use problems.,Yeah.,Yeah. And it really is your choice. You're absolutely right-,AnnoMI-derived authentic counseling turn,substance-use counseling
277,Provide a supportive motivational-interviewing counseling response for a person experiencing substance-use problems.,"Uh, nope. It feels okay.","Okay. Well, I don't see any redness. Um, can you go ahead and touch that Miguel, and tell me if it feels warm to you or if it hurts?",AnnoMI-derived authentic counseling turn,substance-use counseling
278,Act as a recovery-support counselor and encourage reflection and a realistic next step.,I use drugs when I feel stressed and overwhelmed.,"You have noticed a connection between stress and drug use, which is useful information. What are some safer ways you have handled stress in the past, even if they only helped a little? If you are comfortable, we can explore what matters most to you and identify a practical next step.",synthetic drug-recovery counseling augmentation,drug-use recovery counseling - stress trigger
279,Act as a recovery-support counselor and encourage reflection and a realistic next step.,"I want to stop using drugs, but I keep going back to them.","It sounds like you genuinely want to stop, while something keeps pulling you back. What do you think makes stopping especially difficult for you? Your willingness to talk about this is already a meaningful step. We can work through it gradually.",synthetic drug-recovery counseling augmentation,drug-use recovery counseling - ambivalence
280,Provide a supportive motivational-interviewing counseling response for a person experiencing substance-use problems.,And thank you for all the information. I appreciate it.,"All right. Well, I appreciate you coming in. We'll set up another appointment and, um, get our resources together. We'll take it from there and—",AnnoMI-derived authentic counseling turn,substance-use counseling
281,Provide a supportive motivational-interviewing counseling response for a person experiencing substance-use problems.,-things like that.,Mm-hmm.,AnnoMI-derived authentic counseling turn,substance-use counseling
282,Provide a supportive motivational-interviewing counseling response for a person experiencing substance-use problems.,"Well, I play better when I'm not high.",What would be the benefits of that?,AnnoMI-derived authentic counseling turn,substance-use counseling
283,Provide a supportive motivational-interviewing counseling response for a person experiencing substance-use problems.,"Um, not drink.",Okay. What could you do to avoid getting into trouble?,AnnoMI-derived authentic counseling turn,substance-use counseling
284,Provide a supportive motivational-interviewing counseling response for a person experiencing substance-use problems.,"Yeah, exactly.","Right now, though, it feels almost too difficult to even manage or even to try?",AnnoMI-derived authentic counseling turn,substance-use counseling
285,Provide a supportive motivational-interviewing counseling response for a person experiencing substance-use problems.,"Yeah, that's right.","I'm gonna make sure I understand. You have tried drinking a couple of times, and you almost got in trouble once. Did I get that right?",AnnoMI-derived authentic counseling turn,substance-use counseling
286,Provide a supportive motivational-interviewing counseling response for a person experiencing substance-use problems.,"Well, I mean, you brought up some kinda scary stuff like, you know, cancer risk or other things like that. And you know, being a mother, I-I don't want something to happen to me obviously.",About a five. So you're halfway there. So why did you choose a five rather than a four?,AnnoMI-derived authentic counseling turn,substance-use counseling
287,Provide a non-judgmental counseling response to a person struggling with drug use.,"My friends use drugs, and it makes staying sober difficult.","That environment can make recovery harder. Which people or places feel safer for you, and how might you create more distance from situations that increase the urge to use? Your willingness to talk about this is already a meaningful step. We can work through it gradually.",synthetic drug-recovery counseling augmentation,drug-use recovery counseling - social environment
288,Provide a supportive motivational-interviewing counseling response for a person experiencing substance-use problems.,"No. And then, I don't know, I-I'm just getting kind of annoyed, honestly, because, you know, I did agree I would try to work on my smoking, you know. But, with this whole drinking thing, it's like everything that I enjoy, you know, is being taken away from me right now. And so, if I give up drinking, like, what am I going to have to enjoy myself, you know.","It just doesn't seem that abnormal to you, especially when you compare it with your family.",AnnoMI-derived authentic counseling turn,substance-use counseling
289,Provide a supportive motivational-interviewing counseling response for a person experiencing substance-use problems.,"Um, yeah, I, [sigh] that, I mean, like, when I was doing those questionnaires, it was weird because, I mean, I guess I don't really think about, like, you know, the drinking being, like, this huge deal and I don't-","-and then we just talk together about that. So, um, but I always like to just start with wherever you would like to start as well.",AnnoMI-derived authentic counseling turn,substance-use counseling
290,Act as a recovery-support counselor and encourage reflection and a realistic next step.,I had a difficult day and immediately thought about using.,"It sounds like a difficult day quickly triggered the urge to use. What happened today, and what might help you respond differently if a similar situation happens again? There is no need to judge yourself while we explore what happened. Understanding the pattern can help you make a different choice.",synthetic drug-recovery counseling augmentation,drug-use recovery counseling - trigger awareness
291,Provide a supportive motivational-interviewing counseling response for a person experiencing substance-use problems.,"Uh, maybe.",So you're gonna quit then?,AnnoMI-derived authentic counseling turn,substance-use counseling
292,Provide a supportive motivational-interviewing counseling response for a person experiencing substance-use problems.,For sure.,-your drinking eventually?,AnnoMI-derived authentic counseling turn,substance-use counseling
293,Provide a supportive motivational-interviewing counseling response for a person experiencing substance-use problems.,"Yeah. Yes. Not all of them, but some of them do.","Okay. So, and then your friends drink too?",AnnoMI-derived authentic counseling turn,substance-use counseling
294,Provide a supportive motivational-interviewing counseling response for a person experiencing substance-use problems.,"Every time I go-- Excuse me. -to any doctor, you know, you need to quit smoking and—","Um, so you've talked a bit about like the emphysema. Um, what did the doctors say to you when you were diagnosed? I mean the obvious, right?",AnnoMI-derived authentic counseling turn,substance-use counseling
295,Provide a supportive motivational-interviewing counseling response for a person experiencing substance-use problems.,"Um, definitely not. That's why I don't try to drink that much. Just-","Uh-huh. So, I mean, do you think it's the thing to do if you wanna be an attorney?",AnnoMI-derived authentic counseling turn,substance-use counseling
296,Provide a supportive motivational-interviewing counseling response for a person experiencing substance-use problems.,-but it's not easy to quit.,"Well, there's-there's a reason that [crosstalk] people are concerned.",AnnoMI-derived authentic counseling turn,substance-use counseling
297,Provide a supportive motivational-interviewing counseling response for a person experiencing substance-use problems.,"And I know that if they found out, they would be really pissed.",Okay.,AnnoMI-derived authentic counseling turn,substance-use counseling
298,Act as a recovery-support counselor and encourage reflection and a realistic next step.,"My friends use drugs, and it makes staying sober difficult.","That environment can make recovery harder. Which people or places feel safer for you, and how might you create more distance from situations that increase the urge to use? If you are comfortable, we can explore what matters most to you and identify a practical next step.",synthetic drug-recovery counseling augmentation,drug-use recovery counseling - social environment
299,Provide a supportive motivational-interviewing counseling response for a person experiencing substance-use problems.,Yeah.,"That's interesting isn't it? You-- 'cause you kind of mentioned it there, like, you know, on one side of the coin, um, it helps calm the nerves to get yourself get out there and-",AnnoMI-derived authentic counseling turn,substance-use counseling
300,Provide a supportive motivational-interviewing counseling response for a person experiencing substance-use problems.,"It's, uh, just these days-- I think these days I'm-I'm finding that, um, I'm smoking 20, 30 a day, I'm getting sick of it. It's, you know, I've seen my friends have stopped smoking too and it's kind of they're looking at me weird these days like I'm the only one left who's still smoking.","Okay. Well, just remind me again why it is you want to stop.",AnnoMI-derived authentic counseling turn,substance-use counseling
301,Act as a recovery-support counselor and encourage reflection and a realistic next step.,I feel like one relapse means I have failed completely.,One setback does not define your whole recovery. What did you learn from this experience that could help you make a different choice the next time you face a similar situation? You do not have to figure everything out at once. We can focus on one manageable step.,synthetic drug-recovery counseling augmentation,drug-use recovery counseling - reframing relapse
302,Provide a supportive motivational-interviewing counseling response for a person experiencing substance-use problems.,Mm. Maybe. I suppose I hadn't really thought about it-,It just sounds like something's worrying you about that there's-there's a part link there but there's not a link and that-that maybe that the drugs is-is becoming a more important part in your life.,AnnoMI-derived authentic counseling turn,substance-use counseling
303,"Give a brief, empathetic counseling response focused on recovery and safety.",Part of me wants recovery and another part of me still wants to use.,"It is possible to have mixed feelings about recovery. What are the strongest reasons you want to stop, and what do you feel you would be giving up by stopping? Your willingness to talk about this is already a meaningful step. We can work through it gradually.",synthetic drug-recovery counseling augmentation,drug-use recovery counseling - mixed feelings
304,Provide a supportive motivational-interviewing counseling response for a person experiencing substance-use problems.,"Where are these limits from? Um, old- an older population? Because, uh, I drink just as much as my friends do. I mean, everybody drinks like I drink. I'm not even the biggest drinker in my group. So I'm pretty middle of the road.","Yeah. Well, it's possible you strained your ankle as a result of the alcohol. You know, it can actually affect your balance and stability. So, really, you know, for where you are right now, you're drinking a good amount more than what's recommended. And, you know, I want you to be healthy. And I don't want to see you coming back in here for something else. So I'm really gonna recommend that you try to cut down to that amount. So, do you think you could do that, cut down to no more than three drinks on a given day?",AnnoMI-derived authentic counseling turn,substance-use counseling
305,Provide a supportive motivational-interviewing counseling response for a person experiencing substance-use problems.,"Well, it's something that I'll think about.","You're choosing to really damage your mouth and actually, it can cause problems with your teeth too. I don't know if you notice your teeth might be getting yellower than they were before. That's another side effect. There are a lot of really negative things that go along with any tobacco use, whether it's cigarettes, cigars, dip, chew, snuffs, snus, hookah, any of it. This is a really important decision that you're making and you said it's your choice, but you're really choosing to make yourself sick and potentially die.",AnnoMI-derived authentic counseling turn,substance-use counseling
306,Provide a supportive motivational-interviewing counseling response for a person experiencing substance-use problems.,"Um, two, three times a month.",Mm-hmm.,AnnoMI-derived authentic counseling turn,substance-use counseling
307,Provide a supportive motivational-interviewing counseling response for a person experiencing substance-use problems.,Okay. Thanks.,"Okay, great. I look forward to talking next time.",AnnoMI-derived authentic counseling turn,substance-use counseling
308,Provide a supportive motivational-interviewing counseling response for a person experiencing substance-use problems.,-maybe noticing some things that I hadn't noticed but—,Yeah.,AnnoMI-derived authentic counseling turn,substance-use counseling
309,Provide a supportive motivational-interviewing counseling response for a person experiencing substance-use problems.,"Um, it's expensive, really got expensive, and I smoked 30, 40, sometimes 50 cigarettes a day. And I'm starting to buy different makeup 'cause I'm starting to really age, starting to get lines in my face and wrinkles and my skin is getting really clogged up and I'm spending a fortune on cosmetics.",Is there anything else that's not good about smoking for you?,AnnoMI-derived authentic counseling turn,substance-use counseling
310,Provide a supportive motivational-interviewing counseling response for a person experiencing substance-use problems.,"Um, probably a five.","That's why I recommend that all my adolescent patients not drink at all. So if you were thinking today about how ready you feel to stop drinking alcohol on a scale of zero to ten, with zero not being ready at all and ten feeling very ready, what number would you pick?",AnnoMI-derived authentic counseling turn,substance-use counseling
311,Provide a supportive motivational-interviewing counseling response for a person experiencing substance-use problems.,"-and quit a couple of times, off and on in my 20s, but, you know, it's been consistent. And I can't see myself changing now.",Mm-hmm.,AnnoMI-derived authentic counseling turn,substance-use counseling
312,Provide a supportive motivational-interviewing counseling response for a person experiencing substance-use problems.,I didn't realize that drinking had anything to do with blood pressure.,"Yeah, okay. And then the other thing I should mention, Jill, um, drinking more than these quantities, it's-it's possible it could be pushing your blood pressure up a bit, and I'm wondering if that might be affecting the difficulty we're having getting your blood pressure down right now.",AnnoMI-derived authentic counseling turn,substance-use counseling
313,Provide a supportive motivational-interviewing counseling response for a person experiencing substance-use problems.,"I know cold turkey is probably the only thing that's ever gonna do it to anybody that's done it. Mysel- My group, it's been cold turkey-",Yeah.,AnnoMI-derived authentic counseling turn,substance-use counseling
314,Provide a supportive motivational-interviewing counseling response for a person experiencing substance-use problems.,Not really much.,Okay.,AnnoMI-derived authentic counseling turn,substance-use counseling
315,Provide a supportive motivational-interviewing counseling response for a person experiencing substance-use problems.,"No, I guess I haven't really thought much of it. Um, you know, I don't really think I drink that much in the first place-","Okay, okay. I just wanted to let you know, I'm a little bit concerned about your level of drinking. We know that excessive drinking can make problems worse or can actually cause health problems at times, and I was just wondering if you thought about the connection between your drinking and things like the anxiety and the insomnia that you came in with today?",AnnoMI-derived authentic counseling turn,substance-use counseling
316,Provide a supportive motivational-interviewing counseling response for a person experiencing substance-use problems.,Hard to tell 'cause I already had open-heart surgery. That didn't do it.,"-that nobody has the right to tell you what to do. Um, can I ask? If you were to-- Uh, if there was to be a situation where you decided, ""I must quit,"" what-what would that situation be?",AnnoMI-derived authentic counseling turn,substance-use counseling
317,"Give a brief, empathetic counseling response focused on recovery and safety.","I want to make healthier choices, but I feel stuck.",Feeling stuck can make change seem overwhelming. What is one small change that feels realistic this week and could move you a little closer to the life you want? You do not have to figure everything out at once. We can focus on one manageable step.,synthetic drug-recovery counseling augmentation,drug-use recovery counseling - small steps
318,Provide a supportive motivational-interviewing counseling response for a person experiencing substance-use problems.,Yeah.,[chuckles] You're glad to keep him as a doctor?,AnnoMI-derived authentic counseling turn,substance-use counseling
319,Provide a supportive motivational-interviewing counseling response for a person experiencing substance-use problems.,"-because, um, you know, um, being at my age I'm going through the menopause stage which is part, you know, you'll have that anyways and then having 15-year-old that causes a little bit more stress so you don't need any extra stress, I don't think, as far as I'm concerned.",Oh yeah.,AnnoMI-derived authentic counseling turn,substance-use counseling
320,Provide a supportive motivational-interviewing counseling response for a person experiencing substance-use problems.,Right.,"Yeah. Well, and your daughter.",AnnoMI-derived authentic counseling turn,substance-use counseling
321,Provide a supportive motivational-interviewing counseling response for a person experiencing substance-use problems.,"Yeah, yeah.","Yeah, you really feel like you need that reward.",AnnoMI-derived authentic counseling turn,substance-use counseling
322,Provide a supportive motivational-interviewing counseling response for a person experiencing substance-use problems.,Yeah.,"All right, great. And then, i-it sounds like some of the benefits you're expecting are, um, health benefits-",AnnoMI-derived authentic counseling turn,substance-use counseling
323,"Give a brief, empathetic counseling response focused on recovery and safety.","I can stay away from drugs for a while, then the cravings become strong.","You have already shown that you can stay away for periods of time. What usually happens just before a craving becomes strongest, and what has helped you get through a craving safely?",synthetic drug-recovery counseling augmentation,drug-use recovery counseling - cravings
324,Provide a supportive motivational-interviewing counseling response for a person experiencing substance-use problems.,"Um, definitely not. I've never drunk-driven, and I've never been in a car with a drunk driver.",Yeah. Do you ever go anywhere in a car after you've had any alcohol?,AnnoMI-derived authentic counseling turn,substance-use counseling
325,Provide a supportive motivational-interviewing counseling response for a person experiencing substance-use problems.,"Well, I-- you know, my pressure has been high for years and, um, you know.","Okay. Well, I'm concerned about the amount that you're drinking currently. It sounds like you're having about 15 to 20 drinks per week, and that's definitely more than what we would recommend and could certainly be contributing to your high blood pressure.",AnnoMI-derived authentic counseling turn,substance-use counseling
326,Use motivational interviewing principles to respond to this substance-use concern.,I have been avoiding people because I am embarrassed about my drug use.,"It sounds like embarrassment has been pushing you away from others. Is there one trusted person you would feel comfortable talking to, even if you are not ready to tell them everything? You do not have to figure everything out at once. We can focus on one manageable step.",synthetic drug-recovery counseling augmentation,drug-use recovery counseling - isolation
327,Provide a supportive motivational-interviewing counseling response for a person experiencing substance-use problems.,"Um, I'm pretty confident that I can considering that I'm not really an alcohol user per se.","Okay. And, how confident are you that you could make a change if you decide you wanted to on that same scale?",AnnoMI-derived authentic counseling turn,substance-use counseling
328,Respond as a supportive addiction counselor using motivational interviewing.,I have been using drugs again and I feel like I am losing control.,Thank you for being honest about that. It sounds like the drug use is feeling increasingly difficult to control. What would you most like to change about your situation right now? There is no need to judge yourself while we explore what happened. Understanding the pattern can help you make a different choice.,synthetic drug-recovery counseling augmentation,drug-use recovery counseling - loss of control
329,Provide a supportive motivational-interviewing counseling response for a person experiencing substance-use problems.,Mm-hmm.,"So that was helpful for you that it's a, um, I can't remember. I know what you're trying to get a little ball.",AnnoMI-derived authentic counseling turn,substance-use counseling
330,Provide a supportive motivational-interviewing counseling response for a person experiencing substance-use problems.,-those are probably the ones that like might ostracize me for something or.,Uh-huh.,AnnoMI-derived authentic counseling turn,substance-use counseling
331,Provide a supportive motivational-interviewing counseling response for a person experiencing substance-use problems.,Mm-hmm.,"-and sort of be looking forward to the future and those things. All right. Well, one thing I'm going to ask you about is, um, you know, different people have sort of different things that they really value in their life. Whether it's, you know, their cultural identity or their family or their friends or job or hobbies, things like that. So here's the little sheet that goes through just some basic values that, um, might be more or less important to certain people.",AnnoMI-derived authentic counseling turn,substance-use counseling
332,Provide a non-judgmental counseling response to a person struggling with drug use.,I use drugs when I feel stressed and overwhelmed.,"You have noticed a connection between stress and drug use, which is useful information. What are some safer ways you have handled stress in the past, even if they only helped a little? If you are comfortable, we can explore what matters most to you and identify a practical next step.",synthetic drug-recovery counseling augmentation,drug-use recovery counseling - stress trigger
333,Provide a supportive motivational-interviewing counseling response for a person experiencing substance-use problems.,"And-and also the-the psyche thing, you know, with-- I mean, I wake up in the morning, I want a coffee with- I want coffee with a cigarette.",Right.,AnnoMI-derived authentic counseling turn,substance-use counseling
334,Provide a supportive motivational-interviewing counseling response for a person experiencing substance-use problems.,Really?,"Actually, you would be amazed how many people do it.",AnnoMI-derived authentic counseling turn,substance-use counseling
335,Provide a supportive motivational-interviewing counseling response for a person experiencing substance-use problems.,"Yeah, I-I think that would be very helpful.","Okay, good. So we can go over your laboratory results at that time, as well as review your plan. Now, would you like some information on smoking cessation?",AnnoMI-derived authentic counseling turn,substance-use counseling
336,Provide a non-judgmental counseling response to a person struggling with drug use.,"I want to stop using drugs, but I keep going back to them.","It sounds like you genuinely want to stop, while something keeps pulling you back. What do you think makes stopping especially difficult for you? If you are comfortable, we can explore what matters most to you and identify a practical next step.",synthetic drug-recovery counseling augmentation,drug-use recovery counseling - ambivalence
337,Provide a supportive motivational-interviewing counseling response for a person experiencing substance-use problems.,I don't know. I-I'd like some help. I just don't know what kind of help I need.,Where do you think we should go from here?,AnnoMI-derived authentic counseling turn,substance-use counseling
338,Provide a supportive motivational-interviewing counseling response for a person experiencing substance-use problems.,Yeah.,"Okay, you have some pretty big dreams.",AnnoMI-derived authentic counseling turn,substance-use counseling
339,Provide a supportive motivational-interviewing counseling response for a person experiencing substance-use problems.,"Yeah, psychology, I haven't really thought too about which school, I mean, I-",Cool. All right. Have you started thinking about schools or majors? I guess you're thinking about psychology as a major.,AnnoMI-derived authentic counseling turn,substance-use counseling
340,Use motivational interviewing principles to respond to this substance-use concern.,I had a difficult day and immediately thought about using.,"It sounds like a difficult day quickly triggered the urge to use. What happened today, and what might help you respond differently if a similar situation happens again? You do not have to figure everything out at once. We can focus on one manageable step.",synthetic drug-recovery counseling augmentation,drug-use recovery counseling - trigger awareness
341,Act as a recovery-support counselor and encourage reflection and a realistic next step.,I want to recover but I am afraid of what life will be like without drugs.,"That fear makes sense because recovery can involve major changes. What parts of life without drugs worry you most, and what kind of support might make those changes feel safer? You do not have to figure everything out at once. We can focus on one manageable step.",synthetic drug-recovery counseling augmentation,drug-use recovery counseling - fear of recovery
342,Provide a supportive motivational-interviewing counseling response for a person experiencing substance-use problems.,"Yeah. Yeah, I guess.","Right, and is that something that has been, you know, a way of coping for a while?",AnnoMI-derived authentic counseling turn,substance-use counseling
343,Provide a supportive motivational-interviewing counseling response for a person experiencing substance-use problems.,"Uh-huh and I kind of go, let's move on, you know because I've heard the lecture. Um, and I really don't put much credence into what they say. I did have- I did have a neighbor who was smoked for many, many years and, um, she had the Oxygen-- Oxygen tank that she would have to sleep at night with the oxygen on and even that didn't deter me from that smoking. I don't really know. It's like, um, a power greater than myself. This is controlling me like this, you know, the angels on this side, the devil's on the other.",Mm-hmm. Finger comes out.,AnnoMI-derived authentic counseling turn,substance-use counseling
344,Use motivational interviewing principles to respond to this substance-use concern.,I am worried about going back to my old environment after treatment.,"Returning to a familiar environment can bring strong reminders and triggers. What people, places, or routines might make recovery harder, and what support could you arrange before returning? If you are comfortable, we can explore what matters most to you and identify a practical next step.",synthetic drug-recovery counseling augmentation,drug-use recovery counseling - aftercare
345,Provide a supportive motivational-interviewing counseling response for a person experiencing substance-use problems.,"Yeah, I started on the violin first, and then I went on, explored a little with the piano, clarinet, finally found the tenor sax, and yeah.",Wow.,AnnoMI-derived authentic counseling turn,substance-use counseling
346,Provide a supportive motivational-interviewing counseling response for a person experiencing substance-use problems.,Really?,"Well, the good news is in terms of the nicotinic stomatitis, at the point in which you stop smoking, you can actually reverse all the negative effects that occurred and you might also know that you can stop the progression of any other diseases that had started, just by quitting smoking.",AnnoMI-derived authentic counseling turn,substance-use counseling
347,Provide a supportive motivational-interviewing counseling response for a person experiencing substance-use problems.,"Well, I'm pretty sure, um, I can stop using for a month. I want to play well.",A seven. Why do you think you picked that instead of a lower number like five?,AnnoMI-derived authentic counseling turn,substance-use counseling
348,Provide a non-judgmental counseling response to a person struggling with drug use.,I feel ashamed because I promised myself I would stop.,It sounds like you are carrying a lot of shame. You deserve support rather than judgment. What would be one compassionate and realistic step you could take toward recovery today? Your willingness to talk about this is already a meaningful step. We can work through it gradually.,synthetic drug-recovery counseling augmentation,drug-use recovery counseling - shame
349,Provide a supportive motivational-interviewing counseling response for a person experiencing substance-use problems.,Yeah.,You're still feeling the effects of-,AnnoMI-derived authentic counseling turn,substance-use counseling
350,Respond as a supportive addiction counselor using motivational interviewing.,I feel like one relapse means I have failed completely.,"One setback does not define your whole recovery. What did you learn from this experience that could help you make a different choice the next time you face a similar situation? If you are comfortable, we can explore what matters most to you and identify a practical next step.",synthetic drug-recovery counseling augmentation,drug-use recovery counseling - reframing relapse
351,Respond as a supportive addiction counselor using motivational interviewing.,"I am trying to change, but I do not know what triggers my drug use.","We can explore that together without judgment. Think about the moments before you usually use: where are you, who are you with, and what emotions or thoughts are present? Your willingness to talk about this is already a meaningful step. We can work through it gradually.",synthetic drug-recovery counseling augmentation,drug-use recovery counseling - trigger identification
352,Provide a supportive motivational-interviewing counseling response for a person experiencing substance-use problems.,"Friendship, um, I've-I've grown close to many people that I care about. So, I would like them to be accepting of me as well.","Okay, great. And, how about friendship?",AnnoMI-derived authentic counseling turn,substance-use counseling
353,Provide a supportive motivational-interviewing counseling response for a person experiencing substance-use problems.,"-look into this or else we can't hang out anymore.""",Yeah.,AnnoMI-derived authentic counseling turn,substance-use counseling
354,Provide a supportive motivational-interviewing counseling response for a person experiencing substance-use problems.,"Uh, yeah, he is concerned about my alcohol intake.",So you're following through on meeting with me today and you mentioned he has some concerns. Can you tell me a little bit about that?,AnnoMI-derived authentic counseling turn,substance-use counseling
355,Provide a supportive motivational-interviewing counseling response for a person experiencing substance-use problems.,Mm-hmm. Yes.,"So, it's not just wine that helps you relax. Um, there's reading a book, watching a movie, and taking a hot bath too.",AnnoMI-derived authentic counseling turn,substance-use counseling
356,Provide a non-judgmental counseling response to a person struggling with drug use.,"I am trying to change, but I do not know what triggers my drug use.","We can explore that together without judgment. Think about the moments before you usually use: where are you, who are you with, and what emotions or thoughts are present? Your willingness to talk about this is already a meaningful step. We can work through it gradually.",synthetic drug-recovery counseling augmentation,drug-use recovery counseling - trigger identification
357,Provide a supportive motivational-interviewing counseling response for a person experiencing substance-use problems.,"Um, they're pretty good, As and Bs. So, I'm doing okay.","All right, so, um, it sounds like, in general, your-- Things are going pretty well for you. How are your grades right now?",AnnoMI-derived authentic counseling turn,substance-use counseling
358,Provide a supportive motivational-interviewing counseling response for a person experiencing substance-use problems.,Yeah. I-I understand exactly what you're saying. And—,"There's really no such thing as not drinking too much. I mean, anything that's drinking when you're underage is drinking too much, you know. Like, think about it, think about all the things that can happen to you.",AnnoMI-derived authentic counseling turn,substance-use counseling
359,"Give a brief, empathetic counseling response focused on recovery and safety.",I am scared that my drug use is damaging my relationships.,"It sounds like your relationships are very important to you. How has your drug use affected the people you care about, and what change would you most like them to see? You do not have to figure everything out at once. We can focus on one manageable step.",synthetic drug-recovery counseling augmentation,drug-use recovery counseling - relationships
360,Provide a supportive motivational-interviewing counseling response for a person experiencing substance-use problems.,"Um, it's, you know, when we drink, we-we tend to have more fun because I guess we're not, you know, everyone's drinking together. We're a lot more loosened up and relaxed-",Okay. What are the things that you like about drinking or like about alcohol?,AnnoMI-derived authentic counseling turn,substance-use counseling
361,Respond as a supportive addiction counselor using motivational interviewing.,"I want to make healthier choices, but I feel stuck.",Feeling stuck can make change seem overwhelming. What is one small change that feels realistic this week and could move you a little closer to the life you want? Your willingness to talk about this is already a meaningful step. We can work through it gradually.,synthetic drug-recovery counseling augmentation,drug-use recovery counseling - small steps
362,Provide a non-judgmental counseling response to a person struggling with drug use.,I had a difficult day and immediately thought about using.,"It sounds like a difficult day quickly triggered the urge to use. What happened today, and what might help you respond differently if a similar situation happens again? There is no need to judge yourself while we explore what happened. Understanding the pattern can help you make a different choice.",synthetic drug-recovery counseling augmentation,drug-use recovery counseling - trigger awareness
363,Provide a supportive motivational-interviewing counseling response for a person experiencing substance-use problems.,Mm-hmm.,"Well, you filled out this survey for us today, which was great. Thank you very much. I just wanted to review a couple of things on here. I noticed that you said that you drink two to three times a week, drink three or four drinks at a time when you do drink, and weekly, um, have more drinks than that. So six or more drinks, it says on here.",AnnoMI-derived authentic counseling turn,substance-use counseling
364,Provide a supportive motivational-interviewing counseling response for a person experiencing substance-use problems.,Hmm.,And that's exactly one of the symptoms of nicotine withdrawal that I'm looking to stop happening to you.,AnnoMI-derived authentic counseling turn,substance-use counseling
365,Provide a supportive motivational-interviewing counseling response for a person experiencing substance-use problems.,Yeah.,"So that needs some thinking about, doesn't it?",AnnoMI-derived authentic counseling turn,substance-use counseling
366,Provide a supportive motivational-interviewing counseling response for a person experiencing substance-use problems.,Because I need to for my kid. It's- it's gonna be all screwed up if I don't.,"Mm-hmm. Tell me more about that, what makes you say, ""I have to take that path""? What makes you feel like you need that?",AnnoMI-derived authentic counseling turn,substance-use counseling
367,"Give a brief, empathetic counseling response focused on recovery and safety.","I can stay away from drugs for a while, then the cravings become strong.","You have already shown that you can stay away for periods of time. What usually happens just before a craving becomes strongest, and what has helped you get through a craving safely? If you are comfortable, we can explore what matters most to you and identify a practical next step.",synthetic drug-recovery counseling augmentation,drug-use recovery counseling - cravings
368,Respond as a supportive addiction counselor using motivational interviewing.,I feel ashamed because I promised myself I would stop.,It sounds like you are carrying a lot of shame. You deserve support rather than judgment. What would be one compassionate and realistic step you could take toward recovery today?,synthetic drug-recovery counseling augmentation,drug-use recovery counseling - shame
369,Provide a supportive motivational-interviewing counseling response for a person experiencing substance-use problems.,Mm-hmm. Yeah.,-not smoke?,AnnoMI-derived authentic counseling turn,substance-use counseling
370,Use motivational interviewing principles to respond to this substance-use concern.,Part of me wants recovery and another part of me still wants to use.,"It is possible to have mixed feelings about recovery. What are the strongest reasons you want to stop, and what do you feel you would be giving up by stopping?",synthetic drug-recovery counseling augmentation,drug-use recovery counseling - mixed feelings
371,Provide a supportive motivational-interviewing counseling response for a person experiencing substance-use problems.,No. Yeah.,It just didn't fit for you to do the online.,AnnoMI-derived authentic counseling turn,substance-use counseling
372,Provide a supportive motivational-interviewing counseling response for a person experiencing substance-use problems.,-and I was going out with friends and I was home a lot of the day-,Right.,AnnoMI-derived authentic counseling turn,substance-use counseling
373,Act as a recovery-support counselor and encourage reflection and a realistic next step.,I want to rebuild trust with my family after my drug use.,"Rebuilding trust can take time, and your wish to repair those relationships is meaningful. What is one consistent action you could take that would show your family you are working toward recovery?",synthetic drug-recovery counseling augmentation,drug-use recovery counseling - family trust
374,Provide a supportive motivational-interviewing counseling response for a person experiencing substance-use problems.,Yeah.,All right.,AnnoMI-derived authentic counseling turn,substance-use counseling
375,Provide a supportive motivational-interviewing counseling response for a person experiencing substance-use problems.,Mm-hmm.,"So Monday morning after the party will be a good day, and that's next week. Okay. Now, one of the things that we do in the pharmacy is recommend that you use medication to help you. You know this increases your chance of success and it makes it more likely that can manage any cravings that come along. A lot of people like using nicotine replacement therapy which comes in a variety of formats like patches, gum, you've probably seen people using any of these products. And other options are tablets which you can get from the GP.",AnnoMI-derived authentic counseling turn,substance-use counseling
376,Provide a supportive motivational-interviewing counseling response for a person experiencing substance-use problems.,"Um, how would you, um, advise me to like get maybe my friends to stop drinking?","Okay. Well, very good. Um, is there anything else that you think would be important for me to know?",AnnoMI-derived authentic counseling turn,substance-use counseling
377,Provide a supportive motivational-interviewing counseling response for a person experiencing substance-use problems.,So.,Uh-huh.,AnnoMI-derived authentic counseling turn,substance-use counseling
378,Provide a supportive motivational-interviewing counseling response for a person experiencing substance-use problems.,Yeah.,"I'm trying to understand you so far, something's concerning you and something's concerning your friends-",AnnoMI-derived authentic counseling turn,substance-use counseling
379,Provide a supportive motivational-interviewing counseling response for a person experiencing substance-use problems.,"Uh, yeah. I mean, I think everybody who uses at least has some concern of overdosing on some level. Right? Uh, so that's something I'm concerned about is accidentally overdosing. And, uh, yeah, I mean, I don't want to get an infection in my arm, you know, just the usual things. I have a hard time hitting veins sometimes, and I gotta dig around a little bit and I would get worried about, you know, hitting something that I shouldn't or, you know, getting infections.",And what about your use do you not like?,AnnoMI-derived authentic counseling turn,substance-use counseling
380,Provide a supportive motivational-interviewing counseling response for a person experiencing substance-use problems.,Mm-hmm.,"Okay. Great. Well, I can definitely set you up with that, and you can-",AnnoMI-derived authentic counseling turn,substance-use counseling
381,Provide a supportive motivational-interviewing counseling response for a person experiencing substance-use problems.,Yeah.,Because there are clubs and there are groups and there are all kinds of things that meet through the week.,AnnoMI-derived authentic counseling turn,substance-use counseling
382,Provide a supportive motivational-interviewing counseling response for a person experiencing substance-use problems.,Yeah.,"Great. So, being a good friend and-",AnnoMI-derived authentic counseling turn,substance-use counseling
383,Provide a supportive motivational-interviewing counseling response for a person experiencing substance-use problems.,Oh.,"-and the color's okay? You know, there is quite a lot of staining so, um, I'm just wondering about, um, some concerns about smoking.",AnnoMI-derived authentic counseling turn,substance-use counseling
384,Provide a supportive motivational-interviewing counseling response for a person experiencing substance-use problems.,"And, um, you know, have my friends on board with a similar mentality so we can kind of work at it together as a group, as a- as a community.",Mm-hmm.,AnnoMI-derived authentic counseling turn,substance-use counseling
385,Provide a supportive motivational-interviewing counseling response for a person experiencing substance-use problems.,"Mostly just with us, but, sometimes I'll go to like a close friend's house and like I'm close to a family as well. So, we'll all just hang out.",-or mostly just-just with the kids?,AnnoMI-derived authentic counseling turn,substance-use counseling
386,Act as a recovery-support counselor and encourage reflection and a realistic next step.,I have been using drugs again and I feel like I am losing control.,Thank you for being honest about that. It sounds like the drug use is feeling increasingly difficult to control. What would you most like to change about your situation right now? You do not have to figure everything out at once. We can focus on one manageable step.,synthetic drug-recovery counseling augmentation,drug-use recovery counseling - loss of control
387,Act as a recovery-support counselor and encourage reflection and a realistic next step.,"My friends use drugs, and it makes staying sober difficult.","That environment can make recovery harder. Which people or places feel safer for you, and how might you create more distance from situations that increase the urge to use? You do not have to figure everything out at once. We can focus on one manageable step.",synthetic drug-recovery counseling augmentation,drug-use recovery counseling - social environment
388,Use motivational interviewing principles to respond to this substance-use concern.,"I was doing well in recovery, but I had a relapse.",A relapse does not erase the progress you made. Would you be willing to look at what was happening before the relapse so you can identify what might help next time? There is no need to judge yourself while we explore what happened. Understanding the pattern can help you make a different choice.,synthetic drug-recovery counseling augmentation,drug-use recovery counseling - relapse
389,Provide a supportive motivational-interviewing counseling response for a person experiencing substance-use problems.,"So, that-that-that's also changed.",Mm-hmm.,AnnoMI-derived authentic counseling turn,substance-use counseling
390,Provide a supportive motivational-interviewing counseling response for a person experiencing substance-use problems.,I don't think so. I think just knowing that it's not too late already is enough kick in the pants to get started.,Is there anything that I can support you with before we wrap up as far as giving up alcohol today?,AnnoMI-derived authentic counseling turn,substance-use counseling
391,Provide a supportive motivational-interviewing counseling response for a person experiencing substance-use problems.,"Um, I think it's because you've told me I'm at risk and I have alcoholism in my family and I really don't want to go down that path. So I'm-I'm confident that I can change that at this point.","Okay. And so let's look at those two. You're-you're thinking it's pretty important, but your confidence is down here, uh, a four, but it's not a one. What makes you confident that you can drink below risk levels and you remember what those are?",AnnoMI-derived authentic counseling turn,substance-use counseling
392,Use motivational interviewing principles to respond to this substance-use concern.,I do not think my drug use is as serious as my family thinks.,"It sounds like you and your family see the situation differently. Rather than judging you, I would like to understand your view. What concerns, if any, do you have about your drug use? There is no need to judge yourself while we explore what happened. Understanding the pattern can help you make a different choice.",synthetic drug-recovery counseling augmentation,drug-use recovery counseling - readiness
393,Provide a supportive motivational-interviewing counseling response for a person experiencing substance-use problems.,"Yeah, I'm also in the-- I'm a bit of a band geek. [laughter] I play, you know, in the wind ensemble and the jazz band, things like that.","Oh, neat.",AnnoMI-derived authentic counseling turn,substance-use counseling
394,Provide a supportive motivational-interviewing counseling response for a person experiencing substance-use problems.,I'm gonna start having soup at lunchtime. I suppose a big bowl of soup would be far better than two pies.,So what would you do to make sure you didn't get hungry at work?,AnnoMI-derived authentic counseling turn,substance-use counseling
395,Provide a supportive motivational-interviewing counseling response for a person experiencing substance-use problems.,Yes on occasion.,"So, there are some answers on this form here. Uh, less than monthly you drank more than you intended to.",AnnoMI-derived authentic counseling turn,substance-use counseling
396,Provide a supportive motivational-interviewing counseling response for a person experiencing substance-use problems.,"Um, constant thoughts about smoking.",What did you notice during those three days when you weren't smoking?,AnnoMI-derived authentic counseling turn,substance-use counseling
397,Provide a supportive motivational-interviewing counseling response for a person experiencing substance-use problems.,"It's for me, for my health, and for the money and everything I've said, I would say it's 10 or- out of 10 that I should quit smoking.","So-so let me ask you this, given everything going on in your life right now on a scale of 1 to 10, where 10 is the most important thing to do, and 1 would be the least important thing to do, how important is it for you to quit smoking?",AnnoMI-derived authentic counseling turn,substance-use counseling
398,Provide a supportive motivational-interviewing counseling response for a person experiencing substance-use problems.,"Yeah, that would be okay.",Okay. Do you think it would be all right if we met again to kinda check in on how it goes and-and see if it's working out for you?,AnnoMI-derived authentic counseling turn,substance-use counseling
399,Act as a recovery-support counselor and encourage reflection and a realistic next step.,"I want to make healthier choices, but I feel stuck.",Feeling stuck can make change seem overwhelming. What is one small change that feels realistic this week and could move you a little closer to the life you want? Your willingness to talk about this is already a meaningful step. We can work through it gradually.,synthetic drug-recovery counseling augmentation,drug-use recovery counseling - small steps
400,"Give a brief, empathetic counseling response focused on recovery and safety.",I do not think my drug use is as serious as my family thinks.,"It sounds like you and your family see the situation differently. Rather than judging you, I would like to understand your view. What concerns, if any, do you have about your drug use?",synthetic drug-recovery counseling augmentation,drug-use recovery counseling - readiness
401,Provide a supportive motivational-interviewing counseling response for a person experiencing substance-use problems.,-and I don't like lectures about it.,Mm-hmm.,AnnoMI-derived authentic counseling turn,substance-use counseling
402,Provide a supportive motivational-interviewing counseling response for a person experiencing substance-use problems.,Exactly.,"So, it helps you, kind of, loosen up, feel more relaxed.",AnnoMI-derived authentic counseling turn,substance-use counseling
403,Use motivational interviewing principles to respond to this substance-use concern.,I am scared that my drug use is damaging my relationships.,"It sounds like your relationships are very important to you. How has your drug use affected the people you care about, and what change would you most like them to see?",synthetic drug-recovery counseling augmentation,drug-use recovery counseling - relationships
404,Provide a supportive motivational-interviewing counseling response for a person experiencing substance-use problems.,Yeah.,"Kind of feels like You're between two worlds. In one world, you're preparing to be a mother and bring a baby into this world, and this other world is the world that you've been in for a while where you're kind of having a good time and-",AnnoMI-derived authentic counseling turn,substance-use counseling
405,Provide a supportive motivational-interviewing counseling response for a person experiencing substance-use problems.,"Oh, that was fixed really nice.",-check this out? What do you think?,AnnoMI-derived authentic counseling turn,substance-use counseling
406,Provide a supportive motivational-interviewing counseling response for a person experiencing substance-use problems.,Now the downside to that is I'm gonna gain weight.,Mm-hmm.,AnnoMI-derived authentic counseling turn,substance-use counseling
407,Provide a supportive motivational-interviewing counseling response for a person experiencing substance-use problems.,"Well, I didn't know that. Um, it's good to know. I'll tell my wife, um, she's still very fond of her salt and her mother had osteoporosis.","Well, that's good. That's probably benefited you already. And the other thing you might not be aware of is that salt intake is linked to loss of calcium from our bones, which makes the bones more fragile. So reducing your salt intake will really help with that too.",AnnoMI-derived authentic counseling turn,substance-use counseling
408,Provide a supportive motivational-interviewing counseling response for a person experiencing substance-use problems.,"-ever really think about, like-like, how much I drink.",Mm-hmm.,AnnoMI-derived authentic counseling turn,substance-use counseling
409,Provide a supportive motivational-interviewing counseling response for a person experiencing substance-use problems.,-in order to have a cigarette. And not say you're in a situation and you only have a 15-minute break-,Mm-hmm.,AnnoMI-derived authentic counseling turn,substance-use counseling
410,Provide a supportive motivational-interviewing counseling response for a person experiencing substance-use problems.,Yeah.,"And you know, that's it for their social life. It's like over.",AnnoMI-derived authentic counseling turn,substance-use counseling
411,Provide a supportive motivational-interviewing counseling response for a person experiencing substance-use problems.,A respirologist.,"It's time to do something, okay. So you've been diagnosed by-",AnnoMI-derived authentic counseling turn,substance-use counseling
412,Provide a supportive motivational-interviewing counseling response for a person experiencing substance-use problems.,"No, but I don't smoke. I'm-- I-I-I've thought about quitting, but it's just- It's really hard so I just don't know how to do it.","I really need you to quit smoking. Both for your health and for Aiden. Did you know s-smoking around your child is associated not only with ear infections, it could get to the point where you have to put tubes in his ears pretty shortly here. Also, things like vitamin C deficiency, cavities, like dental cavities, behavior problems, um, asthma, other upper respiratory infections. It's really putting him at a lot of risk. In addition to that, kids of smokers end up smoking themselves. Do you want him to grow up to be a smoker?",AnnoMI-derived authentic counseling turn,substance-use counseling
413,Provide a supportive motivational-interviewing counseling response for a person experiencing substance-use problems.,Yeah.,You wanna see it in black and white.,AnnoMI-derived authentic counseling turn,substance-use counseling
414,Provide a supportive motivational-interviewing counseling response for a person experiencing substance-use problems.,Yeah.,And you also checked that sometimes you forget things when you drink.,AnnoMI-derived authentic counseling turn,substance-use counseling
415,Provide a supportive motivational-interviewing counseling response for a person experiencing substance-use problems.,"God. It's, I guess, super important, because just-just going to detox alone was-was awful, the experience-- I don't want to do that again. And my dad said if I get suspended from school, um, I have to go- I have to go work on my uncle's farm in Iowa and that would just kill my social life. I won't see any of my friends and I mean, it's already bad enough, like my parents took my car away when I got the DUI.","How important is it that you avoid future problems with the police or school, Dylan?",AnnoMI-derived authentic counseling turn,substance-use counseling
416,Provide a supportive motivational-interviewing counseling response for a person experiencing substance-use problems.,Yeah.,Mm-hmm. The risks were so scary then that you were able to stop?,AnnoMI-derived authentic counseling turn,substance-use counseling
417,Provide a supportive motivational-interviewing counseling response for a person experiencing substance-use problems.,"And-and you know, like professional life as well.",So—,AnnoMI-derived authentic counseling turn,substance-use counseling
418,"Give a brief, empathetic counseling response focused on recovery and safety.",I have been using drugs again and I feel like I am losing control.,Thank you for being honest about that. It sounds like the drug use is feeling increasingly difficult to control. What would you most like to change about your situation right now?,synthetic drug-recovery counseling augmentation,drug-use recovery counseling - loss of control
419,Provide a supportive motivational-interviewing counseling response for a person experiencing substance-use problems.,"Yeah, maybe um, pre-law.","Great. And, do you have an idea about what you might want to study or?",AnnoMI-derived authentic counseling turn,substance-use counseling
420,Use motivational interviewing principles to respond to this substance-use concern.,I had a difficult day and immediately thought about using.,"It sounds like a difficult day quickly triggered the urge to use. What happened today, and what might help you respond differently if a similar situation happens again? There is no need to judge yourself while we explore what happened. Understanding the pattern can help you make a different choice.",synthetic drug-recovery counseling augmentation,drug-use recovery counseling - trigger awareness
421,Provide a supportive motivational-interviewing counseling response for a person experiencing substance-use problems.,Yeah.,"And so, though they're not going to be necessarily like the party scene, they are other activities. Now I'm talking about gay groups and gay activities which are an option that-",AnnoMI-derived authentic counseling turn,substance-use counseling
422,Provide a supportive motivational-interviewing counseling response for a person experiencing substance-use problems.,"All right, all right. When is the seminar?",Thanks for coming in for participating today. Your sanction will involve being placed on university disciplinary probation and attending an alcohol education seminar that will cost $150.,AnnoMI-derived authentic counseling turn,substance-use counseling
423,Provide a supportive motivational-interviewing counseling response for a person experiencing substance-use problems.,"Because it's not a part of my daily life. I don't have to have, uh, a smoke when I get up in the morning. I don't smoke 20 or 30 of them a day, so it's not that much exposure and I-I feel pretty confident that I could stop.","Okay, what made you choose seven or eight as opposed to a-a five?",AnnoMI-derived authentic counseling turn,substance-use counseling
424,Respond as a supportive addiction counselor using motivational interviewing.,I use drugs when I feel stressed and overwhelmed.,"You have noticed a connection between stress and drug use, which is useful information. What are some safer ways you have handled stress in the past, even if they only helped a little?",synthetic drug-recovery counseling augmentation,drug-use recovery counseling - stress trigger
425,Provide a supportive motivational-interviewing counseling response for a person experiencing substance-use problems.,Yeah.,"Mm, so when I was first talking to you, I thought that you'd have a very, um, really not much interest in not stoping using Methamphetamine but it sounds like you have a number of reasons why you really would like to stop using Methamphetamine. And that is, um, that it might be cut with something else, um, you could get another ST- STD including HIV.",AnnoMI-derived authentic counseling turn,substance-use counseling
426,Provide a supportive motivational-interviewing counseling response for a person experiencing substance-use problems.,Yeah.,"Okay. So, how are you gonna quit drinking without your friends thinking you look stupid?",AnnoMI-derived authentic counseling turn,substance-use counseling
427,"Give a brief, empathetic counseling response focused on recovery and safety.","I can stay away from drugs for a while, then the cravings become strong.","You have already shown that you can stay away for periods of time. What usually happens just before a craving becomes strongest, and what has helped you get through a craving safely? There is no need to judge yourself while we explore what happened. Understanding the pattern can help you make a different choice.",synthetic drug-recovery counseling augmentation,drug-use recovery counseling - cravings
428,Provide a supportive motivational-interviewing counseling response for a person experiencing substance-use problems.,"Well, the only thing-- I've never smoked cigarettes ever, um, but, um, when, um, when I go out with my friends, um, we like to go to, you know, we like to go out to lounges.","Okay. Well, as I said, there's a lot of irritation, in particular, like I was mentioning, up here in the roof of your mouth, it's turned really definitely white-colored and there's little red spots. And you probably didn't notice because we don't spend a lot of time looking at the roof of our mouth, but you're really damaging this tissue in your mouth, which can really cause some severe problems in terms of your oral health. It's called nicotinic stomatitis. And this is something we don't see in any patients who don't use tobacco. So, maybe you're not smoking cigarettes, are you smoking a pipe or cigars? Or is there something else that could be contributing to this? Because I don't know what else might be causing it.",AnnoMI-derived authentic counseling turn,substance-use counseling
429,Provide a non-judgmental counseling response to a person struggling with drug use.,I feel like one relapse means I have failed completely.,One setback does not define your whole recovery. What did you learn from this experience that could help you make a different choice the next time you face a similar situation? Your willingness to talk about this is already a meaningful step. We can work through it gradually.,synthetic drug-recovery counseling augmentation,drug-use recovery counseling - reframing relapse
430,Provide a supportive motivational-interviewing counseling response for a person experiencing substance-use problems.,Sure. I can quit.,"Okay. So you feel like, right now, smoking's a pretty important part of your life. It's not something you're ready to change, but if the time came when you did decide to quit, you feel pretty confident that you could go ahead and do that.",AnnoMI-derived authentic counseling turn,substance-use counseling
431,Provide a supportive motivational-interviewing counseling response for a person experiencing substance-use problems.,"Not too much, to be honest.","You know, like college is gonna be really hard. And especially with all those pre-med classes, you're not gonna be able to handle it drinking this much. You know, have you thought about that?",AnnoMI-derived authentic counseling turn,substance-use counseling
432,Act as a recovery-support counselor and encourage reflection and a realistic next step.,I am scared that my drug use is damaging my relationships.,"It sounds like your relationships are very important to you. How has your drug use affected the people you care about, and what change would you most like them to see?",synthetic drug-recovery counseling augmentation,drug-use recovery counseling - relationships
433,Provide a supportive motivational-interviewing counseling response for a person experiencing substance-use problems.,Mm-hmm. Yeah.,"Okay. So, you're concerned about the consequences, and you really care about your baby, and you want to give your baby the best start you can.",AnnoMI-derived authentic counseling turn,substance-use counseling
434,Provide a supportive motivational-interviewing counseling response for a person experiencing substance-use problems.,"Oh, yeah.","-it will do whatever you need it to do at any given time. The downside is-is it-it kinda get, it gets in the end with the health.",AnnoMI-derived authentic counseling turn,substance-use counseling
435,Provide a supportive motivational-interviewing counseling response for a person experiencing substance-use problems.,Okay.,"Okay. And then we'll set up an appointment for about a month from now. We'll recheck your blood pressure and see how you're doing with all this, sound okay?",AnnoMI-derived authentic counseling turn,substance-use counseling
436,Act as a recovery-support counselor and encourage reflection and a realistic next step.,I am worried that I will never be able to stay in recovery.,"It sounds like you are worried about your ability to maintain recovery. What is one time when you managed a difficult situation without using, and what helped you then? You do not have to figure everything out at once. We can focus on one manageable step.",synthetic drug-recovery counseling augmentation,drug-use recovery counseling - confidence
437,Provide a supportive motivational-interviewing counseling response for a person experiencing substance-use problems.,"Well, I mean, I could maybe try to cut back in the evenings a little bit.","Right. Well, that's a lot of information to think about. So given, the fact that these healthcare concerns are a possibility, and that you're worried about your family and you certainly have goals you want to succeed at, where are you in your consideration to making a change? In other words, what steps would you consider taking for this number to move closer to a 10?",AnnoMI-derived authentic counseling turn,substance-use counseling
438,Provide a supportive motivational-interviewing counseling response for a person experiencing substance-use problems.,"Well, he was inside me and we were sharing everything and I knew that he would get some of that. And I didn't-- I just didn't-didn't think I could live with myself if something happened to him.",What made you decide to quit smoking when you were pregnant?,AnnoMI-derived authentic counseling turn,substance-use counseling
439,Provide a supportive motivational-interviewing counseling response for a person experiencing substance-use problems.,Mm-hmm.,"So let me tell you what I normally do in this, um, this interview, and we-we'll talk for up to maybe 20 minutes or so. Normally what I do is just give some feedback from all of those questionnaires that you answered last week-",AnnoMI-derived authentic counseling turn,substance-use counseling
440,Provide a supportive motivational-interviewing counseling response for a person experiencing substance-use problems.,"I think, well in a way, I do think that drinking is probably a form of disrespect to my own body because I'm not putting things- I'm putting things in it that shouldn't be there.",Mm-hmm.,AnnoMI-derived authentic counseling turn,substance-use counseling
441,Provide a supportive motivational-interviewing counseling response for a person experiencing substance-use problems.,"No. I didn't really know. I guess you see sort of things like that in-in movies from America you know, but you don't really-",Okay.,AnnoMI-derived authentic counseling turn,substance-use counseling
442,Provide a non-judgmental counseling response to a person struggling with drug use.,I am worried about going back to my old environment after treatment.,"Returning to a familiar environment can bring strong reminders and triggers. What people, places, or routines might make recovery harder, and what support could you arrange before returning? You do not have to figure everything out at once. We can focus on one manageable step.",synthetic drug-recovery counseling augmentation,drug-use recovery counseling - aftercare
443,Provide a supportive motivational-interviewing counseling response for a person experiencing substance-use problems.,Okay.,"Before you go, do you mind if I take a look at the questionnaire you filled out before the visit?",AnnoMI-derived authentic counseling turn,substance-use counseling
444,Provide a supportive motivational-interviewing counseling response for a person experiencing substance-use problems.,"Yeah, I guess. I-I suppose I hadn't really thought about it till they sat me down, and you know- I mean I could, uh, I could understand a little bit of where they were coming from, so yeah, I thought I'd—","Right. So it sounds like you thought there was something that, uh, that you needed to look at, something that was concerning you?",AnnoMI-derived authentic counseling turn,substance-use counseling
445,Provide a supportive motivational-interviewing counseling response for a person experiencing substance-use problems.,My sister.,Is there anyone in your life who doesn't use methamphetamine?,AnnoMI-derived authentic counseling turn,substance-use counseling
446,Provide a supportive motivational-interviewing counseling response for a person experiencing substance-use problems.,"Yeah, I guess.","No, I understand- I understand. And I'm certainly not here to tell you what to-to do, Sarah. I'm interested in hearing your thoughts and sharing some information with you, and what you do with that information is totally up to you. You've got a lot going on. You're a mother, you're working, you're going to school, and our healthcare team wants to make sure that you have all the resources available to you to meet your goals, including good health. And my job as your healthcare provider is to listen to you and to share information with you, including healthcare concerns associated with smoking and alcohol. Would that be okay with you?",AnnoMI-derived authentic counseling turn,substance-use counseling
447,Provide a supportive motivational-interviewing counseling response for a person experiencing substance-use problems.,Okay.,That's okay with me.,AnnoMI-derived authentic counseling turn,substance-use counseling
448,Provide a supportive motivational-interviewing counseling response for a person experiencing substance-use problems.,"Okay, yeah. I could go for that. I-I, uh, I'm always open to some-- you know, to listen. Yeah.","Yeah. Okay. Well, I really appreciate you being willing to even talk about it. And I get that right now, this is not something that you wanna pursue. Would it be okay if I brought it up in our next visit? 'Cause I-I know that you've said you don't want a lecture, but on the other hand, I am- I am concerned.",AnnoMI-derived authentic counseling turn,substance-use counseling
449,Act as a recovery-support counselor and encourage reflection and a realistic next step.,"I was doing well in recovery, but I had a relapse.",A relapse does not erase the progress you made. Would you be willing to look at what was happening before the relapse so you can identify what might help next time? There is no need to judge yourself while we explore what happened. Understanding the pattern can help you make a different choice.,synthetic drug-recovery counseling augmentation,drug-use recovery counseling - relapse
450,Provide a supportive motivational-interviewing counseling response for a person experiencing substance-use problems.,"Possibly, yeah.","Okay, and so that's maybe like 20 times a year.",AnnoMI-derived authentic counseling turn,substance-use counseling
451,Provide a supportive motivational-interviewing counseling response for a person experiencing substance-use problems.,"Mm-hmm, I have to do.","You're concerned about the health of your baby. I just would love to share with you, Nina, that every day without alcohol is a good day for your baby, and you know, starting today to have zero alcohol is a great start, and I'm wondering if that's the sort of something you'd be open to as no more alcohol at this point.",AnnoMI-derived authentic counseling turn,substance-use counseling
452,Use motivational interviewing principles to respond to this substance-use concern.,I want to recover but I am afraid of what life will be like without drugs.,"That fear makes sense because recovery can involve major changes. What parts of life without drugs worry you most, and what kind of support might make those changes feel safer? You do not have to figure everything out at once. We can focus on one manageable step.",synthetic drug-recovery counseling augmentation,drug-use recovery counseling - fear of recovery
453,Respond as a supportive addiction counselor using motivational interviewing.,"I am trying to change, but I do not know what triggers my drug use.","We can explore that together without judgment. Think about the moments before you usually use: where are you, who are you with, and what emotions or thoughts are present? You do not have to figure everything out at once. We can focus on one manageable step.",synthetic drug-recovery counseling augmentation,drug-use recovery counseling - trigger identification
454,Provide a supportive motivational-interviewing counseling response for a person experiencing substance-use problems.,Yeah.,It might be a bit extreme to-,AnnoMI-derived authentic counseling turn,substance-use counseling
455,Provide a supportive motivational-interviewing counseling response for a person experiencing substance-use problems.,"And if I do go through this, I just hope my friends understand and will support me in what I'm trying to do.",Mm-hmm.,AnnoMI-derived authentic counseling turn,substance-use counseling
456,Provide a supportive motivational-interviewing counseling response for a person experiencing substance-use problems.,"Maybe if I could come to see you again, or maybe some ideas were suggested, maybe if there was a group or something. I-I don't know, but I-I need some help.",Okay. So you said 30 to 40%. What would it take to build that confidence to about 45%?,AnnoMI-derived authentic counseling turn,substance-use counseling
457,Provide a supportive motivational-interviewing counseling response for a person experiencing substance-use problems.,Okay.,Okay.,AnnoMI-derived authentic counseling turn,substance-use counseling
458,Provide a supportive motivational-interviewing counseling response for a person experiencing substance-use problems.,In terms of what? In terms of respect?,"Um, how do you think that the drinking fits in with that?",AnnoMI-derived authentic counseling turn,substance-use counseling
459,Provide a supportive motivational-interviewing counseling response for a person experiencing substance-use problems.,Okay.,"Well, let's get back to your blood pressure then and see what we need to do about that.",AnnoMI-derived authentic counseling turn,substance-use counseling
460,Provide a supportive motivational-interviewing counseling response for a person experiencing substance-use problems.,-probably a six.,Every time.,AnnoMI-derived authentic counseling turn,substance-use counseling
461,Provide a non-judgmental counseling response to a person struggling with drug use.,I use drugs when I feel stressed and overwhelmed.,"You have noticed a connection between stress and drug use, which is useful information. What are some safer ways you have handled stress in the past, even if they only helped a little?",synthetic drug-recovery counseling augmentation,drug-use recovery counseling - stress trigger
462,"Give a brief, empathetic counseling response focused on recovery and safety.",I want to rebuild trust with my family after my drug use.,"Rebuilding trust can take time, and your wish to repair those relationships is meaningful. What is one consistent action you could take that would show your family you are working toward recovery? Your willingness to talk about this is already a meaningful step. We can work through it gradually.",synthetic drug-recovery counseling augmentation,drug-use recovery counseling - family trust
463,Provide a supportive motivational-interviewing counseling response for a person experiencing substance-use problems.,"-and maybe mark that down that, uh, I didn't go right away when something went wrong. Um, yes, I-I can try that.",Mm-hmm.,AnnoMI-derived authentic counseling turn,substance-use counseling
464,Provide a supportive motivational-interviewing counseling response for a person experiencing substance-use problems.,"Well, I-I'm worried about my children. I feel like I'm being a bad parent, and um, I often wonder, you know, they've seen me smoke for years. I certainly don't want my 12-year-old daughter to start smoking, and some of her friends are already smoking.",So I'm hearing there are some things you really like about smoking. What about the other side? Can you tell me about some of the not-so-good things?,AnnoMI-derived authentic counseling turn,substance-use counseling
465,"Give a brief, empathetic counseling response focused on recovery and safety.","I was doing well in recovery, but I had a relapse.","A relapse does not erase the progress you made. Would you be willing to look at what was happening before the relapse so you can identify what might help next time? If you are comfortable, we can explore what matters most to you and identify a practical next step.",synthetic drug-recovery counseling augmentation,drug-use recovery counseling - relapse
466,Provide a supportive motivational-interviewing counseling response for a person experiencing substance-use problems.,"-and just check it up, yep.",Yeah.,AnnoMI-derived authentic counseling turn,substance-use counseling
467,Provide a supportive motivational-interviewing counseling response for a person experiencing substance-use problems.,"Uh, well, I'm planning on going to school. I'd like to become a doctor one day, so.",Oh gosh. Yeah. Okay. Very cool. And what are your plans for after high school?,AnnoMI-derived authentic counseling turn,substance-use counseling
468,"Give a brief, empathetic counseling response focused on recovery and safety.",I am scared that my drug use is damaging my relationships.,"It sounds like your relationships are very important to you. How has your drug use affected the people you care about, and what change would you most like them to see? Your willingness to talk about this is already a meaningful step. We can work through it gradually.",synthetic drug-recovery counseling augmentation,drug-use recovery counseling - relationships
469,Provide a supportive motivational-interviewing counseling response for a person experiencing substance-use problems.,"Yeah, well, you know that sounds okay. While he's sick, I might be able to smoke outside in the next couple days or so, but the thing is, usually I'm craving a cigarette the most when I have a glass of wine at the end of the day. I put Jake to bed, I open up a bottle and I pour myself a glass and I'm finally able to unwind, so, I get a craving for a cigarette, so, I'm not sure long-term I'd be able to smoke outside.","So what I would recommend then, is to move your smoking outside completely. As a smoker, the ideal situation for a smoker in the house is if their home can be made smoke-free and the smoking is moved entirely outside, especially while he's experiencing this cold.",AnnoMI-derived authentic counseling turn,substance-use counseling
470,Provide a non-judgmental counseling response to a person struggling with drug use.,"I can stay away from drugs for a while, then the cravings become strong.","You have already shown that you can stay away for periods of time. What usually happens just before a craving becomes strongest, and what has helped you get through a craving safely? Your willingness to talk about this is already a meaningful step. We can work through it gradually.",synthetic drug-recovery counseling augmentation,drug-use recovery counseling - cravings
471,Provide a supportive motivational-interviewing counseling response for a person experiencing substance-use problems.,No.,Sure. [chuckling] It's not a secure profession-,AnnoMI-derived authentic counseling turn,substance-use counseling
472,Provide a supportive motivational-interviewing counseling response for a person experiencing substance-use problems.,"Well, yeah, I mean, we've been married over 25 years, and uh, we've never had any major problems. Like this is-- this is the first problem. I don't even really see it as a problem cause we used to both smoke and I was trying to accommodate them by smoking outside, but it's feeling like we're going like this and I'm just concerned, like if this keeps going, like.",I get the feeling that your relationship is really important to you. That you would do anything.,AnnoMI-derived authentic counseling turn,substance-use counseling
473,Provide a supportive motivational-interviewing counseling response for a person experiencing substance-use problems.,"No, I mean, we're two separate people. And like I said, I don't, I try really hard not to smoke around him. I'm pretty good about that. I-I don't let other people smoke around him. Um, so I, you know.",But they don't feel as scary to you now?,AnnoMI-derived authentic counseling turn,substance-use counseling
474,"Give a brief, empathetic counseling response focused on recovery and safety.","My family keeps telling me to get help, but I do not know where to start.",Reaching out can be a strong first step. Would you be open to talking with a qualified addiction counselor or healthcare professional about support options that fit your situation? You do not have to figure everything out at once. We can focus on one manageable step.,synthetic drug-recovery counseling augmentation,drug-use recovery counseling - professional help
475,Provide a supportive motivational-interviewing counseling response for a person experiencing substance-use problems.,Mm-hmm.,"Okay. So, it sounds like you feel relaxed and have fun when you're drinking with friends and you like the taste.",AnnoMI-derived authentic counseling turn,substance-use counseling
476,Use motivational interviewing principles to respond to this substance-use concern.,I want to rebuild trust with my family after my drug use.,"Rebuilding trust can take time, and your wish to repair those relationships is meaningful. What is one consistent action you could take that would show your family you are working toward recovery? Your willingness to talk about this is already a meaningful step. We can work through it gradually.",synthetic drug-recovery counseling augmentation,drug-use recovery counseling - family trust
477,Provide a non-judgmental counseling response to a person struggling with drug use.,"I want to stop using drugs, but I keep going back to them.","It sounds like you genuinely want to stop, while something keeps pulling you back. What do you think makes stopping especially difficult for you? You do not have to figure everything out at once. We can focus on one manageable step.",synthetic drug-recovery counseling augmentation,drug-use recovery counseling - ambivalence
478,Provide a supportive motivational-interviewing counseling response for a person experiencing substance-use problems.,I do some meth.,"Let's take a look. It says that on occasion you use, uh, drugs other than medical reasons. Which drugs do you use?",AnnoMI-derived authentic counseling turn,substance-use counseling
479,Provide a non-judgmental counseling response to a person struggling with drug use.,Part of me wants recovery and another part of me still wants to use.,"It is possible to have mixed feelings about recovery. What are the strongest reasons you want to stop, and what do you feel you would be giving up by stopping? If you are comfortable, we can explore what matters most to you and identify a practical next step.",synthetic drug-recovery counseling augmentation,drug-use recovery counseling - mixed feelings
480,"Give a brief, empathetic counseling response focused on recovery and safety.","I want to stop using drugs, but I keep going back to them.","It sounds like you genuinely want to stop, while something keeps pulling you back. What do you think makes stopping especially difficult for you? There is no need to judge yourself while we explore what happened. Understanding the pattern can help you make a different choice.",synthetic drug-recovery counseling augmentation,drug-use recovery counseling - ambivalence
481,Provide a supportive motivational-interviewing counseling response for a person experiencing substance-use problems.,Mm.,-with zero being not ready at all-,AnnoMI-derived authentic counseling turn,substance-use counseling
482,Provide a supportive motivational-interviewing counseling response for a person experiencing substance-use problems.,"Um, I like to read and I like to go outside and, like, take walks and, like, hike and stuff. I'm very outdoorsy, so-",Okay. And what kind of hobbies do you have?,AnnoMI-derived authentic counseling turn,substance-use counseling
483,Provide a supportive motivational-interviewing counseling response for a person experiencing substance-use problems.,I place great importance in that.,Okay.,AnnoMI-derived authentic counseling turn,substance-use counseling
484,Provide a supportive motivational-interviewing counseling response for a person experiencing substance-use problems.,"Um, well, I wanna say I have a drinking problem. I think I'd probably have more of a, like getting caught problem. I mean, my friends, they-they drink like fishes and I-- they don't ever get caught and you got me over here and I get caught and they left.","Dylan, you told me what brought you here today, what do you think the problem really is?",AnnoMI-derived authentic counseling turn,substance-use counseling
485,"Give a brief, empathetic counseling response focused on recovery and safety.",I am worried about going back to my old environment after treatment.,"Returning to a familiar environment can bring strong reminders and triggers. What people, places, or routines might make recovery harder, and what support could you arrange before returning? You do not have to figure everything out at once. We can focus on one manageable step.",synthetic drug-recovery counseling augmentation,drug-use recovery counseling - aftercare
486,Provide a supportive motivational-interviewing counseling response for a person experiencing substance-use problems.,"Well, all I really know is that it's not good for you.","I understand. You're just experimenting with alcohol. Then, how about if you share with me what the effects of alcohol are?",AnnoMI-derived authentic counseling turn,substance-use counseling
487,"Give a brief, empathetic counseling response focused on recovery and safety.",I want to recover but I am afraid of what life will be like without drugs.,"That fear makes sense because recovery can involve major changes. What parts of life without drugs worry you most, and what kind of support might make those changes feel safer?",synthetic drug-recovery counseling augmentation,drug-use recovery counseling - fear of recovery
488,Provide a supportive motivational-interviewing counseling response for a person experiencing substance-use problems.,Mm-hmm.,"-being one of the few left smoking in your crowd, and not liking the smell. That sounds like three reasons.",AnnoMI-derived authentic counseling turn,substance-use counseling
489,Provide a supportive motivational-interviewing counseling response for a person experiencing substance-use problems.,"Snort it, always snort it.","Snort it, smoke it?",AnnoMI-derived authentic counseling turn,substance-use counseling
490,Provide a non-judgmental counseling response to a person struggling with drug use.,I had a difficult day and immediately thought about using.,"It sounds like a difficult day quickly triggered the urge to use. What happened today, and what might help you respond differently if a similar situation happens again?",synthetic drug-recovery counseling augmentation,drug-use recovery counseling - trigger awareness
491,Provide a supportive motivational-interviewing counseling response for a person experiencing substance-use problems.,"Yeah, I guess I haven't really put it on myself. I guess it's really been forced on their account. And I've just been following in their footsteps just to-- just because it seems like what they're doing is a lot of fun. And I just want to make sure that I'm getting every bit of the high school experience that I can.","Yeah. Is-- are your friends the problem, like maybe you should just start hanging out with more kids in the youth group and not hang out with those kids that you were partying with?",AnnoMI-derived authentic counseling turn,substance-use counseling
492,Provide a supportive motivational-interviewing counseling response for a person experiencing substance-use problems.,Yeah.,That's great. That's really exciting to think about that-,AnnoMI-derived authentic counseling turn,substance-use counseling
493,Provide a supportive motivational-interviewing counseling response for a person experiencing substance-use problems.,"I'd like it to be, yeah.",-you want to make.,AnnoMI-derived authentic counseling turn,substance-use counseling
494,Provide a supportive motivational-interviewing counseling response for a person experiencing substance-use problems.,Mm-hmm.,"So, Jill, um, I know you're here to talk about your blood pressure today.",AnnoMI-derived authentic counseling turn,substance-use counseling
495,Provide a supportive motivational-interviewing counseling response for a person experiencing substance-use problems.,Especially with midterms coming up.,"Okay, okay.",AnnoMI-derived authentic counseling turn,substance-use counseling
496,"Give a brief, empathetic counseling response focused on recovery and safety.",I use drugs when I feel stressed and overwhelmed.,"You have noticed a connection between stress and drug use, which is useful information. What are some safer ways you have handled stress in the past, even if they only helped a little? Your willingness to talk about this is already a meaningful step. We can work through it gradually.",synthetic drug-recovery counseling augmentation,drug-use recovery counseling - stress trigger
497,Provide a supportive motivational-interviewing counseling response for a person experiencing substance-use problems.,Yeah.,So you can see some advantages to reducing the amount of drinking-,AnnoMI-derived authentic counseling turn,substance-use counseling
498,Provide a supportive motivational-interviewing counseling response for a person experiencing substance-use problems.,Mm-hmm.,Okay. So right now you're seeing that it's a part of your life. It's been a part of your life off and on for 18 years.,AnnoMI-derived authentic counseling turn,substance-use counseling
499,Provide a supportive motivational-interviewing counseling response for a person experiencing substance-use problems.,"Well, I did what we discussed. I did the journal-","So, what's been different since the last time we talked a week ago?",AnnoMI-derived authentic counseling turn,substance-use counseling
500,Provide a supportive motivational-interviewing counseling response for a person experiencing substance-use problems.,Then it kind of defeats the purpose? [laughs],"If there's too much, then it sort of—",AnnoMI-derived authentic counseling turn,substance-use counseling
501,Provide a supportive motivational-interviewing counseling response for a person experiencing substance-use problems.,"Yeah. Well, it's like all this brochure is saying is that, um, the same again, the same thing that I've heard, that the limits and that there is no safe amount of drink during pregnancy, but it's like, why not?","So you felt like, um, the information that you found supports the values that you have of being able to be independent and autonomous, to be able to make your own choice and the information that your doctor shared or spoke to you about, and then this brochure kind of feels like that's challenging sort of your values.",AnnoMI-derived authentic counseling turn,substance-use counseling
502,Provide a supportive motivational-interviewing counseling response for a person experiencing substance-use problems.,"Uh, yeah, I guess.","What if- uh, can I show you a brochure about that?",AnnoMI-derived authentic counseling turn,substance-use counseling
503,"Give a brief, empathetic counseling response focused on recovery and safety.",I am worried about going back to my old environment after treatment.,"Returning to a familiar environment can bring strong reminders and triggers. What people, places, or routines might make recovery harder, and what support could you arrange before returning?",synthetic drug-recovery counseling augmentation,drug-use recovery counseling - aftercare
504,Provide a supportive motivational-interviewing counseling response for a person experiencing substance-use problems.,"Yeah, I use new needles every time, I never share.",Okay. How often do you use new deals when you inject?,AnnoMI-derived authentic counseling turn,substance-use counseling
505,"Give a brief, empathetic counseling response focused on recovery and safety.",Part of me wants recovery and another part of me still wants to use.,"It is possible to have mixed feelings about recovery. What are the strongest reasons you want to stop, and what do you feel you would be giving up by stopping? If you are comfortable, we can explore what matters most to you and identify a practical next step.",synthetic drug-recovery counseling augmentation,drug-use recovery counseling - mixed feelings
506,Provide a non-judgmental counseling response to a person struggling with drug use.,"I was doing well in recovery, but I had a relapse.",A relapse does not erase the progress you made. Would you be willing to look at what was happening before the relapse so you can identify what might help next time? Your willingness to talk about this is already a meaningful step. We can work through it gradually.,synthetic drug-recovery counseling augmentation,drug-use recovery counseling - relapse
507,Use motivational interviewing principles to respond to this substance-use concern.,I want to rebuild trust with my family after my drug use.,"Rebuilding trust can take time, and your wish to repair those relationships is meaningful. What is one consistent action you could take that would show your family you are working toward recovery? You do not have to figure everything out at once. We can focus on one manageable step.",synthetic drug-recovery counseling augmentation,drug-use recovery counseling - family trust
508,Provide a supportive motivational-interviewing counseling response for a person experiencing substance-use problems.,Mm-hmm.,"The main reason that you smoke is because, at the end of the day, it gives you a kind of relaxation, and if there's quite a little stress that's going on which you're using cigarettes to help you cope with.",AnnoMI-derived authentic counseling turn,substance-use counseling
509,Provide a supportive motivational-interviewing counseling response for a person experiencing substance-use problems.,Okay.,"Okay. And if you need more information, we can get that for you.",AnnoMI-derived authentic counseling turn,substance-use counseling
510,Provide a supportive motivational-interviewing counseling response for a person experiencing substance-use problems.,"Yeah, just this morning, I was outside having a cigarette, and then when I looked up, there she was looking out the window watching me smoke.","Sandra, can you give me an example of a time that you did something that you think left an impression on your daughter or set a bad example for her?",AnnoMI-derived authentic counseling turn,substance-use counseling
511,Provide a supportive motivational-interviewing counseling response for a person experiencing substance-use problems.,I would say an eight.,"Now let's look at your self-evaluation of your birth control. So now we're doing the risk of pregnancy and the use of birth control. So on a scale of 1 to 10, how important is it to you to use effective birth control every time you have sex to keep from getting pregnant?",AnnoMI-derived authentic counseling turn,substance-use counseling
512,Provide a supportive motivational-interviewing counseling response for a person experiencing substance-use problems.,"-it's very exciting, very exhilarating once you're in competition.",Uh-huh.,AnnoMI-derived authentic counseling turn,substance-use counseling
513,Provide a supportive motivational-interviewing counseling response for a person experiencing substance-use problems.,"Well, um, on the weekends I like to hang out with my friends, maybe go to like a party, or go to the mall to shop, or if there's like a school-related event, we'll go to like a football game or-","All right, cool. Uh, what do you like to do for fun?",AnnoMI-derived authentic counseling turn,substance-use counseling
514,Act as a recovery-support counselor and encourage reflection and a realistic next step.,I do not think my drug use is as serious as my family thinks.,"It sounds like you and your family see the situation differently. Rather than judging you, I would like to understand your view. What concerns, if any, do you have about your drug use? You do not have to figure everything out at once. We can focus on one manageable step.",synthetic drug-recovery counseling augmentation,drug-use recovery counseling - readiness
515,Provide a supportive motivational-interviewing counseling response for a person experiencing substance-use problems.,Yeah.,"So you're worried a little bit about it and you're going to find out more about it, but you're-you're not gonna take on this notion of being a headache or anything as yet—",AnnoMI-derived authentic counseling turn,substance-use counseling
516,Provide a supportive motivational-interviewing counseling response for a person experiencing substance-use problems.,"Um, I think-- I think the possibility.","Um, so the way this normally works is, you know, we set you a goal, and then I'll have you come back and we'll talk about it again in a couple of weeks and make sure that you actually stopped. Um, and so what do you think about that?",AnnoMI-derived authentic counseling turn,substance-use counseling
517,"Give a brief, empathetic counseling response focused on recovery and safety.",I have been avoiding people because I am embarrassed about my drug use.,"It sounds like embarrassment has been pushing you away from others. Is there one trusted person you would feel comfortable talking to, even if you are not ready to tell them everything?",synthetic drug-recovery counseling augmentation,drug-use recovery counseling - isolation
518,Provide a supportive motivational-interviewing counseling response for a person experiencing substance-use problems.,Yeah.,That's great.,AnnoMI-derived authentic counseling turn,substance-use counseling
519,Provide a supportive motivational-interviewing counseling response for a person experiencing substance-use problems.,Yeah. I suppose just since that kind of intervention thing or I started to give them the benefit of the doubt. And it's-,So something's changed recently?,AnnoMI-derived authentic counseling turn,substance-use counseling
520,Provide a supportive motivational-interviewing counseling response for a person experiencing substance-use problems.,"No. No, I think I'm okay.","Okay, great. Any other concerns or questions? Anything else I can help with?",AnnoMI-derived authentic counseling turn,substance-use counseling
521,Respond as a supportive addiction counselor using motivational interviewing.,"My friends use drugs, and it makes staying sober difficult.","That environment can make recovery harder. Which people or places feel safer for you, and how might you create more distance from situations that increase the urge to use? There is no need to judge yourself while we explore what happened. Understanding the pattern can help you make a different choice.",synthetic drug-recovery counseling augmentation,drug-use recovery counseling - social environment
522,Provide a supportive motivational-interviewing counseling response for a person experiencing substance-use problems.,Yeah.,I don't know how you're feeling right now but I'm just wondering if we can take a-just a quick glance at this-,AnnoMI-derived authentic counseling turn,substance-use counseling
523,"Give a brief, empathetic counseling response focused on recovery and safety.","My friends use drugs, and it makes staying sober difficult.","That environment can make recovery harder. Which people or places feel safer for you, and how might you create more distance from situations that increase the urge to use? If you are comfortable, we can explore what matters most to you and identify a practical next step.",synthetic drug-recovery counseling augmentation,drug-use recovery counseling - social environment
524,Provide a supportive motivational-interviewing counseling response for a person experiencing substance-use problems.,Yeah and just and all my friends go out and drink. Like I-,"No, I get it. Yeah. I mean, you know, it sounds like it's, it is helpful to a degree for you when you go out because it makes you feel a little bit more calm to talk to-to guys is that right?",AnnoMI-derived authentic counseling turn,substance-use counseling
525,Provide a supportive motivational-interviewing counseling response for a person experiencing substance-use problems.,That's- that's something I'd be really interested in.,"So, um, since you like meditation so much, it's highly likely that you'd be a great candidate for hypnotherapy.",AnnoMI-derived authentic counseling turn,substance-use counseling
526,Provide a supportive motivational-interviewing counseling response for a person experiencing substance-use problems.,"Yeah, yeah. I think so because, um, when I get the urge, I could maybe fight it and, um, maybe wait till the next urge-",That's correct. And writing it down helps that process.,AnnoMI-derived authentic counseling turn,substance-use counseling
527,Provide a supportive motivational-interviewing counseling response for a person experiencing substance-use problems.,"I mean, the stairs were really steep. So—","Yeah, I know that making changes isn't always easy. But when you drink more than what's recommended, it creates problems. You know, you said you hurt your ankle when you came out of the bar this time.",AnnoMI-derived authentic counseling turn,substance-use counseling
528,Provide a supportive motivational-interviewing counseling response for a person experiencing substance-use problems.,"Yeah, [crosstalk].",Wow. You really are involved in music.,AnnoMI-derived authentic counseling turn,substance-use counseling
529,"Give a brief, empathetic counseling response focused on recovery and safety.","I want to make healthier choices, but I feel stuck.","Feeling stuck can make change seem overwhelming. What is one small change that feels realistic this week and could move you a little closer to the life you want? If you are comfortable, we can explore what matters most to you and identify a practical next step.",synthetic drug-recovery counseling augmentation,drug-use recovery counseling - small steps
530,Provide a supportive motivational-interviewing counseling response for a person experiencing substance-use problems.,Yeah.,-and decided that's not for you?,AnnoMI-derived authentic counseling turn,substance-use counseling
531,Provide a supportive motivational-interviewing counseling response for a person experiencing substance-use problems.,Yeah.,"-factor in that partying, and we- where-where there are, uh, uh, uh, gay groups that support people who-who are not wanting to be-- they have a lifestyle that is heavily weighted to drug use. So there are some options there to look at some other ideas if you're interested and we might look at that, for you to think about-",AnnoMI-derived authentic counseling turn,substance-use counseling
532,Provide a supportive motivational-interviewing counseling response for a person experiencing substance-use problems.,"Well, I guess I- I guess the easy one is I wouldn't- I wouldn't drink so much and I try to avoid situations where I'm more-more likely to get in trouble. So probably I don't wanna drink so much.",Yeah. What would you be willing to do to prevent going to detox again and getting suspended?,AnnoMI-derived authentic counseling turn,substance-use counseling
533,Use motivational interviewing principles to respond to this substance-use concern.,"I want to stop using drugs, but I keep going back to them.","It sounds like you genuinely want to stop, while something keeps pulling you back. What do you think makes stopping especially difficult for you?",synthetic drug-recovery counseling augmentation,drug-use recovery counseling - ambivalence
534,Provide a supportive motivational-interviewing counseling response for a person experiencing substance-use problems.,If I can just postpone it-,"Okay. So, and you've thought about already, what you might do, such as getting a hobby. Any other thoughts of what you might do to help you overcome this?",AnnoMI-derived authentic counseling turn,substance-use counseling
535,Use motivational interviewing principles to respond to this substance-use concern.,"I want to stop using drugs, but I keep going back to them.","It sounds like you genuinely want to stop, while something keeps pulling you back. What do you think makes stopping especially difficult for you? Your willingness to talk about this is already a meaningful step. We can work through it gradually.",synthetic drug-recovery counseling augmentation,drug-use recovery counseling - ambivalence
536,Provide a supportive motivational-interviewing counseling response for a person experiencing substance-use problems.,Maybe having less wine in the house.,What would help you cut back to two drinks?,AnnoMI-derived authentic counseling turn,substance-use counseling
537,Provide a supportive motivational-interviewing counseling response for a person experiencing substance-use problems.,I understand.,"Yeah, you know, I get it. Like, we've all been there. Okay. You know, I was in high school ones too, you know, I drank too. I get it. There's not a ton to do in this town a-and kids drink, but, you know, promise we have these rules-",AnnoMI-derived authentic counseling turn,substance-use counseling
538,Provide a supportive motivational-interviewing counseling response for a person experiencing substance-use problems.,"Oh, yeah, and you have to travel like 10 miles-","So, it's become harder to be a smoker. You light up a cigarette-cigarette and people make assumptions about you.",AnnoMI-derived authentic counseling turn,substance-use counseling
539,Provide a supportive motivational-interviewing counseling response for a person experiencing substance-use problems.,"Yeah-yeah, maybe I'm the best example of why she doesn't want to [laughs] you know",That strong spirit of you got instilled with her.,AnnoMI-derived authentic counseling turn,substance-use counseling
540,Provide a supportive motivational-interviewing counseling response for a person experiencing substance-use problems.,Okay.,So I don't know how much you know already about sort of my role here and why you're even here. So I thought I'd start by telling you a little bit about myself.,AnnoMI-derived authentic counseling turn,substance-use counseling
541,Provide a supportive motivational-interviewing counseling response for a person experiencing substance-use problems.,"And she's got my kids on this against me, you know, my son and my daughter, they're, it's like, they're ganging up on me, you know what I mean?","So, you're pretty angry about it. It's pretty outraging that you're forced to change your whole life because of a decision she made six months ago.",AnnoMI-derived authentic counseling turn,substance-use counseling
542,Provide a supportive motivational-interviewing counseling response for a person experiencing substance-use problems.,No.,Which you weren't aware of in Palmerston?,AnnoMI-derived authentic counseling turn,substance-use counseling
543,Provide a supportive motivational-interviewing counseling response for a person experiencing substance-use problems.,Yeah.,Right. And they got questions too-,AnnoMI-derived authentic counseling turn,substance-use counseling
544,Provide a supportive motivational-interviewing counseling response for a person experiencing substance-use problems.,"Uh, I've been thinking about them a lot lately, and I want to be there for them. So have to do what I need to, to improve my health.",Yeah. So w-where do you think you can start with that?,AnnoMI-derived authentic counseling turn,substance-use counseling
545,Provide a supportive motivational-interviewing counseling response for a person experiencing substance-use problems.,"I mean, I don't think I would be, you know, drinking as much or going to parties as much if I'm studying for school, or in college, or trying to get in law school and things like that.",Okay. Can you expand on that a little bit more? What do you mean?,AnnoMI-derived authentic counseling turn,substance-use counseling
546,Provide a supportive motivational-interviewing counseling response for a person experiencing substance-use problems.,Okay.,"Yeah. Probably if your friends won't quit drinking, you should just find new friends.",AnnoMI-derived authentic counseling turn,substance-use counseling
547,Provide a supportive motivational-interviewing counseling response for a person experiencing substance-use problems.,-that's cool I'll have to find out about that.,Yeah.,AnnoMI-derived authentic counseling turn,substance-use counseling
548,Provide a supportive motivational-interviewing counseling response for a person experiencing substance-use problems.,"Yeah, that's right.","Yeah, it sounds like your health is important to you.",AnnoMI-derived authentic counseling turn,substance-use counseling
549,Respond as a supportive addiction counselor using motivational interviewing.,I am worried about going back to my old environment after treatment.,"Returning to a familiar environment can bring strong reminders and triggers. What people, places, or routines might make recovery harder, and what support could you arrange before returning?",synthetic drug-recovery counseling augmentation,drug-use recovery counseling - aftercare
550,Provide a supportive motivational-interviewing counseling response for a person experiencing substance-use problems.,"Uh, yeah. Yeah, if it's, uh, you know, if it's been a couple of days like I can go two days, three days tops before I start to feel really sick.","So, uh, you wrote on here that you've experienced withdrawal symptoms when you've stopped using in the past, is that right?",AnnoMI-derived authentic counseling turn,substance-use counseling
551,Use motivational interviewing principles to respond to this substance-use concern.,I am worried that I will never be able to stay in recovery.,"It sounds like you are worried about your ability to maintain recovery. What is one time when you managed a difficult situation without using, and what helped you then? There is no need to judge yourself while we explore what happened. Understanding the pattern can help you make a different choice.",synthetic drug-recovery counseling augmentation,drug-use recovery counseling - confidence
552,Provide a supportive motivational-interviewing counseling response for a person experiencing substance-use problems.,"Yeah. Um, I didn't find out I was pregnant until probably two-ish months in-","So here you are today and, um, you're sharing that you have been drinking alcohol throughout your pregnancy.",AnnoMI-derived authentic counseling turn,substance-use counseling
553,Provide a supportive motivational-interviewing counseling response for a person experiencing substance-use problems.,-I don't wanna have to rely on having to take that.,Mm-hmm. So it help—,AnnoMI-derived authentic counseling turn,substance-use counseling
554,Provide a supportive motivational-interviewing counseling response for a person experiencing substance-use problems.,That's coming up in November-,It's for the cancer society.,AnnoMI-derived authentic counseling turn,substance-use counseling
555,Provide a supportive motivational-interviewing counseling response for a person experiencing substance-use problems.,"I don't know, like, maybe- maybe actually talking to my friends and saying like- or maybe them actually being able to see this kid and go, ""Of course, of course, your- your choice makes sense. You--"" Maybe it would, you know, give them a wake-up call too if They actually, like, see it.","This part of you that says, ""I don't have an option to-to-to make this life better,"" it's wondering, ""Do I have the confidence to be able to make that life a reality?"" What do you think you need to increase your confidence that you can do this?",AnnoMI-derived authentic counseling turn,substance-use counseling
556,Provide a supportive motivational-interviewing counseling response for a person experiencing substance-use problems.,"Yeah. Yeah, well, the only reason I'm here is 'cause my wife thinks I've got a problem with smoking. I've been smoking all my life and, uh, six months ago, uh, she thought, she got into this health kick, right? And now everyone who smokes is evil. And, uh, so that's why I'm here just to please her, get her off my back and—","So, what brings you here, Bob? What's, what can I do to help?",AnnoMI-derived authentic counseling turn,substance-use counseling
557,Provide a supportive motivational-interviewing counseling response for a person experiencing substance-use problems.,So I'm already at the week limit. And then I have four beers a night. Are you sure?,"Mm-hmm. Well, in this country, the guidelines are men can drink up to 14 drinks a week or up to four on one occasion and still be low risk.",AnnoMI-derived authentic counseling turn,substance-use counseling
558,Provide a supportive motivational-interviewing counseling response for a person experiencing substance-use problems.,-if you quit smoking.,Mm-hmm.,AnnoMI-derived authentic counseling turn,substance-use counseling
559,Provide a supportive motivational-interviewing counseling response for a person experiencing substance-use problems.,Mm-hmm. Yeah.,So it sounds like you have two goals right now. You want to tell your housemate about where you keep the Narcan in case you overdose and you want some information on how to inject safely?,AnnoMI-derived authentic counseling turn,substance-use counseling
560,Provide a non-judgmental counseling response to a person struggling with drug use.,I am worried that I will never be able to stay in recovery.,"It sounds like you are worried about your ability to maintain recovery. What is one time when you managed a difficult situation without using, and what helped you then? If you are comfortable, we can explore what matters most to you and identify a practical next step.",synthetic drug-recovery counseling augmentation,drug-use recovery counseling - confidence
561,Provide a supportive motivational-interviewing counseling response for a person experiencing substance-use problems.,"Um, I'd like to make sure that I'd, you know, in terms of respecting myself and my body, I'd like to, you know, try to drink less.","-to-to make it a little smoother. Okay. So, kind of thinking along those lines, how important is it to you make some changes or make some adjustments to your drinking to sort of fit with your values and your goals for yourself?",AnnoMI-derived authentic counseling turn,substance-use counseling
562,Provide a supportive motivational-interviewing counseling response for a person experiencing substance-use problems.,-if you know what I mean.,Okay.,AnnoMI-derived authentic counseling turn,substance-use counseling
563,Provide a supportive motivational-interviewing counseling response for a person experiencing substance-use problems.,"In other words, think about it more, don't- don't just do it automatically.","Okay. So Jean, I really want to congratulate you on taking this very important first step towards addressing this problem that you've had for such a long time, but as the first small step, I wonder whether you'd be open to actually just monitoring your smoking for the next week. And the reason why I say that- because as you were mentioning to me, smoking is so automatic for you that sometimes writing it down helps make every cigarette a conscious act. And I noticed that you were saying to me, you feel a loss of control over these cigarettes. And sometimes just being mindful and writing something down will help you get some control over what you're doing. And that's often the first small step. What are your thoughts about that?",AnnoMI-derived authentic counseling turn,substance-use counseling
564,Provide a non-judgmental counseling response to a person struggling with drug use.,I feel ashamed because I promised myself I would stop.,It sounds like you are carrying a lot of shame. You deserve support rather than judgment. What would be one compassionate and realistic step you could take toward recovery today? There is no need to judge yourself while we explore what happened. Understanding the pattern can help you make a different choice.,synthetic drug-recovery counseling augmentation,drug-use recovery counseling - shame
565,Provide a supportive motivational-interviewing counseling response for a person experiencing substance-use problems.,-I was just planning on telling them that I don't really want to drink anymore. That wasn't me.,-to stop drinking.,AnnoMI-derived authentic counseling turn,substance-use counseling
566,Provide a supportive motivational-interviewing counseling response for a person experiencing substance-use problems.,"So, I'm like normal.",Mm-hmm.,AnnoMI-derived authentic counseling turn,substance-use counseling
567,Provide a supportive motivational-interviewing counseling response for a person experiencing substance-use problems.,"No, but I got grounded for two weeks after that. [chuckles]",Mm-hmm. Have you told your mother that you drink with your friends?,AnnoMI-derived authentic counseling turn,substance-use counseling
568,Provide a supportive motivational-interviewing counseling response for a person experiencing substance-use problems.,"Um, okay. Uh, well, I guess I drink like a glass of wine at supper every night, and just to, you know, relax a little with my friends if I go out. So wine has always been a kind of a family tradition with supper. So-",Okay. So what about maybe sharing a little bit about your alcohol intake and maybe a little bit about what your- what your life's like a little bit for me today?,AnnoMI-derived authentic counseling turn,substance-use counseling
569,Respond as a supportive addiction counselor using motivational interviewing.,I feel ashamed because I promised myself I would stop.,It sounds like you are carrying a lot of shame. You deserve support rather than judgment. What would be one compassionate and realistic step you could take toward recovery today? There is no need to judge yourself while we explore what happened. Understanding the pattern can help you make a different choice.,synthetic drug-recovery counseling augmentation,drug-use recovery counseling - shame
570,Provide a supportive motivational-interviewing counseling response for a person experiencing substance-use problems.,"Yeah, sure.",I could see you again in a month. Would that work out for you?,AnnoMI-derived authentic counseling turn,substance-use counseling
571,Provide a supportive motivational-interviewing counseling response for a person experiencing substance-use problems.,Sure.,Would you like to answer some questions and kind of do a self-evaluation about how you're feeling around alcohol and the contraception?,AnnoMI-derived authentic counseling turn,substance-use counseling
572,Provide a supportive motivational-interviewing counseling response for a person experiencing substance-use problems.,"Well, it was raining. I didn't want my science fair project to get wet. I knew my parents were—","So, what you told me earlier was that you've got into a car with someone you knew had smoked marijuana earlier. What were you thinking?",AnnoMI-derived authentic counseling turn,substance-use counseling
573,Provide a supportive motivational-interviewing counseling response for a person experiencing substance-use problems.,"Yes, that’s fine with me.",That's great. So should we meet up at the same time next week then?,AnnoMI-derived authentic counseling turn,substance-use counseling
574,Provide a supportive motivational-interviewing counseling response for a person experiencing substance-use problems.,Okay.,"Okay. Well thanks for listening, and honestly, I- I am really worried about the smoking, so--",AnnoMI-derived authentic counseling turn,substance-use counseling
575,"Give a brief, empathetic counseling response focused on recovery and safety.",I am worried that I will never be able to stay in recovery.,"It sounds like you are worried about your ability to maintain recovery. What is one time when you managed a difficult situation without using, and what helped you then? You do not have to figure everything out at once. We can focus on one manageable step.",synthetic drug-recovery counseling augmentation,drug-use recovery counseling - confidence
576,Provide a supportive motivational-interviewing counseling response for a person experiencing substance-use problems.,"Right, I mean, I don't drink that much and, honestly, it-it's just a good way to relax.","So, you've decided you wanna cut back on your smoking a little bit, but, you're not really concerned about your drinking.",AnnoMI-derived authentic counseling turn,substance-use counseling
577,Provide a supportive motivational-interviewing counseling response for a person experiencing substance-use problems.,Yes.,-birth control issue and this importance comes down as your reason why you're not down here.,AnnoMI-derived authentic counseling turn,substance-use counseling
578,Provide a non-judgmental counseling response to a person struggling with drug use.,I use drugs when I feel stressed and overwhelmed.,"You have noticed a connection between stress and drug use, which is useful information. What are some safer ways you have handled stress in the past, even if they only helped a little? There is no need to judge yourself while we explore what happened. Understanding the pattern can help you make a different choice.",synthetic drug-recovery counseling augmentation,drug-use recovery counseling - stress trigger
579,Provide a supportive motivational-interviewing counseling response for a person experiencing substance-use problems.,Mm-hmm. I-I don't know what I'm going to do about it.,"All right. So it sounds like you've been smoking for such a long time and then this diagnosis was given to you, uh, and now that's really causing you to be afraid and frightened.",AnnoMI-derived authentic counseling turn,substance-use counseling
580,Provide a supportive motivational-interviewing counseling response for a person experiencing substance-use problems.,"Yeah, just a sense of like fitting in and not-- And like getting accepted-","-having people who are good friends, too, is important. And then, what about belonging? You mentioned that one too.",AnnoMI-derived authentic counseling turn,substance-use counseling
581,Provide a supportive motivational-interviewing counseling response for a person experiencing substance-use problems.,Are you serious?,"Mm-hmm. Okay. So let me just show you on this, um, card here, um, from a medical perspective, we know that there's good evidence that shows that women you're age who drink more than, um, three drinks on any one occasion at any- at any sitting or more than seven in a week, are likely to run into health problems from their drinking, either problems they're having right now or maybe in the future.",AnnoMI-derived authentic counseling turn,substance-use counseling
582,Provide a supportive motivational-interviewing counseling response for a person experiencing substance-use problems.,"-and a couple of my other friends have tried to call me as well, and I haven't answered the phone. Um, so it's been good for me to just reach out and like, meet a couple of new people, um, in the neigh-neighborhood that I'm living in.",Okay.,AnnoMI-derived authentic counseling turn,substance-use counseling
583,Provide a supportive motivational-interviewing counseling response for a person experiencing substance-use problems.,"Prostate cancer, that didn't do it.",Mm-hmm.,AnnoMI-derived authentic counseling turn,substance-use counseling
584,Provide a supportive motivational-interviewing counseling response for a person experiencing substance-use problems.,"-sounds shocking. But to me it-it's- it doesn't feel that way, you know, that's kind of where that, where it kind of doesn't sit right. I, [clears throat] that's why I kind of got a bit miffed at my friends a little bit, or I dunno, a bit defensive there. 'Cause you know, it sounds a lot, but it doesn't feel out of control or anything, you know. It doesn't feel, I dunno, people that need to go and see therapists or whatever you kind of go, ""Oh, they're an addict."" You know. They-- Their health is really bad and they need urgent help right now quickly, Uh, well, at least that's kind of the-the feeling you get. And I don't feel that at all. I don't feel like it's a real urgent thing. So that-",Mm.,AnnoMI-derived authentic counseling turn,substance-use counseling
585,Provide a supportive motivational-interviewing counseling response for a person experiencing substance-use problems.,Uh-,Yeah.,AnnoMI-derived authentic counseling turn,substance-use counseling
586,Provide a supportive motivational-interviewing counseling response for a person experiencing substance-use problems.,"That means a new wardrobe, which I'd like to have, but I can't afford it.",Mm-hmm.,AnnoMI-derived authentic counseling turn,substance-use counseling
587,Provide a supportive motivational-interviewing counseling response for a person experiencing substance-use problems.,Gonna get that again.,Possibly-,AnnoMI-derived authentic counseling turn,substance-use counseling
588,"Give a brief, empathetic counseling response focused on recovery and safety.","My family keeps telling me to get help, but I do not know where to start.",Reaching out can be a strong first step. Would you be open to talking with a qualified addiction counselor or healthcare professional about support options that fit your situation?,synthetic drug-recovery counseling augmentation,drug-use recovery counseling - professional help
589,Provide a supportive motivational-interviewing counseling response for a person experiencing substance-use problems.,Yeah.,"Yeah, the fact that your drinking stands out from others is clearly not something you had ever really taken into consideration before?",AnnoMI-derived authentic counseling turn,substance-use counseling
590,Provide a supportive motivational-interviewing counseling response for a person experiencing substance-use problems.,Yes.,And there's some things that you might be able to do that would make it easier to not use methamphetamine including talking to your sister and getting some support.,AnnoMI-derived authentic counseling turn,substance-use counseling
591,Provide a supportive motivational-interviewing counseling response for a person experiencing substance-use problems.,Yeah.,You want this baby.,AnnoMI-derived authentic counseling turn,substance-use counseling
592,Provide a supportive motivational-interviewing counseling response for a person experiencing substance-use problems.,"Uh, yeah, yeah. It's fine. Let's do that.",Okay. I'd like to hear how your plan worked out for you if you're willing to come back for another appointment. I look forward to hearing about what worked for you and what was challenging say in four weeks.,AnnoMI-derived authentic counseling turn,substance-use counseling
593,Provide a supportive motivational-interviewing counseling response for a person experiencing substance-use problems.,"Jeez, no. I didn't think I was that bad.","Mm-hmm. Well, I just wanted to just show you this little chart here. For your age as a male, you're drinking more than those at a low-risk level. Um, the low-risk level for men under 65 is no more than 14 drinks a week and no more than four a day. And, in this case, a drink is considered 12 ounces of beer, 5 ounces of wine, or an ounce and a half of distilled spirits. And you're right, you're not drinking as much as some people out there. The way you answered our questions here, you're actually falling in the high-risk category, the risky or hazardous category, category two.",AnnoMI-derived authentic counseling turn,substance-use counseling
594,Provide a supportive motivational-interviewing counseling response for a person experiencing substance-use problems.,Yeah.,"Okay. So, that really sounds like something we can do.",AnnoMI-derived authentic counseling turn,substance-use counseling
595,Provide a supportive motivational-interviewing counseling response for a person experiencing substance-use problems.,"I don't know what to do. I've tried to quit smoking. I've had, uh, I've taken pills, I've taken the patch.","Okay. So what I'm hearing you say is that, although you want to quit smoking in the next six months, you're feeling a bit, um, under-confident that you'll actually be able to do this and you're-you're worried about failing.",AnnoMI-derived authentic counseling turn,substance-use counseling
596,Provide a supportive motivational-interviewing counseling response for a person experiencing substance-use problems.,"And, um, you know, sometimes they're those- those, uh, nice young men that gift you different sorts of things. And we got some of those mini cigars that are Swisher sweets, they come in peach and-and grape and-and, you know, that's the only time that really, you know, I've ever really used anything that-that's got tobacco in it.",Mm-hmm.,AnnoMI-derived authentic counseling turn,substance-use counseling
597,Provide a supportive motivational-interviewing counseling response for a person experiencing substance-use problems.,"Um, it's really stupid. Uh, I was at a pub crawl last night and you know how pub crawls are. You have a few drinks and then I thought it was a really good idea to catch up with my friends who are, yeah, they're in front of me. So I just like jumped off the stairs of the bus and I was wearing these like stilettos 'cause it was a 90s-themed pub crawl. Anyway, and then I just like fell on my ankle. It was really embarrassing.",So I know we've determined that you sprained your ankle yesterday and I'm wondering if you can tell me a little bit about how that happened?,AnnoMI-derived authentic counseling turn,substance-use counseling
598,Provide a non-judgmental counseling response to a person struggling with drug use.,"My family keeps telling me to get help, but I do not know where to start.",Reaching out can be a strong first step. Would you be open to talking with a qualified addiction counselor or healthcare professional about support options that fit your situation? You do not have to figure everything out at once. We can focus on one manageable step.,synthetic drug-recovery counseling augmentation,drug-use recovery counseling - professional help
599,Provide a supportive motivational-interviewing counseling response for a person experiencing substance-use problems.,It kind of puts a downer on my- on my fun.,Okay.,AnnoMI-derived authentic counseling turn,substance-use counseling
600,Provide a supportive motivational-interviewing counseling response for a person experiencing substance-use problems.,"So, that would be one.",Mm-hmm.,AnnoMI-derived authentic counseling turn,substance-use counseling
601,Provide a supportive motivational-interviewing counseling response for a person experiencing substance-use problems.,Okay.,And do you mind if we talk about a screening form that you filled out earlier today on drug use?,AnnoMI-derived authentic counseling turn,substance-use counseling
602,Provide a supportive motivational-interviewing counseling response for a person experiencing substance-use problems.,"I have, um, you know, I have two-two separate groups. I have my friends from class and then my friends from bra-- from band.",-friends outside of band or?,AnnoMI-derived authentic counseling turn,substance-use counseling
603,Provide a non-judgmental counseling response to a person struggling with drug use.,I am worried that I will never be able to stay in recovery.,"It sounds like you are worried about your ability to maintain recovery. What is one time when you managed a difficult situation without using, and what helped you then?",synthetic drug-recovery counseling augmentation,drug-use recovery counseling - confidence
604,Provide a supportive motivational-interviewing counseling response for a person experiencing substance-use problems.,Mm-hmm.,"Okay. Um, so gosh, you're-you're actually really drinking quite a lot. Um, you know, your level of drinking puts you in what we call a high-risk group.",AnnoMI-derived authentic counseling turn,substance-use counseling
605,Provide a supportive motivational-interviewing counseling response for a person experiencing substance-use problems.,"They say it's awful. Um, being cranky.",Mm.,AnnoMI-derived authentic counseling turn,substance-use counseling
606,Respond as a supportive addiction counselor using motivational interviewing.,I do not think my drug use is as serious as my family thinks.,"It sounds like you and your family see the situation differently. Rather than judging you, I would like to understand your view. What concerns, if any, do you have about your drug use? You do not have to figure everything out at once. We can focus on one manageable step.",synthetic drug-recovery counseling augmentation,drug-use recovery counseling - readiness
607,Provide a supportive motivational-interviewing counseling response for a person experiencing substance-use problems.,"Well, I know, like, they say not to, but I thought because my friends didn't really care, I thought, ""Okay. Like maybe-maybe it doesn't matter. Maybe it's just what they tell you."" Just like drinking, in general, is bad.","Okay. So, you've got a lot of concerns about what's happened to- up until this point, as far as your drinking. What do you know about, um, drinking alcohol throughout pregnancy?",AnnoMI-derived authentic counseling turn,substance-use counseling
608,Provide a supportive motivational-interviewing counseling response for a person experiencing substance-use problems.,But I haven't really thought about possible alcoholism or anything.,Uh-huh.,AnnoMI-derived authentic counseling turn,substance-use counseling
609,Provide a supportive motivational-interviewing counseling response for a person experiencing substance-use problems.,"Yeah, I've thought about it. I'm just-- It's not my cup-- I-I-I hear it from everybody, and, uh, I've tried- I've tried before, didn't work. I get it all the time.",Any thoughts on considering quitting smoking at this time?,AnnoMI-derived authentic counseling turn,substance-use counseling
610,Provide a supportive motivational-interviewing counseling response for a person experiencing substance-use problems.,-or I don't feel like I need to,Sure.,AnnoMI-derived authentic counseling turn,substance-use counseling
611,Provide a supportive motivational-interviewing counseling response for a person experiencing substance-use problems.,"Well, you know, I was thinking along the lines of meditation. Um, you know, I- I do practice yoga, um, not consistently, but on and off. Um, and when I was in the hospital, I had to do that breathing apparatus and they didn't want to let me go now, like, you know- you know what, I'm not doing that it's already blurry then to this thing, to see the level, um, some pretty obstinate about it and yet I want to do it, you know?",It doesn't matter. So what- what ideas do you have about what might be most helpful for you in quitting smoking?,AnnoMI-derived authentic counseling turn,substance-use counseling
612,Provide a supportive motivational-interviewing counseling response for a person experiencing substance-use problems.,"So, uh, are you saying I drink too much?","Okay. Well, the reason why I like to talk to patients when they fill out this form is because sometimes, uh, alcohol use can impact our health. Um, and my role is to be helpful. I can share some information with you about alcohol use, um, but I don't tell anyone what to do. It's always up to the patient to decide what they wanna do about their drinking. Um, so is it okay if we talk a little bit more about your alcohol use?",AnnoMI-derived authentic counseling turn,substance-use counseling
613,Provide a supportive motivational-interviewing counseling response for a person experiencing substance-use problems.,"-and we usually sleep over each other's house, we don't get into the problems of drinking and driving, and possibly sexual assaults and things like that.",Uh-huh.,AnnoMI-derived authentic counseling turn,substance-use counseling
614,Provide a supportive motivational-interviewing counseling response for a person experiencing substance-use problems.,Yeah.,"-the thing that helps you just unwind, put an end to the work section and move into your own time.",AnnoMI-derived authentic counseling turn,substance-use counseling
615,Provide a supportive motivational-interviewing counseling response for a person experiencing substance-use problems.,"I did a peppermint oil once, someone shared it with me.",Do you vape anything else besides marijuana?,AnnoMI-derived authentic counseling turn,substance-use counseling
616,Provide a supportive motivational-interviewing counseling response for a person experiencing substance-use problems.,"And I'm still gonna try that when I get the urge to let it go, fight it, and maybe not go out for a cigarette until the next urge comes.",Right.,AnnoMI-derived authentic counseling turn,substance-use counseling
617,"Give a brief, empathetic counseling response focused on recovery and safety.",I use drugs when I feel stressed and overwhelmed.,"You have noticed a connection between stress and drug use, which is useful information. What are some safer ways you have handled stress in the past, even if they only helped a little? If you are comfortable, we can explore what matters most to you and identify a practical next step.",synthetic drug-recovery counseling augmentation,drug-use recovery counseling - stress trigger
618,Provide a supportive motivational-interviewing counseling response for a person experiencing substance-use problems.,"But after that, I haven't- but I do have friends that still do sometimes, so I'll end up like having to take care of them or something and-",Mm-hmm.,AnnoMI-derived authentic counseling turn,substance-use counseling
619,Provide a supportive motivational-interviewing counseling response for a person experiencing substance-use problems.,"You know, I always love, um, I've been in other group therapies-",Yeah. Is it appealing the thought of quitting with a group at the same time?,AnnoMI-derived authentic counseling turn,substance-use counseling
620,Provide a supportive motivational-interviewing counseling response for a person experiencing substance-use problems.,"Um, that was about two to three years ago.",Want the good [crosstalk] no good right? And how long ago was that that you—,AnnoMI-derived authentic counseling turn,substance-use counseling
621,Provide a supportive motivational-interviewing counseling response for a person experiencing substance-use problems.,It is. It really is. It's a monkey on my back,It is becoming a pain in the butt,AnnoMI-derived authentic counseling turn,substance-use counseling
622,Provide a supportive motivational-interviewing counseling response for a person experiencing substance-use problems.,"Well, [coughs] I must say I was a bit, um, you know, at the start when I was sort of saying I, you know, this is how often I do it and then I found myself talking about the kind of the weekday stuff I kinda took myself back a bit there. I suppose, you know, on a Wednesday by yourself like it doesn't sound that good.",What could be a- what could be a first step towards that?,AnnoMI-derived authentic counseling turn,substance-use counseling
623,Provide a supportive motivational-interviewing counseling response for a person experiencing substance-use problems.,"-at present, but when the doctor told me this morning what could be waiting for me in the future-",Mm-hmm.,AnnoMI-derived authentic counseling turn,substance-use counseling
624,Act as a recovery-support counselor and encourage reflection and a realistic next step.,"I want to make healthier choices, but I feel stuck.",Feeling stuck can make change seem overwhelming. What is one small change that feels realistic this week and could move you a little closer to the life you want? You do not have to figure everything out at once. We can focus on one manageable step.,synthetic drug-recovery counseling augmentation,drug-use recovery counseling - small steps
625,Provide a supportive motivational-interviewing counseling response for a person experiencing substance-use problems.,And agitation really-,"Okay. So, um, but you gave it a good try and it was just not a good fit for you like you-you really listened to what your body told you like nightmares, nausea, I mean those are really bad things.",AnnoMI-derived authentic counseling turn,substance-use counseling
626,Provide a supportive motivational-interviewing counseling response for a person experiencing substance-use problems.,All right.,Okay. That sounds good.,AnnoMI-derived authentic counseling turn,substance-use counseling
627,Use motivational interviewing principles to respond to this substance-use concern.,Part of me wants recovery and another part of me still wants to use.,"It is possible to have mixed feelings about recovery. What are the strongest reasons you want to stop, and what do you feel you would be giving up by stopping? If you are comfortable, we can explore what matters most to you and identify a practical next step.",synthetic drug-recovery counseling augmentation,drug-use recovery counseling - mixed feelings
628,Respond as a supportive addiction counselor using motivational interviewing.,I have been using drugs again and I feel like I am losing control.,Thank you for being honest about that. It sounds like the drug use is feeling increasingly difficult to control. What would you most like to change about your situation right now?,synthetic drug-recovery counseling augmentation,drug-use recovery counseling - loss of control
629,Use motivational interviewing principles to respond to this substance-use concern.,I have been avoiding people because I am embarrassed about my drug use.,"It sounds like embarrassment has been pushing you away from others. Is there one trusted person you would feel comfortable talking to, even if you are not ready to tell them everything? Your willingness to talk about this is already a meaningful step. We can work through it gradually.",synthetic drug-recovery counseling augmentation,drug-use recovery counseling - isolation
630,Provide a supportive motivational-interviewing counseling response for a person experiencing substance-use problems.,Okay.,"That's great. And I hope you continue to avoid those things. As your doctor, I want you to know that I'm concerned about your drinking. When teens drink, things can go wrong, like injuring yourself. Even when you don't drink too excess, though, your brain is still developing and is very sensitive to the effects of alcohol.",AnnoMI-derived authentic counseling turn,substance-use counseling
631,Provide a supportive motivational-interviewing counseling response for a person experiencing substance-use problems.,It's just there.,"Uh-huh. So, it's kind of something that you're—",AnnoMI-derived authentic counseling turn,substance-use counseling
632,Provide a supportive motivational-interviewing counseling response for a person experiencing substance-use problems.,"Yeah, absolutely.","Um, well the good news is that the exam's over and I don't think Jake has pneumonia. What I actually think he has is a cold. So there are some things you could do to manage his symptoms. Would you be interested in knowing?",AnnoMI-derived authentic counseling turn,substance-use counseling
633,Provide a supportive motivational-interviewing counseling response for a person experiencing substance-use problems.,"Well, I can get suspended and I would get kicked off the team, the basketball team.",How could you get in trouble at school?,AnnoMI-derived authentic counseling turn,substance-use counseling
634,"Give a brief, empathetic counseling response focused on recovery and safety.",I had a difficult day and immediately thought about using.,"It sounds like a difficult day quickly triggered the urge to use. What happened today, and what might help you respond differently if a similar situation happens again? Your willingness to talk about this is already a meaningful step. We can work through it gradually.",synthetic drug-recovery counseling augmentation,drug-use recovery counseling - trigger awareness
635,Provide a supportive motivational-interviewing counseling response for a person experiencing substance-use problems.,"Um, and I met a couple new friends.",Good.,AnnoMI-derived authentic counseling turn,substance-use counseling
636,Use motivational interviewing principles to respond to this substance-use concern.,"My friends use drugs, and it makes staying sober difficult.","That environment can make recovery harder. Which people or places feel safer for you, and how might you create more distance from situations that increase the urge to use? There is no need to judge yourself while we explore what happened. Understanding the pattern can help you make a different choice.",synthetic drug-recovery counseling augmentation,drug-use recovery counseling - social environment
637,Provide a supportive motivational-interviewing counseling response for a person experiencing substance-use problems.,Yeah.,"Mm-hmm. It's harder when you're trying to create your career, get that going. You gotta- you gotta be at your- at your top, top pitch.",AnnoMI-derived authentic counseling turn,substance-use counseling
638,Provide a supportive motivational-interviewing counseling response for a person experiencing substance-use problems.,"Um, I forget how many drinks I've had like when a friend asks me or I forget whose house I'm at.",What kind of things do you forget?,AnnoMI-derived authentic counseling turn,substance-use counseling
639,Provide a supportive motivational-interviewing counseling response for a person experiencing substance-use problems.,"-and I found it was okay. It got a little bit scary on the weekend because, uh, uh, the urge has kept on coming-",Mm.,AnnoMI-derived authentic counseling turn,substance-use counseling
640,Provide a supportive motivational-interviewing counseling response for a person experiencing substance-use problems.,Sure.,-and you answered some questions about your marijuana use. Would it be okay if I asked you some questions about how marijuana plays a role in your life?,AnnoMI-derived authentic counseling turn,substance-use counseling
641,Provide a supportive motivational-interviewing counseling response for a person experiencing substance-use problems.,"Okay, yeah.","Oh, that's a great question. So, a lot of times, kids who are trying to cut back, it's harder if their friends are still drinking, and one of the easiest things is trying to have more activities that don't involve alcohol, but-",AnnoMI-derived authentic counseling turn,substance-use counseling
642,Provide a supportive motivational-interviewing counseling response for a person experiencing substance-use problems.,"Um, due to just circumstance of, I mean, I just yeah, had my boyfriend for six years before that and-","Oh, this is the first time anything like this has come up?",AnnoMI-derived authentic counseling turn,substance-use counseling
643,"Give a brief, empathetic counseling response focused on recovery and safety.",I use drugs when I feel stressed and overwhelmed.,"You have noticed a connection between stress and drug use, which is useful information. What are some safer ways you have handled stress in the past, even if they only helped a little? You do not have to figure everything out at once. We can focus on one manageable step.",synthetic drug-recovery counseling augmentation,drug-use recovery counseling - stress trigger
644,Act as a recovery-support counselor and encourage reflection and a realistic next step.,I am worried about going back to my old environment after treatment.,"Returning to a familiar environment can bring strong reminders and triggers. What people, places, or routines might make recovery harder, and what support could you arrange before returning? There is no need to judge yourself while we explore what happened. Understanding the pattern can help you make a different choice.",synthetic drug-recovery counseling augmentation,drug-use recovery counseling - aftercare
645,Provide a supportive motivational-interviewing counseling response for a person experiencing substance-use problems.,"I mean, I smoke a little less than a pack a day. It's not too bad. Um, I've probably smoked for the last five years, but I-I-I mean, could quit if I wanted to, but I don't really want to right now.",Okay. Tell me a little bit about how smoking fits in your day. It'll help with the—,AnnoMI-derived authentic counseling turn,substance-use counseling
646,Provide a non-judgmental counseling response to a person struggling with drug use.,I have been avoiding people because I am embarrassed about my drug use.,"It sounds like embarrassment has been pushing you away from others. Is there one trusted person you would feel comfortable talking to, even if you are not ready to tell them everything? If you are comfortable, we can explore what matters most to you and identify a practical next step.",synthetic drug-recovery counseling augmentation,drug-use recovery counseling - isolation
647,Provide a supportive motivational-interviewing counseling response for a person experiencing substance-use problems.,"Yeah. And I'm just- you know, you can't just one day flick a switch and become a new person.","While this baby's growing in you and you think of all the opportunities that could come out of this, there's a part of you that says, ""I'm still that same girl that was drinking and partying,"" and-and maybe not living the life you wanted to live.",AnnoMI-derived authentic counseling turn,substance-use counseling
648,Provide a supportive motivational-interviewing counseling response for a person experiencing substance-use problems.,"Uh, they're pretty good, you know, high three-point somethings.",All right. And how about your grades?,AnnoMI-derived authentic counseling turn,substance-use counseling
649,Provide a supportive motivational-interviewing counseling response for a person experiencing substance-use problems.,"I don't know. I-I think about it now, I don't even know how I did it. I just- I just did it. You know, I just- I just couldn't imagine like him not being born or going into labor early-",How were you successful when you quit before?,AnnoMI-derived authentic counseling turn,substance-use counseling
650,Provide a supportive motivational-interviewing counseling response for a person experiencing substance-use problems.,"Um, no, no. I think I'm good.","-and you're still not drinking and not hanging out with any people who are drinking. Um, is there anything else you'd like to talk about while you're here?",AnnoMI-derived authentic counseling turn,substance-use counseling
651,Provide a supportive motivational-interviewing counseling response for a person experiencing substance-use problems.,I can play basketball with my friend Sarah.,Anything else?,AnnoMI-derived authentic counseling turn,substance-use counseling
652,Act as a recovery-support counselor and encourage reflection and a realistic next step.,I use drugs when I feel stressed and overwhelmed.,"You have noticed a connection between stress and drug use, which is useful information. What are some safer ways you have handled stress in the past, even if they only helped a little? You do not have to figure everything out at once. We can focus on one manageable step.",synthetic drug-recovery counseling augmentation,drug-use recovery counseling - stress trigger
653,Provide a supportive motivational-interviewing counseling response for a person experiencing substance-use problems.,Yeah. Sure.,"Okay. So you-- that's cutting back quite a bit. That's a big step. So since we're kind of running out of time here today, I'm wondering if we could-- would be willing to come back in about four weeks to review this plan?",AnnoMI-derived authentic counseling turn,substance-use counseling
654,Provide a supportive motivational-interviewing counseling response for a person experiencing substance-use problems.,This is not what I want for my life.,This is not what you've envisioned.,AnnoMI-derived authentic counseling turn,substance-use counseling
655,Provide a supportive motivational-interviewing counseling response for a person experiencing substance-use problems.,"Yeah, yeah, yeah, yeah, [unintelligible 00:01:13] hmm.","Okay. And it's like here I am one more person, the next- the next doctor who's saying, ""You need to quit smoking, David.""",AnnoMI-derived authentic counseling turn,substance-use counseling
656,Provide a supportive motivational-interviewing counseling response for a person experiencing substance-use problems.,-hang out and have a good time.,Yeah.,AnnoMI-derived authentic counseling turn,substance-use counseling
657,Act as a recovery-support counselor and encourage reflection and a realistic next step.,"I am trying to change, but I do not know what triggers my drug use.","We can explore that together without judgment. Think about the moments before you usually use: where are you, who are you with, and what emotions or thoughts are present? There is no need to judge yourself while we explore what happened. Understanding the pattern can help you make a different choice.",synthetic drug-recovery counseling augmentation,drug-use recovery counseling - trigger identification
658,Provide a supportive motivational-interviewing counseling response for a person experiencing substance-use problems.,"Well, that was fine until I came here, uh, but now that I know about the health risk, uh, I have something I gotta think about.",And so what about your drinking do you not like or is there anything that worries you about your drinking?,AnnoMI-derived authentic counseling turn,substance-use counseling
659,Provide a supportive motivational-interviewing counseling response for a person experiencing substance-use problems.,"I don't think they realize, uh, that I'm doing it or how much I'm doing it.","And your parents are a support for you and support you from giving up the drinking, the alcohol use, that's something that they would support-",AnnoMI-derived authentic counseling turn,substance-use counseling
660,Provide a non-judgmental counseling response to a person struggling with drug use.,I have been avoiding people because I am embarrassed about my drug use.,"It sounds like embarrassment has been pushing you away from others. Is there one trusted person you would feel comfortable talking to, even if you are not ready to tell them everything?",synthetic drug-recovery counseling augmentation,drug-use recovery counseling - isolation
661,Provide a supportive motivational-interviewing counseling response for a person experiencing substance-use problems.,"Okay, thanks.","Okay. You're sure? Okay. All right. Um, well, that's probably it then. You can, uh, head back to class and-and thanks for coming in.",AnnoMI-derived authentic counseling turn,substance-use counseling
662,Provide a supportive motivational-interviewing counseling response for a person experiencing substance-use problems.,"Right right, yeah.","Okay. So, you-you wanna look good, you know, and she's proud of you I'm sure anyway and then this just would be an added benefit. Yeah.",AnnoMI-derived authentic counseling turn,substance-use counseling
663,Provide a supportive motivational-interviewing counseling response for a person experiencing substance-use problems.,Yeah.,Does that sound okay?,AnnoMI-derived authentic counseling turn,substance-use counseling
664,"Give a brief, empathetic counseling response focused on recovery and safety.",I have been using drugs again and I feel like I am losing control.,Thank you for being honest about that. It sounds like the drug use is feeling increasingly difficult to control. What would you most like to change about your situation right now? There is no need to judge yourself while we explore what happened. Understanding the pattern can help you make a different choice.,synthetic drug-recovery counseling augmentation,drug-use recovery counseling - loss of control
665,Use motivational interviewing principles to respond to this substance-use concern.,I am worried that I will never be able to stay in recovery.,"It sounds like you are worried about your ability to maintain recovery. What is one time when you managed a difficult situation without using, and what helped you then?",synthetic drug-recovery counseling augmentation,drug-use recovery counseling - confidence
666,Provide a supportive motivational-interviewing counseling response for a person experiencing substance-use problems.,"Probably, might be too judgmental.",- maybe not very good friends.,AnnoMI-derived authentic counseling turn,substance-use counseling
667,Provide a supportive motivational-interviewing counseling response for a person experiencing substance-use problems.,That's a good point. I hadn't really thought about that. That-that's a good idea. Yeah.,"Sure. I wonder if now that your workplace is going smoke-free, if there will be some people at work who planning to quit.",AnnoMI-derived authentic counseling turn,substance-use counseling
668,Use motivational interviewing principles to respond to this substance-use concern.,I am worried that I will never be able to stay in recovery.,"It sounds like you are worried about your ability to maintain recovery. What is one time when you managed a difficult situation without using, and what helped you then? If you are comfortable, we can explore what matters most to you and identify a practical next step.",synthetic drug-recovery counseling augmentation,drug-use recovery counseling - confidence
669,Provide a supportive motivational-interviewing counseling response for a person experiencing substance-use problems.,So-,Okay.,AnnoMI-derived authentic counseling turn,substance-use counseling
670,Provide a supportive motivational-interviewing counseling response for a person experiencing substance-use problems.,So—,Okay.,AnnoMI-derived authentic counseling turn,substance-use counseling
671,Act as a recovery-support counselor and encourage reflection and a realistic next step.,I have been avoiding people because I am embarrassed about my drug use.,"It sounds like embarrassment has been pushing you away from others. Is there one trusted person you would feel comfortable talking to, even if you are not ready to tell them everything? You do not have to figure everything out at once. We can focus on one manageable step.",synthetic drug-recovery counseling augmentation,drug-use recovery counseling - isolation
672,Provide a supportive motivational-interviewing counseling response for a person experiencing substance-use problems.,"So I played that for like six years, once a clarinet, dabbled here and there with different things. And then I found the one- the one for me.",No kidding.,AnnoMI-derived authentic counseling turn,substance-use counseling
673,Provide a non-judgmental counseling response to a person struggling with drug use.,I want to recover but I am afraid of what life will be like without drugs.,"That fear makes sense because recovery can involve major changes. What parts of life without drugs worry you most, and what kind of support might make those changes feel safer? There is no need to judge yourself while we explore what happened. Understanding the pattern can help you make a different choice.",synthetic drug-recovery counseling augmentation,drug-use recovery counseling - fear of recovery
674,Provide a supportive motivational-interviewing counseling response for a person experiencing substance-use problems.,"Um, well, first things first, if I could take a brochure home maybe, um, you know, show it to my partner and-and-and get-get their support, um, I think that's really gonna help me, and kind of changing our-our habits, or, you know, putting the alcohol away, out of sight. Um, I think that's probably the best thing I can do, like, today when I get home.","What would you feel like would be helpful as far as next steps, like when you think about maybe moving away from drinking alcohol throughout the rest of your pregnancy?",AnnoMI-derived authentic counseling turn,substance-use counseling
675,Respond as a supportive addiction counselor using motivational interviewing.,"I can stay away from drugs for a while, then the cravings become strong.","You have already shown that you can stay away for periods of time. What usually happens just before a craving becomes strongest, and what has helped you get through a craving safely?",synthetic drug-recovery counseling augmentation,drug-use recovery counseling - cravings
676,Respond as a supportive addiction counselor using motivational interviewing.,I am scared that my drug use is damaging my relationships.,"It sounds like your relationships are very important to you. How has your drug use affected the people you care about, and what change would you most like them to see?",synthetic drug-recovery counseling augmentation,drug-use recovery counseling - relationships
677,Provide a supportive motivational-interviewing counseling response for a person experiencing substance-use problems.,"Well, I guess, now, that I think about it, maybe it's sort of gone beyond that, maybe I didn't notice that.",And you're not experiencing where these two things are separate? They just seem to be together more often than not?,AnnoMI-derived authentic counseling turn,substance-use counseling
678,Provide a supportive motivational-interviewing counseling response for a person experiencing substance-use problems.,It's one of those tough things.,Okay.,AnnoMI-derived authentic counseling turn,substance-use counseling
679,Provide a supportive motivational-interviewing counseling response for a person experiencing substance-use problems.,I think I'd just like to do what I did this first week. I liked the idea of marking it down.,"Okay. So, from now to the next time you come back and see me, what is it that you'd like to-to work on?",AnnoMI-derived authentic counseling turn,substance-use counseling
680,Act as a recovery-support counselor and encourage reflection and a realistic next step.,"I can stay away from drugs for a while, then the cravings become strong.","You have already shown that you can stay away for periods of time. What usually happens just before a craving becomes strongest, and what has helped you get through a craving safely? There is no need to judge yourself while we explore what happened. Understanding the pattern can help you make a different choice.",synthetic drug-recovery counseling augmentation,drug-use recovery counseling - cravings
681,Respond as a supportive addiction counselor using motivational interviewing.,I am scared that my drug use is damaging my relationships.,"It sounds like your relationships are very important to you. How has your drug use affected the people you care about, and what change would you most like them to see? Your willingness to talk about this is already a meaningful step. We can work through it gradually.",synthetic drug-recovery counseling augmentation,drug-use recovery counseling - relationships
682,Provide a supportive motivational-interviewing counseling response for a person experiencing substance-use problems.,So I feel that there-there's a future in that.,Okay.,AnnoMI-derived authentic counseling turn,substance-use counseling
683,Provide a supportive motivational-interviewing counseling response for a person experiencing substance-use problems.,"Yeah, the new friends, and I've been using the, you know, the breathing exercises you taught me, when I get-- start to feel a little stressed out, and I've been- I've been using those and it helps me. I go for a walk and do my breathing exercises, and it calms me down and kind of gets me through that time.","So it sounds like you've made some good changes. The change in your environment, and some of your behaviors, and, uh, and these new friends.",AnnoMI-derived authentic counseling turn,substance-use counseling
684,"Give a brief, empathetic counseling response focused on recovery and safety.",I want to recover but I am afraid of what life will be like without drugs.,"That fear makes sense because recovery can involve major changes. What parts of life without drugs worry you most, and what kind of support might make those changes feel safer? There is no need to judge yourself while we explore what happened. Understanding the pattern can help you make a different choice.",synthetic drug-recovery counseling augmentation,drug-use recovery counseling - fear of recovery
685,Provide a non-judgmental counseling response to a person struggling with drug use.,I feel like one relapse means I have failed completely.,One setback does not define your whole recovery. What did you learn from this experience that could help you make a different choice the next time you face a similar situation? There is no need to judge yourself while we explore what happened. Understanding the pattern can help you make a different choice.,synthetic drug-recovery counseling augmentation,drug-use recovery counseling - reframing relapse
686,Provide a supportive motivational-interviewing counseling response for a person experiencing substance-use problems.,"'Cause I want that to be my job, you know. I'm fucking sick of cafes.",Alright.,AnnoMI-derived authentic counseling turn,substance-use counseling
687,Provide a supportive motivational-interviewing counseling response for a person experiencing substance-use problems.,"Oh, yeah. [crosstalk] And you know what I've never done that.",There's a smoke update coming up.,AnnoMI-derived authentic counseling turn,substance-use counseling
688,Respond as a supportive addiction counselor using motivational interviewing.,"I want to make healthier choices, but I feel stuck.",Feeling stuck can make change seem overwhelming. What is one small change that feels realistic this week and could move you a little closer to the life you want? You do not have to figure everything out at once. We can focus on one manageable step.,synthetic drug-recovery counseling augmentation,drug-use recovery counseling - small steps
689,Act as a recovery-support counselor and encourage reflection and a realistic next step.,I want to rebuild trust with my family after my drug use.,"Rebuilding trust can take time, and your wish to repair those relationships is meaningful. What is one consistent action you could take that would show your family you are working toward recovery? You do not have to figure everything out at once. We can focus on one manageable step.",synthetic drug-recovery counseling augmentation,drug-use recovery counseling - family trust
690,Use motivational interviewing principles to respond to this substance-use concern.,"I am trying to change, but I do not know what triggers my drug use.","We can explore that together without judgment. Think about the moments before you usually use: where are you, who are you with, and what emotions or thoughts are present?",synthetic drug-recovery counseling augmentation,drug-use recovery counseling - trigger identification
691,Provide a supportive motivational-interviewing counseling response for a person experiencing substance-use problems.,"Oh yeah, well, they must be. I can't imagine everyone is there, I guess just the ma-majority or at least p-- the majority of people that I know, yeah.",-or particularly on-on meth use?,AnnoMI-derived authentic counseling turn,substance-use counseling
692,"Respond as a safe, supportive substance-use counselor. Prioritize immediate safety when there is overdose or self-harm risk.",Sometimes I feel like hurting myself because I cannot stop using drugs.,"I am really glad you told me. Your safety matters. Please contact emergency services or a crisis service in your area now, and if possible stay with a trusted person rather than being alone.",synthetic safety counseling augmentation,drug-use safety
693,Provide a supportive motivational-interviewing counseling response for a person experiencing substance-use problems.,"Um, mostly just hang out with my friends and stuff on the weekends, things like that.",Okay. And what do you like to do for fun?,AnnoMI-derived authentic counseling turn,substance-use counseling
694,Provide a supportive motivational-interviewing counseling response for a person experiencing substance-use problems.,Mm-hmm.,"So you feel like, um, what the doctor's saying and this brochure just kind of feels like, yeah, it's just kind of blowing things up out of proportion a little bit.",AnnoMI-derived authentic counseling turn,substance-use counseling
695,Act as a recovery-support counselor and encourage reflection and a realistic next step.,"I am trying to change, but I do not know what triggers my drug use.","We can explore that together without judgment. Think about the moments before you usually use: where are you, who are you with, and what emotions or thoughts are present?",synthetic drug-recovery counseling augmentation,drug-use recovery counseling - trigger identification
696,Provide a supportive motivational-interviewing counseling response for a person experiencing substance-use problems.,The nicotine is the addiction.,Okay.,AnnoMI-derived authentic counseling turn,substance-use counseling
697,Provide a supportive motivational-interviewing counseling response for a person experiencing substance-use problems.,"For me, that's happened to me once. It was the first time I ever drunk and it was- it was a lot, I didn't know what I was doing. I was mixing all kinds of weird things and just kind of taking anything everyone- anyone gave me",And how often do you think that happens?,AnnoMI-derived authentic counseling turn,substance-use counseling
698,Provide a supportive motivational-interviewing counseling response for a person experiencing substance-use problems.,"Still have a wife and, uh, yeah, if I-- If those two things can happen then, you know—",Okay.,AnnoMI-derived authentic counseling turn,substance-use counseling
699,Provide a supportive motivational-interviewing counseling response for a person experiencing substance-use problems.,Exactly.,"I also heard that it's very much a part of your life. It's something that you've done for a really long time and almost impossible to think about yourself as a non-smoker. Does that capture, for you, some of the good things or things that are keeping you smoking?",AnnoMI-derived authentic counseling turn,substance-use counseling
700,Provide a supportive motivational-interviewing counseling response for a person experiencing substance-use problems.,It's definitely the one at the end of the evening.,Yeah. And what is your favorite cigarette of the day?,AnnoMI-derived authentic counseling turn,substance-use counseling
701,Provide a non-judgmental counseling response to a person struggling with drug use.,I am scared that my drug use is damaging my relationships.,"It sounds like your relationships are very important to you. How has your drug use affected the people you care about, and what change would you most like them to see? You do not have to figure everything out at once. We can focus on one manageable step.",synthetic drug-recovery counseling augmentation,drug-use recovery counseling - relationships
702,Provide a supportive motivational-interviewing counseling response for a person experiencing substance-use problems.,"Oh, I really like the-the group setting.",What are your favorite parts about it?,AnnoMI-derived authentic counseling turn,substance-use counseling
703,Provide a supportive motivational-interviewing counseling response for a person experiencing substance-use problems.,"Because it's like people who will start and say, ""I'm going to stop drinking at New Year's Eve. After midnight, I'm not gonna drink.""",Yeah.,AnnoMI-derived authentic counseling turn,substance-use counseling
704,Respond as a supportive addiction counselor using motivational interviewing.,I do not think my drug use is as serious as my family thinks.,"It sounds like you and your family see the situation differently. Rather than judging you, I would like to understand your view. What concerns, if any, do you have about your drug use?",synthetic drug-recovery counseling augmentation,drug-use recovery counseling - readiness
705,Provide a supportive motivational-interviewing counseling response for a person experiencing substance-use problems.,Definitely.,Okay.,AnnoMI-derived authentic counseling turn,substance-use counseling
706,Use motivational interviewing principles to respond to this substance-use concern.,"I am trying to change, but I do not know what triggers my drug use.","We can explore that together without judgment. Think about the moments before you usually use: where are you, who are you with, and what emotions or thoughts are present? If you are comfortable, we can explore what matters most to you and identify a practical next step.",synthetic drug-recovery counseling augmentation,drug-use recovery counseling - trigger identification
707,Provide a supportive motivational-interviewing counseling response for a person experiencing substance-use problems.,"Okay. Um, well, yeah, I-I guess I can throw the cigarettes. And tomorrow night when I have my glass of wine, I'll-I'll just try to avoid that craving.","So it sounds like if you have alcohol, then smoking is very difficult to avoid and you know what you need to do. You need to go home and as your-your son's doctor, I need to tell you you need to go home and throw out those cigarettes. You need to quit.",AnnoMI-derived authentic counseling turn,substance-use counseling
708,Provide a supportive motivational-interviewing counseling response for a person experiencing substance-use problems.,Yeah.,Alright.,AnnoMI-derived authentic counseling turn,substance-use counseling
709,Provide a supportive motivational-interviewing counseling response for a person experiencing substance-use problems.,"Yeah, sure.","All right, Well, first I'd just like to commend you for your honesty and that's really helpful information that you shared with me. Thank you for letting me know that you're smoking again and-and, um, I also appreciate the fact you're taking so many measures to protect your son from secondhand smoke. Can I give you some advice on how you could protect him, even the- even further?",AnnoMI-derived authentic counseling turn,substance-use counseling
710,Provide a supportive motivational-interviewing counseling response for a person experiencing substance-use problems.,"Yeah, I'd like to.","Um, so yeah, you know, it really sounds to me like you have a good plan in place and as long as you're willing and-and interested in meeting again, I'd be very excited to be able to talk with you about how it's going.",AnnoMI-derived authentic counseling turn,substance-use counseling
711,Provide a supportive motivational-interviewing counseling response for a person experiencing substance-use problems.,"I am probably a two. I-I haven't even thought about quitting and until this great announcement at work today, I- I'm totally not gonna quit smoking.","Mm-hmm. And so in terms of, uh, uh, readiness to actually go ahead and make a quit attempt, where do you think you fall on the scale of 1 to 10, where one is, I'm not considering it at all, and 10 is, I'm definitely ready, I wanna quit.",AnnoMI-derived authentic counseling turn,substance-use counseling
712,Act as a recovery-support counselor and encourage reflection and a realistic next step.,I am scared that my drug use is damaging my relationships.,"It sounds like your relationships are very important to you. How has your drug use affected the people you care about, and what change would you most like them to see? There is no need to judge yourself while we explore what happened. Understanding the pattern can help you make a different choice.",synthetic drug-recovery counseling augmentation,drug-use recovery counseling - relationships
713,Provide a supportive motivational-interviewing counseling response for a person experiencing substance-use problems.,"Yeah, and you know, another thing, uh, uh, you know, it's so so bang, but the weight gain is like—","So if you have a stash Nicorette gum if you decide to use it, I mean, you'd have to have other stashes, you know.",AnnoMI-derived authentic counseling turn,substance-use counseling
714,Provide a supportive motivational-interviewing counseling response for a person experiencing substance-use problems.,"Well, there's one, one thing uh, I've done already, I've stopped adding salt to my food. The doc said that would help with my blood pressure.","Yeah. Well, a big bowl of vegetable soup. You could probably count that as one or maybe even two of your five a day. So it'd be a really good place to start. Anything else you could think about doing?",AnnoMI-derived authentic counseling turn,substance-use counseling
715,Provide a supportive motivational-interviewing counseling response for a person experiencing substance-use problems.,Yeah.,So there is a possibility that there are other parts of the scene that don't rely on drug use-,AnnoMI-derived authentic counseling turn,substance-use counseling
716,Provide a supportive motivational-interviewing counseling response for a person experiencing substance-use problems.,"Yeah. Yeah. Yeah, 'cause, I mean, you know, they are my friends and-",-but you're not sure whether it's- whether-- just how bad it is or- and you're just wanting to check that out?,AnnoMI-derived authentic counseling turn,substance-use counseling
717,Provide a supportive motivational-interviewing counseling response for a person experiencing substance-use problems.,"Uh, it's part of my life. It's, uh, I started smoking when I was 13, 14 at home. My parents smoked. All of their friends smoked. It was on television. Everybody looked so grand.","Okay. Let me just step back a little bit and ask you a question so that I can better understand where the difficulty that you're having with is. Uh, could you tell me what is good about smoking for you?",AnnoMI-derived authentic counseling turn,substance-use counseling
718,Provide a supportive motivational-interviewing counseling response for a person experiencing substance-use problems.,"Right and it didn't stop me from smoking as well, so that's, uh, [laughs]—","Oh really. You know, and I've heard that too, Carrie, that people especially you know those are, um, some people seem to have a lot of success but when people do have the adverse side effects they are really pronounced like the ones you just described.",AnnoMI-derived authentic counseling turn,substance-use counseling
719,Provide a supportive motivational-interviewing counseling response for a person experiencing substance-use problems.,You'd have to be a real fool not to do it-,-you have to quit.,AnnoMI-derived authentic counseling turn,substance-use counseling
720,Provide a supportive motivational-interviewing counseling response for a person experiencing substance-use problems.,"You know, getting to work with my other classmates and things like that. And putting on this entire show-","Oh, okay.",AnnoMI-derived authentic counseling turn,substance-use counseling
721,Provide a supportive motivational-interviewing counseling response for a person experiencing substance-use problems.,"Yeah. It's that sort of- that sorta scene, that kind of, um, gay scene, I guess. And, like, it's not something I'd really thought about before and-- But then kinda hung out there and just met these people that were sort of like you don't really get there much Palmy. Well, I mean I suppose you do, but they're not-- You know, in Auckland bars like that you can just-- Uh, you can just be it out in the open, you know, and I suppose in Palmy you can't as easily. Um, so just to arrive and see that and kind of meet these people that were just really friendly, you know, and-and not judge me into it. I don't know. You know, Palmy often is they're sort of like, ""Oh, you've gotta own a car, and soap it up, and drive up and down the Main Street,"" and I just couldn't give a shit about that, you know, so. Or play rugby and, you know, that didn't interest me at all and sorta come here and have people, you know, talk about interesting stuff and have a good time. I just want to go out and dance and stuff like that. Um, that was quite cool for me to know that that existed because I hadn't seen that before and-and I suppose there's a lot of that that goes on there, you know?","I know Family Bar, yes.",AnnoMI-derived authentic counseling turn,substance-use counseling
722,Respond as a supportive addiction counselor using motivational interviewing.,I want to rebuild trust with my family after my drug use.,"Rebuilding trust can take time, and your wish to repair those relationships is meaningful. What is one consistent action you could take that would show your family you are working toward recovery? If you are comfortable, we can explore what matters most to you and identify a practical next step.",synthetic drug-recovery counseling augmentation,drug-use recovery counseling - family trust
723,Provide a supportive motivational-interviewing counseling response for a person experiencing substance-use problems.,"I-- And it took me a week and I'm down two cigarettes a day, I-I figure.","Okay, so you can continue with that.",AnnoMI-derived authentic counseling turn,substance-use counseling
724,Provide a supportive motivational-interviewing counseling response for a person experiencing substance-use problems.,"Um, definitely, I'll have like all my senses there and I'll be aware of everything that's going on.",What-what might be some benefits of following through with that goal?,AnnoMI-derived authentic counseling turn,substance-use counseling
725,Provide a supportive motivational-interviewing counseling response for a person experiencing substance-use problems.,"-or if I actually am tired or run down, I suppose. Again, this is things that I haven't really thought about-",Alright.,AnnoMI-derived authentic counseling turn,substance-use counseling
726,Provide a non-judgmental counseling response to a person struggling with drug use.,I feel ashamed because I promised myself I would stop.,It sounds like you are carrying a lot of shame. You deserve support rather than judgment. What would be one compassionate and realistic step you could take toward recovery today?,synthetic drug-recovery counseling augmentation,drug-use recovery counseling - shame
727,Act as a recovery-support counselor and encourage reflection and a realistic next step.,"My friends use drugs, and it makes staying sober difficult.","That environment can make recovery harder. Which people or places feel safer for you, and how might you create more distance from situations that increase the urge to use?",synthetic drug-recovery counseling augmentation,drug-use recovery counseling - social environment
728,Respond as a supportive addiction counselor using motivational interviewing.,I am worried about going back to my old environment after treatment.,"Returning to a familiar environment can bring strong reminders and triggers. What people, places, or routines might make recovery harder, and what support could you arrange before returning? Your willingness to talk about this is already a meaningful step. We can work through it gradually.",synthetic drug-recovery counseling augmentation,drug-use recovery counseling - aftercare
729,Provide a supportive motivational-interviewing counseling response for a person experiencing substance-use problems.,"Oh, it's a nice place. It's close to work. It's good living with a mate.","So, Rick, just in regards to your flatmate situation at the moment with Tristan. Uh, you know, we talked about how walking through this program and with the support of your parents and having some positive influence to help you through this. I just want to rethink a bit if you stay living with Tristan. What are the sort of pros and cons of that? What are the good things about living there, what are the not-so-good things about living there?",AnnoMI-derived authentic counseling turn,substance-use counseling
730,Provide a supportive motivational-interviewing counseling response for a person experiencing substance-use problems.,"Yeah. Well, I think community and belonging, I kind of related them. Um, you know how I said I was in the marching band?","Respect, okay. Can you tell me a little bit about why you picked those three?",AnnoMI-derived authentic counseling turn,substance-use counseling
731,Provide a supportive motivational-interviewing counseling response for a person experiencing substance-use problems.,Usually three drinks and glasses of wine.,-and you usually have three to four drinks when you do drink.,AnnoMI-derived authentic counseling turn,substance-use counseling
732,Provide a supportive motivational-interviewing counseling response for a person experiencing substance-use problems.,"-versus with a party it's a lot more energetic it's, uh, after it all, it's very draining.",Uh-huh.,AnnoMI-derived authentic counseling turn,substance-use counseling
733,Provide a supportive motivational-interviewing counseling response for a person experiencing substance-use problems.,I'm an IB student.,Okay.,AnnoMI-derived authentic counseling turn,substance-use counseling
734,Provide a supportive motivational-interviewing counseling response for a person experiencing substance-use problems.,"Well, that's true. It seems so hard. I'm just not ready for this right now.","Hmm. And it sounds like your smoking, setting an example, those are some things that-that you're also, uh, a bit concerned about, um, but as you said earlier, not-not really ready to put down your cigarettes immediately.",AnnoMI-derived authentic counseling turn,substance-use counseling
735,Provide a supportive motivational-interviewing counseling response for a person experiencing substance-use problems.,"Well, um, I don't know if it's my lack of willpower but, um, also had ve-very bad side effects from it so.",Tell me a little bit about what happened with the-the Chantix.,AnnoMI-derived authentic counseling turn,substance-use counseling
736,Provide a supportive motivational-interviewing counseling response for a person experiencing substance-use problems.,"And, um, about a month ago, my friends invited me to a party. And they used the fact that, Oh, I'm always doing my homework, I'm always studying that to allow me to go to the party. And on-- well, that party, I managed to convince my parents that I would spend the night at my friend's house. So, that's when I started drinking.",Mm-hmm.,AnnoMI-derived authentic counseling turn,substance-use counseling
737,Provide a supportive motivational-interviewing counseling response for a person experiencing substance-use problems.,"I guess, I mean, since it's just there.","And with friends, you feel like it's easier to-to hang out with alcohol, or maybe you wouldn't have as much fun, or your friends wouldn't like you as much or?",AnnoMI-derived authentic counseling turn,substance-use counseling
738,Provide a supportive motivational-interviewing counseling response for a person experiencing substance-use problems.,"More on kind of cocky and I say, ""Well, you know, Aunt Kathy, you were my role model, and back in the day, um, I used to envy and watch and think you were so sexy, and all the movies, the old movies.""",Okay. What do you think when she says that to you?,AnnoMI-derived authentic counseling turn,substance-use counseling
739,Provide a supportive motivational-interviewing counseling response for a person experiencing substance-use problems.,"So I can't really- I don't really know when those were published. It's just stuff I've found, supporting the way that I look at it.",Mm-hmm.,AnnoMI-derived authentic counseling turn,substance-use counseling
740,Provide a supportive motivational-interviewing counseling response for a person experiencing substance-use problems.,It's telling me that what I'm doing is wrong and it's probably hurting my kid and that- that I'm gonna really regret that once I actually get my kid.,"So, your gut is telling you what? Tell me about that.",AnnoMI-derived authentic counseling turn,substance-use counseling
741,Provide a supportive motivational-interviewing counseling response for a person experiencing substance-use problems.,"Yeah, definitely.","Okay, so, the-the alcohol is something that might make it harder to reach your goals?",AnnoMI-derived authentic counseling turn,substance-use counseling
742,Provide a non-judgmental counseling response to a person struggling with drug use.,I want to rebuild trust with my family after my drug use.,"Rebuilding trust can take time, and your wish to repair those relationships is meaningful. What is one consistent action you could take that would show your family you are working toward recovery? You do not have to figure everything out at once. We can focus on one manageable step.",synthetic drug-recovery counseling augmentation,drug-use recovery counseling - family trust
743,Provide a supportive motivational-interviewing counseling response for a person experiencing substance-use problems.,Thank you.,"-in those situations? That's great. You know, it's-it's tough to do sometimes, and I really commend you for being able to-to stick with that.",AnnoMI-derived authentic counseling turn,substance-use counseling
744,Provide a supportive motivational-interviewing counseling response for a person experiencing substance-use problems.,"I think if I made the decision that I was going to, for sure, then I think definitely like a 10 I know it'd be going through.",-on that same scale from one to ten?,AnnoMI-derived authentic counseling turn,substance-use counseling
745,Act as a recovery-support counselor and encourage reflection and a realistic next step.,I am scared that my drug use is damaging my relationships.,"It sounds like your relationships are very important to you. How has your drug use affected the people you care about, and what change would you most like them to see? You do not have to figure everything out at once. We can focus on one manageable step.",synthetic drug-recovery counseling augmentation,drug-use recovery counseling - relationships
746,Provide a supportive motivational-interviewing counseling response for a person experiencing substance-use problems.,"Mm-hmm. I know who to hang out with, I'm not stupid.",You seem excited about that.,AnnoMI-derived authentic counseling turn,substance-use counseling
747,Provide a supportive motivational-interviewing counseling response for a person experiencing substance-use problems.,Yeah.,"Right. So, on one hand, you like the feeling of being relaxed and having fun when you're drinking and on the other hand, you don't like forgetting where you are or forgetting how many drinks you've had and you don't like putting yourself at risk for STDs?",AnnoMI-derived authentic counseling turn,substance-use counseling
748,Provide a supportive motivational-interviewing counseling response for a person experiencing substance-use problems.,"Uh, yeah. Yeah, that's fine.","Miguel, before we end the call, I did want to go over the answers you gave me on the questionnaire about drug use. Is it okay if we go over that right now?",AnnoMI-derived authentic counseling turn,substance-use counseling
749,Provide a supportive motivational-interviewing counseling response for a person experiencing substance-use problems.,"Um, I don't, we don't get blackout drunk or anything. It's more of like a little tipsy kind of thing.",Okay. And how much are you drinking on the days that you're-- on the days that you drink?,AnnoMI-derived authentic counseling turn,substance-use counseling
750,Provide a supportive motivational-interviewing counseling response for a person experiencing substance-use problems.,"Yeah, a while, quite a while. Yeah.",-pretty much see yourself doing for-,AnnoMI-derived authentic counseling turn,substance-use counseling
751,Provide a supportive motivational-interviewing counseling response for a person experiencing substance-use problems.,"-maybe, like, one drink every once in a blue moon.",Mm-hmm.,AnnoMI-derived authentic counseling turn,substance-use counseling
752,Provide a supportive motivational-interviewing counseling response for a person experiencing substance-use problems.,"Uh, I guess that sound- that sounds right. I mean, I was- I was kinda drunk and it happened like a week ago. I just, I drove over to my friend's house, um, just to go watch the game and, you know, we're having a couple beers and next thing I know the Vikings are kind of losing pretty big. So we drank a little bit more than usual. And I mean, at the end I had to get home and I couldn't find a ride. So I-I just drove.","In summary, the Minnesota State Mankato security report states that you were stopped on stadium road last Friday, cited for driving under the influence and you're transported to detox. Plus the report lists your age as 20. Dylan, what is the accuracy of the report? And can you share with me some details leading up to the incident?",AnnoMI-derived authentic counseling turn,substance-use counseling
753,Provide a supportive motivational-interviewing counseling response for a person experiencing substance-use problems.,"Yeah, yeah, relaxed.","So, it just kind of makes you feel relaxed or?",AnnoMI-derived authentic counseling turn,substance-use counseling
754,Provide a supportive motivational-interviewing counseling response for a person experiencing substance-use problems.,I just-,Mm-hmm.,AnnoMI-derived authentic counseling turn,substance-use counseling
755,Provide a supportive motivational-interviewing counseling response for a person experiencing substance-use problems.,"Um, not-not like being there at home with them, not being absent, um, taking care of them, feeding them, um, changing their diaper, which I'm not excited about. Um, you know, kind of the- those basics.",Mm. What does being a good parent look like? Tell me more about that.,AnnoMI-derived authentic counseling turn,substance-use counseling
756,Provide a supportive motivational-interviewing counseling response for a person experiencing substance-use problems.,"Yeah, I mean, I've maybe talked to people but it's just, uh, that I've just I think I'm just too-too drunk and I just, my friends drive me home and just the end of the night I don't-- yeah.","-talk to guys at the same time, on the other side it's not working you're finding. And i-i-it results in hangovers or?",AnnoMI-derived authentic counseling turn,substance-use counseling
757,"Give a brief, empathetic counseling response focused on recovery and safety.",I have been using drugs again and I feel like I am losing control.,"Thank you for being honest about that. It sounds like the drug use is feeling increasingly difficult to control. What would you most like to change about your situation right now? If you are comfortable, we can explore what matters most to you and identify a practical next step.",synthetic drug-recovery counseling augmentation,drug-use recovery counseling - loss of control
758,Provide a supportive motivational-interviewing counseling response for a person experiencing substance-use problems.,"Okay, great. Thanks.","-and then, um, if things are going great, then fantastic, and if you run into any stumbling blocks, then we can maybe problem-solve together.",AnnoMI-derived authentic counseling turn,substance-use counseling
759,Provide a supportive motivational-interviewing counseling response for a person experiencing substance-use problems.,"It's the hard thing, I mean, almost everybody I know uses it.",How could you get a different social life?,AnnoMI-derived authentic counseling turn,substance-use counseling
760,Provide a supportive motivational-interviewing counseling response for a person experiencing substance-use problems.,I really want to get off the program.,You don't want to be here.,AnnoMI-derived authentic counseling turn,substance-use counseling
761,Provide a supportive motivational-interviewing counseling response for a person experiencing substance-use problems.,"Yeah. Um, he said that I was drinking too much with it. Um, I-I haven't been a lot, but he said it was still maybe, um, would screw things up.",Okay. He's thinking you were a little irresponsible.,AnnoMI-derived authentic counseling turn,substance-use counseling
762,"Give a brief, empathetic counseling response focused on recovery and safety.",I am worried about going back to my old environment after treatment.,"Returning to a familiar environment can bring strong reminders and triggers. What people, places, or routines might make recovery harder, and what support could you arrange before returning? There is no need to judge yourself while we explore what happened. Understanding the pattern can help you make a different choice.",synthetic drug-recovery counseling augmentation,drug-use recovery counseling - aftercare
763,Provide a supportive motivational-interviewing counseling response for a person experiencing substance-use problems.,"Um, and it's just-- it's not even working, I'm not really meeting people and I just end up with massive hangover for the rest of the weekend and—",Sure.,AnnoMI-derived authentic counseling turn,substance-use counseling
764,Act as a recovery-support counselor and encourage reflection and a realistic next step.,I am worried about going back to my old environment after treatment.,"Returning to a familiar environment can bring strong reminders and triggers. What people, places, or routines might make recovery harder, and what support could you arrange before returning? If you are comfortable, we can explore what matters most to you and identify a practical next step.",synthetic drug-recovery counseling augmentation,drug-use recovery counseling - aftercare
765,Provide a supportive motivational-interviewing counseling response for a person experiencing substance-use problems.,"Um, just two drinks at a party at the most. I don't-- I don't like to drink a lot. I don't-- Getting drunk is not something that appeals to me. So, I just have, like, a drink in my hand, so my friends won't bug me about not drinking. It's just like to look like I'm actually doing something. Most of- a lot of the time, I don't even drink at all. So-",Okay. What do you think is the most you've ever had?,AnnoMI-derived authentic counseling turn,substance-use counseling
766,Provide a supportive motivational-interviewing counseling response for a person experiencing substance-use problems.,"All right. That sounds good. Thanks, Dr.","Sure, of course, Hailey a-and again I really appreciate your openness and honesty about letting me know what's going on with, you know, the stress levels and coping and drinking. I just had a thought that there's also a good mom's group, we run out of our center. So if you'd like a referral to that or some information, I'd be happy to give you and while you think about it, if you want to, um, talk about this further with one of my colleagues, I'd be happy to make you an appointment.",AnnoMI-derived authentic counseling turn,substance-use counseling
767,Provide a supportive motivational-interviewing counseling response for a person experiencing substance-use problems.,"Um, and there is a support group that they have that you can go online or call-",Mm-hmm.,AnnoMI-derived authentic counseling turn,substance-use counseling
768,Provide a supportive motivational-interviewing counseling response for a person experiencing substance-use problems.,"Every other weekends, I would say.",Is it like every weekend?,AnnoMI-derived authentic counseling turn,substance-use counseling
769,Provide a supportive motivational-interviewing counseling response for a person experiencing substance-use problems.,"I guess, um, at the weekend I've got a party coming up.",What you'd like to do is stop and you'd like to sort of like choose a time to quit when it's going to be there's not as much stress around as possible. When do you think would be a good time for you to choose to be your quit date?,AnnoMI-derived authentic counseling turn,substance-use counseling
770,Provide a supportive motivational-interviewing counseling response for a person experiencing substance-use problems.,I don't think so.,"Okay. So, it sounds like we have two avenues to pursue, anything else?",AnnoMI-derived authentic counseling turn,substance-use counseling
771,Provide a supportive motivational-interviewing counseling response for a person experiencing substance-use problems.,"Definitely, yeah.",So you're normally very careful and you use protection when you have sex?,AnnoMI-derived authentic counseling turn,substance-use counseling
772,Provide a supportive motivational-interviewing counseling response for a person experiencing substance-use problems.,Mm-hmm.,Okay. Is it okay if I share some information with you?,AnnoMI-derived authentic counseling turn,substance-use counseling
773,Provide a supportive motivational-interviewing counseling response for a person experiencing substance-use problems.,"Probably like a 5 . Kind of in the unsure area. Like I know I've done it before, so I know I can do it, but at the same time, it just seems really hard. And it's not the same situation.","If you did decide to quit on a scale of 1 to 10, where 1 is not at all confident, and you don't think you could do it and 10 is you feel pretty certain that you could, where do you think you fall right now?",AnnoMI-derived authentic counseling turn,substance-use counseling
774,Provide a supportive motivational-interviewing counseling response for a person experiencing substance-use problems.,Yeah. Some people have a glass of wine. I have a cigarette.,You have a lot of things going on and smoking's kind of a way to relax and destress.,AnnoMI-derived authentic counseling turn,substance-use counseling
775,Provide a non-judgmental counseling response to a person struggling with drug use.,I had a difficult day and immediately thought about using.,"It sounds like a difficult day quickly triggered the urge to use. What happened today, and what might help you respond differently if a similar situation happens again? If you are comfortable, we can explore what matters most to you and identify a practical next step.",synthetic drug-recovery counseling augmentation,drug-use recovery counseling - trigger awareness
776,Provide a supportive motivational-interviewing counseling response for a person experiencing substance-use problems.,"Well, it's something that I'll have to think about.","What do you mean, maybe? I just told you how bad it is for you. It's messing up your mouth, you're putting yourself at risk for all these other diseases. This is really important. You need to quit.",AnnoMI-derived authentic counseling turn,substance-use counseling
777,Provide a supportive motivational-interviewing counseling response for a person experiencing substance-use problems.,"That sounds nice, but I'm not sure if I have the time for all that.","Okay. There's also a lot of support groups and classes that you can take where you have other people to go through it with you. And sometimes just having that support can be a big part of it, especially for people like you where smoking is such a stress reliever.",AnnoMI-derived authentic counseling turn,substance-use counseling
778,Provide a supportive motivational-interviewing counseling response for a person experiencing substance-use problems.,"Not too much, to be honest. I-I've always thought since it's, you know, within my small group of friends-","Yeah. Um, so we call it high-risk because it means that there's actually quite a bit of chances that you're gonna have some bad consequences from drinking like that. So, you know, things like, um, having car accidents, or other accidents, or getting in fights, or, you know, sexual assault, or health problems, or developing alcoholism. Have you thought about those things?",AnnoMI-derived authentic counseling turn,substance-use counseling
779,Respond as a supportive addiction counselor using motivational interviewing.,I use drugs when I feel stressed and overwhelmed.,"You have noticed a connection between stress and drug use, which is useful information. What are some safer ways you have handled stress in the past, even if they only helped a little? There is no need to judge yourself while we explore what happened. Understanding the pattern can help you make a different choice.",synthetic drug-recovery counseling augmentation,drug-use recovery counseling - stress trigger
780,Provide a supportive motivational-interviewing counseling response for a person experiencing substance-use problems.,"No. I-I smoked weed in college, but just a little bit. I wasn't a regular smoker.","Okay. Do you use any street drugs like any marijuana, cocaine, heroin?",AnnoMI-derived authentic counseling turn,substance-use counseling
781,Provide a supportive motivational-interviewing counseling response for a person experiencing substance-use problems.,Yeah.,This is gonna be your career. This is the career-,AnnoMI-derived authentic counseling turn,substance-use counseling
782,Provide a supportive motivational-interviewing counseling response for a person experiencing substance-use problems.,"Um, maybe less than I am now. I mean, I don't drink much anyway, so-","Um, so, when you're sort of looking ahead, how often do you think you might be drinking, say, when you get to college?",AnnoMI-derived authentic counseling turn,substance-use counseling
783,Provide a supportive motivational-interviewing counseling response for a person experiencing substance-use problems.,"More or less the same amount. So right now the most we'll have is maybe like one cup after that one time, but sometimes one or two, but they can be kind of heavy.",Okay. And how much do they typically drink?,AnnoMI-derived authentic counseling turn,substance-use counseling
784,Respond as a supportive addiction counselor using motivational interviewing.,I want to rebuild trust with my family after my drug use.,"Rebuilding trust can take time, and your wish to repair those relationships is meaningful. What is one consistent action you could take that would show your family you are working toward recovery? Your willingness to talk about this is already a meaningful step. We can work through it gradually.",synthetic drug-recovery counseling augmentation,drug-use recovery counseling - family trust
785,Provide a supportive motivational-interviewing counseling response for a person experiencing substance-use problems.,Yeah.,Playing basketball and playing video games are a way to feel better.,AnnoMI-derived authentic counseling turn,substance-use counseling
786,Respond as a supportive addiction counselor using motivational interviewing.,I want to recover but I am afraid of what life will be like without drugs.,"That fear makes sense because recovery can involve major changes. What parts of life without drugs worry you most, and what kind of support might make those changes feel safer? Your willingness to talk about this is already a meaningful step. We can work through it gradually.",synthetic drug-recovery counseling augmentation,drug-use recovery counseling - fear of recovery
787,Provide a supportive motivational-interviewing counseling response for a person experiencing substance-use problems.,Mm-hmm.,"It does, uh, it does a lot of positive things for you.",AnnoMI-derived authentic counseling turn,substance-use counseling
788,Provide a supportive motivational-interviewing counseling response for a person experiencing substance-use problems.,"-in general, yeah.",Hm.,AnnoMI-derived authentic counseling turn,substance-use counseling
789,Provide a supportive motivational-interviewing counseling response for a person experiencing substance-use problems.,Charlie.,"Oh, nice.",AnnoMI-derived authentic counseling turn,substance-use counseling
790,Use motivational interviewing principles to respond to this substance-use concern.,I am worried about going back to my old environment after treatment.,"Returning to a familiar environment can bring strong reminders and triggers. What people, places, or routines might make recovery harder, and what support could you arrange before returning? Your willingness to talk about this is already a meaningful step. We can work through it gradually.",synthetic drug-recovery counseling augmentation,drug-use recovery counseling - aftercare
791,Provide a supportive motivational-interviewing counseling response for a person experiencing substance-use problems.,"I mean, I guess, I'm, let's say I take it for granted but, um, yes, it's just comfortable now. And, um, it's just a sort of what I do really. Yeah, so, I guess that the drugs are linked to that, I suppose. It's j-- Well, it's just a part of it, I don't really think-- I didn't really differentiate it. It's just kinda, ""Okay, I'm gonna go hang with my friends,"" and that sort of thing, you know, that Saturday, Friday night thing. And then it just happens really as part of that.",Mm-hmm.,AnnoMI-derived authentic counseling turn,substance-use counseling
792,Provide a supportive motivational-interviewing counseling response for a person experiencing substance-use problems.,I don't- I don't really know. We're the only shop in town that-that does the work that we use. So I don't- I don't know what else I'm gonna go do.,Okay.,AnnoMI-derived authentic counseling turn,substance-use counseling
793,Respond as a supportive addiction counselor using motivational interviewing.,"I was doing well in recovery, but I had a relapse.",A relapse does not erase the progress you made. Would you be willing to look at what was happening before the relapse so you can identify what might help next time? You do not have to figure everything out at once. We can focus on one manageable step.,synthetic drug-recovery counseling augmentation,drug-use recovery counseling - relapse
794,Provide a supportive motivational-interviewing counseling response for a person experiencing substance-use problems.,"Well, I mean, I s-- I-I-I smoke barely a pack a day. I mean, I've probably smoked for about five or six years now. It's not really a lot of cigarettes, but it's sort of hard to get through the day at work.","Well, to be honest with you, you mentioned the patch. I can't recommend a patch to you if you're gonna continue smoking. That can actually be pretty dangerous for you. In order to advise you about this at all, I need you to tell me a little bit more about your smoking history and how much you're smoking now.",AnnoMI-derived authentic counseling turn,substance-use counseling
795,Provide a supportive motivational-interviewing counseling response for a person experiencing substance-use problems.,"Yeah, definitely.","Okay. Well, one thing you could consider is talking to one of our social workers, they sort of specialize in helping people who have a lot on their plate identifying resources that they may need, uh, things you haven't thought of or aren't aware of. So, I don't know, would you be interested in doing something like that?",AnnoMI-derived authentic counseling turn,substance-use counseling
796,Provide a supportive motivational-interviewing counseling response for a person experiencing substance-use problems.,Do I have to go there?,"So, uh, if-if you're walking out now, I can walk out with you and just take you around our counseling center. I can even introduce you to one of the counselors.",AnnoMI-derived authentic counseling turn,substance-use counseling
797,Provide a supportive motivational-interviewing counseling response for a person experiencing substance-use problems.,"I really couldn't tell you, um, I remember when my daughter was like five, um, I was-- it was humid out and I have a problem with humidity-","Well, I mean that's-that's, you know, tell me about when you were diagnosed with that.",AnnoMI-derived authentic counseling turn,substance-use counseling
798,Provide a supportive motivational-interviewing counseling response for a person experiencing substance-use problems.,Okay.,Okay. I can email you some information on how to inject in a way that reduces the chance of infection and we also have behavioral health specialists in our clinic who can go over how to reduce harm with you. I bet the syringe exchange has similar resources too.,AnnoMI-derived authentic counseling turn,substance-use counseling
799,Provide a supportive motivational-interviewing counseling response for a person experiencing substance-use problems.,Yes.,"Okay. So, these automatic cigarettes, when you're socializing and you're-- you have time on your hands, really, are the problems that you're facing-",AnnoMI-derived authentic counseling turn,substance-use counseling
800,Use motivational interviewing principles to respond to this substance-use concern.,I use drugs when I feel stressed and overwhelmed.,"You have noticed a connection between stress and drug use, which is useful information. What are some safer ways you have handled stress in the past, even if they only helped a little? If you are comfortable, we can explore what matters most to you and identify a practical next step.",synthetic drug-recovery counseling augmentation,drug-use recovery counseling - stress trigger
801,Act as a recovery-support counselor and encourage reflection and a realistic next step.,I use drugs when I feel stressed and overwhelmed.,"You have noticed a connection between stress and drug use, which is useful information. What are some safer ways you have handled stress in the past, even if they only helped a little? Your willingness to talk about this is already a meaningful step. We can work through it gradually.",synthetic drug-recovery counseling augmentation,drug-use recovery counseling - stress trigger
802,Use motivational interviewing principles to respond to this substance-use concern.,"I can stay away from drugs for a while, then the cravings become strong.","You have already shown that you can stay away for periods of time. What usually happens just before a craving becomes strongest, and what has helped you get through a craving safely? There is no need to judge yourself while we explore what happened. Understanding the pattern can help you make a different choice.",synthetic drug-recovery counseling augmentation,drug-use recovery counseling - cravings
803,Provide a supportive motivational-interviewing counseling response for a person experiencing substance-use problems.,"Yeah. I don't wanna- I don't wanna, I mean, I don't wanna stop altogether, so.","Right, because you're noticing it's having a negative impact on what you're eating.",AnnoMI-derived authentic counseling turn,substance-use counseling
804,Provide a supportive motivational-interviewing counseling response for a person experiencing substance-use problems.,"-which is a little different, but-","Oh, neat.",AnnoMI-derived authentic counseling turn,substance-use counseling
805,Provide a supportive motivational-interviewing counseling response for a person experiencing substance-use problems.,"No, it's not like I get crazy or anything but I just don't like the amount that I'm drinking.",So you're not proud of finishing a bottle?,AnnoMI-derived authentic counseling turn,substance-use counseling
806,"Give a brief, empathetic counseling response focused on recovery and safety.",I am worried that I will never be able to stay in recovery.,"It sounds like you are worried about your ability to maintain recovery. What is one time when you managed a difficult situation without using, and what helped you then? Your willingness to talk about this is already a meaningful step. We can work through it gradually.",synthetic drug-recovery counseling augmentation,drug-use recovery counseling - confidence
807,Provide a supportive motivational-interviewing counseling response for a person experiencing substance-use problems.,Yes.,"Okay. All right. Well, kind of keeping that in mind, it sounds like, um, you do have sort of a-a vague plan to make some adjustments in your drinking at some point-",AnnoMI-derived authentic counseling turn,substance-use counseling
808,Provide a supportive motivational-interviewing counseling response for a person experiencing substance-use problems.,Okay. Sure.,-in your mouth.,AnnoMI-derived authentic counseling turn,substance-use counseling
809,Provide a non-judgmental counseling response to a person struggling with drug use.,"My family keeps telling me to get help, but I do not know where to start.","Reaching out can be a strong first step. Would you be open to talking with a qualified addiction counselor or healthcare professional about support options that fit your situation? If you are comfortable, we can explore what matters most to you and identify a practical next step.",synthetic drug-recovery counseling augmentation,drug-use recovery counseling - professional help
810,Respond as a supportive addiction counselor using motivational interviewing.,"My friends use drugs, and it makes staying sober difficult.","That environment can make recovery harder. Which people or places feel safer for you, and how might you create more distance from situations that increase the urge to use? If you are comfortable, we can explore what matters most to you and identify a practical next step.",synthetic drug-recovery counseling augmentation,drug-use recovery counseling - social environment
811,Provide a supportive motivational-interviewing counseling response for a person experiencing substance-use problems.,Right. It's been good. I haven't answered the phone when he's called-,And how is that going for you?,AnnoMI-derived authentic counseling turn,substance-use counseling
812,Provide a supportive motivational-interviewing counseling response for a person experiencing substance-use problems.,"It'd be easier as-- You know, as a group we-we all work together to become better.","-you can tell them to stop too. You know, then that'd be really good. You'd being a good friend.",AnnoMI-derived authentic counseling turn,substance-use counseling
813,"Give a brief, empathetic counseling response focused on recovery and safety.",I am worried that I will never be able to stay in recovery.,"It sounds like you are worried about your ability to maintain recovery. What is one time when you managed a difficult situation without using, and what helped you then? If you are comfortable, we can explore what matters most to you and identify a practical next step.",synthetic drug-recovery counseling augmentation,drug-use recovery counseling - confidence
814,Provide a supportive motivational-interviewing counseling response for a person experiencing substance-use problems.,"Okay, thank you doctor.",Absolutely. Okay.,AnnoMI-derived authentic counseling turn,substance-use counseling
815,Provide a supportive motivational-interviewing counseling response for a person experiencing substance-use problems.,"I think so, yeah, like the telling my parents and [unintelligible 00:13:45] this to my parents is probably the scariest thing.","Yeah. Is that something that, um, maybe you and I could meet again about-and talk about having those conversations with-with the family, maybe having conversations about, you know, the folks, your-your friends that are currently in the lifestyle that you were involved with, um, and then sort of what it would look like to go down path B, is that something that you would be open to meeting with me about again?",AnnoMI-derived authentic counseling turn,substance-use counseling
816,Provide a supportive motivational-interviewing counseling response for a person experiencing substance-use problems.,Yep.,That was something that you'd been planning?,AnnoMI-derived authentic counseling turn,substance-use counseling
817,Provide a supportive motivational-interviewing counseling response for a person experiencing substance-use problems.,"Um, I'm not sure yet. Maybe a few schools in the area, I'm looking maybe to apply out-of-state.",Do you have a plan as to where you might want to go or?,AnnoMI-derived authentic counseling turn,substance-use counseling
818,Provide a supportive motivational-interviewing counseling response for a person experiencing substance-use problems.,Yeah,"Mm-hmm. So you're trying to, like you said, not engage in really dangerous activities?",AnnoMI-derived authentic counseling turn,substance-use counseling
819,Respond as a supportive addiction counselor using motivational interviewing.,I use drugs when I feel stressed and overwhelmed.,"You have noticed a connection between stress and drug use, which is useful information. What are some safer ways you have handled stress in the past, even if they only helped a little? You do not have to figure everything out at once. We can focus on one manageable step.",synthetic drug-recovery counseling augmentation,drug-use recovery counseling - stress trigger
820,Provide a supportive motivational-interviewing counseling response for a person experiencing substance-use problems.,Yes.,"Okay. So let me make sure I've understood this piece as well. So the not good things or the not so good things about smoking for you are the effects on your health, effects on your physical appearance and how you'll look and-and-and the amount of investment that you're making in makeup and getting your nails done, et cetera. And then the cost of smoking.",AnnoMI-derived authentic counseling turn,substance-use counseling
821,Provide a supportive motivational-interviewing counseling response for a person experiencing substance-use problems.,"Uh, well I have one older brother he's about eight and a half old- years older than me. My parents, and I have a dog [laughs].",Okay. Tell me a little bit about your family.,AnnoMI-derived authentic counseling turn,substance-use counseling
822,Provide a supportive motivational-interviewing counseling response for a person experiencing substance-use problems.,"Yeah, and I-I didn't think it was much, but that makes it look like I'm drinking way too much.",It sounds like you're drinking a bit more than that right now.,AnnoMI-derived authentic counseling turn,substance-use counseling
823,Provide a supportive motivational-interviewing counseling response for a person experiencing substance-use problems.,"And then-- But in terms of at- how it is I am respecting myself, I am- I'm respecting myself by like trying to stay in someone's house and like trying to limit my drinking so I don't get to that blackout like throwing up and everything.",Okay.,AnnoMI-derived authentic counseling turn,substance-use counseling
824,Provide a supportive motivational-interviewing counseling response for a person experiencing substance-use problems.,"Yeah. I'm thinking, um, one of these patches.","So, yeah, again-- Um, so have you something in mind that you might like to use to help you through managing the cravings?",AnnoMI-derived authentic counseling turn,substance-use counseling
825,Provide a supportive motivational-interviewing counseling response for a person experiencing substance-use problems.,"And, uh, in the last few months I've been, you know, just drinking even more on week nights, and I never even used to do that before.",Sure.,AnnoMI-derived authentic counseling turn,substance-use counseling
826,Provide a non-judgmental counseling response to a person struggling with drug use.,"I want to make healthier choices, but I feel stuck.",Feeling stuck can make change seem overwhelming. What is one small change that feels realistic this week and could move you a little closer to the life you want? There is no need to judge yourself while we explore what happened. Understanding the pattern can help you make a different choice.,synthetic drug-recovery counseling augmentation,drug-use recovery counseling - small steps
827,Provide a supportive motivational-interviewing counseling response for a person experiencing substance-use problems.,"And, uh, my parents and my dog. [laughs]","Oh, wow.",AnnoMI-derived authentic counseling turn,substance-use counseling
828,Provide a non-judgmental counseling response to a person struggling with drug use.,"I can stay away from drugs for a while, then the cravings become strong.","You have already shown that you can stay away for periods of time. What usually happens just before a craving becomes strongest, and what has helped you get through a craving safely?",synthetic drug-recovery counseling augmentation,drug-use recovery counseling - cravings
829,Act as a recovery-support counselor and encourage reflection and a realistic next step.,I have been avoiding people because I am embarrassed about my drug use.,"It sounds like embarrassment has been pushing you away from others. Is there one trusted person you would feel comfortable talking to, even if you are not ready to tell them everything? Your willingness to talk about this is already a meaningful step. We can work through it gradually.",synthetic drug-recovery counseling augmentation,drug-use recovery counseling - isolation
830,Provide a supportive motivational-interviewing counseling response for a person experiencing substance-use problems.,Right.,It's become a more important part of your life because you found yourself smoking at times that you thought I'll never smoke then.,AnnoMI-derived authentic counseling turn,substance-use counseling
831,"Give a brief, empathetic counseling response focused on recovery and safety.","I want to stop using drugs, but I keep going back to them.","It sounds like you genuinely want to stop, while something keeps pulling you back. What do you think makes stopping especially difficult for you? Your willingness to talk about this is already a meaningful step. We can work through it gradually.",synthetic drug-recovery counseling augmentation,drug-use recovery counseling - ambivalence
832,Provide a supportive motivational-interviewing counseling response for a person experiencing substance-use problems.,"-for a week, uh, trying to mark down the-the difference in my smoking, being more aware when I had the urge, if I could stop the urge-",Okay.,AnnoMI-derived authentic counseling turn,substance-use counseling
833,Use motivational interviewing principles to respond to this substance-use concern.,I feel like one relapse means I have failed completely.,One setback does not define your whole recovery. What did you learn from this experience that could help you make a different choice the next time you face a similar situation?,synthetic drug-recovery counseling augmentation,drug-use recovery counseling - reframing relapse
834,"Give a brief, empathetic counseling response focused on recovery and safety.","My friends use drugs, and it makes staying sober difficult.","That environment can make recovery harder. Which people or places feel safer for you, and how might you create more distance from situations that increase the urge to use?",synthetic drug-recovery counseling augmentation,drug-use recovery counseling - social environment
835,Provide a supportive motivational-interviewing counseling response for a person experiencing substance-use problems.,"Uh, three.","-and 10 being ready, where would you put yourself?",AnnoMI-derived authentic counseling turn,substance-use counseling
836,Provide a supportive motivational-interviewing counseling response for a person experiencing substance-use problems.,Right.,"And yet, on some level, you know, that it's gonna be a lot of hard work for you because of, you know, you've already known how anxious you get about a stash-",AnnoMI-derived authentic counseling turn,substance-use counseling
837,Provide a supportive motivational-interviewing counseling response for a person experiencing substance-use problems.,Yeah.,"So if you experienced a negative consequence from your drinking, uh, that would feel meaningful to you?",AnnoMI-derived authentic counseling turn,substance-use counseling
838,Provide a supportive motivational-interviewing counseling response for a person experiencing substance-use problems.,Yeah. I-I think that that would be a good step forward into-- and a life of possibly being sober and just experiencing the true- the true aspects of life rather than the-the haziness of alcohol.,"All right. Well, maybe it's something we can work on together. And, you know, I think we should come up with a plan that's gonna work for you so that you can get control here and stop drinking.",AnnoMI-derived authentic counseling turn,substance-use counseling
839,Provide a supportive motivational-interviewing counseling response for a person experiencing substance-use problems.,"Yeah, definitely.","Okay. So, you sort of have a plan to cut back on-",AnnoMI-derived authentic counseling turn,substance-use counseling
840,Provide a supportive motivational-interviewing counseling response for a person experiencing substance-use problems.,Yeah.,"-you know, nurturing that baby is really important to you-",AnnoMI-derived authentic counseling turn,substance-use counseling
841,Provide a supportive motivational-interviewing counseling response for a person experiencing substance-use problems.,Okay.,"Alcohol can have some dangerous effects on your body. So along with contributing to high blood pressure, it can have a big impact on your liver, which you need to keep in mind. So your liver has several different roles in your body. First, it helps process excess fatty acids before they get distributed to the rest of your body. It also helps process alcohol and other drugs. So when you have an excess of alcohol, your liver can't work as efficiently and the fatty acids build up, and over time, your liver won't be able to work as well.",AnnoMI-derived authentic counseling turn,substance-use counseling
842,Provide a supportive motivational-interviewing counseling response for a person experiencing substance-use problems.,It just seemed to get worse when it was the weekend-,"You-- Sounds like you did that, and that allowed you to really focus on the time [unintelligible 00:00:57] delaying your cigarettes. So-so that's gone well. So, what are the things that are not going as well as you'd liked?",AnnoMI-derived authentic counseling turn,substance-use counseling
843,Provide a supportive motivational-interviewing counseling response for a person experiencing substance-use problems.,Yes.,And then the respect is really sort of all-encompassing.,AnnoMI-derived authentic counseling turn,substance-use counseling
844,Provide a supportive motivational-interviewing counseling response for a person experiencing substance-use problems.,"I know who to hang out with, I'm not stupid.",You definitely know how to make good decisions.,AnnoMI-derived authentic counseling turn,substance-use counseling
845,Provide a supportive motivational-interviewing counseling response for a person experiencing substance-use problems.,"Yeah, um, normally, I'm smoking, you know, like once in the morning, uh, once during my lunch break and then in the evening maybe like five or six.",Okay. So about how much are you smoking over the course of a day? You had said it had increased over once or twice a day.,AnnoMI-derived authentic counseling turn,substance-use counseling
846,Provide a supportive motivational-interviewing counseling response for a person experiencing substance-use problems.,"Yeah, it's probably- it's probably the reason why all that's happening. I mean-",Okay. Do you see that at all as being affected by the substance use?,AnnoMI-derived authentic counseling turn,substance-use counseling
847,Provide a supportive motivational-interviewing counseling response for a person experiencing substance-use problems.,"Yeah, I-I guess that's right.","Yeah, and so it sounds like you've noticed that the more stressed you're feeling, the more you're drinking.",AnnoMI-derived authentic counseling turn,substance-use counseling
848,"Give a brief, empathetic counseling response focused on recovery and safety.",I had a difficult day and immediately thought about using.,"It sounds like a difficult day quickly triggered the urge to use. What happened today, and what might help you respond differently if a similar situation happens again? You do not have to figure everything out at once. We can focus on one manageable step.",synthetic drug-recovery counseling augmentation,drug-use recovery counseling - trigger awareness
849,Provide a supportive motivational-interviewing counseling response for a person experiencing substance-use problems.,"And maybe I don't know if-if that's like something that you'd be, you know, willing to do with me is to- help me set a date.",Okay.,AnnoMI-derived authentic counseling turn,substance-use counseling
850,Provide a supportive motivational-interviewing counseling response for a person experiencing substance-use problems.,I've heard it all. I-- but I just want to get my teeth fixed.,So--,AnnoMI-derived authentic counseling turn,substance-use counseling
851,Provide a supportive motivational-interviewing counseling response for a person experiencing substance-use problems.,Sometimes. Yeah.,"You're trying to stay put, you're not driving. You're trying to stay with people that you trust. Um, but yet it sounds like there's still some-some things happening from time to time.",AnnoMI-derived authentic counseling turn,substance-use counseling
852,Provide a supportive motivational-interviewing counseling response for a person experiencing substance-use problems.,"For the most part, it works pretty well because, like I said, people, you know, people come asking me, trying to pressure me, I'll be like, ""No, I'm good. I have- You know, I still have something. I'll get some later."" And I never end up getting anything. Oh, but sometimes they'll be like, ""Hey, let's take a shot,"" and everyone's gathered around like the kitchen or something ready to take a shot. And then at that point, I'll be like, ""Oh, well, maybe I can take one more."" And that's when I start, you know, falling into-",Mm-hmm. Okay. And do you feel that that's working pretty well for you or do you sometimes exceed that limit or-or what do you think?,AnnoMI-derived authentic counseling turn,substance-use counseling
853,Provide a supportive motivational-interviewing counseling response for a person experiencing substance-use problems.,-and also coming back and-and talking to you really helps 'cause I have someone to-,Sure.,AnnoMI-derived authentic counseling turn,substance-use counseling
854,Provide a supportive motivational-interviewing counseling response for a person experiencing substance-use problems.,Yeah. Thank you.,We definitely can cover that again on our next meeting. Thank you for coming to see me.,AnnoMI-derived authentic counseling turn,substance-use counseling
855,Provide a supportive motivational-interviewing counseling response for a person experiencing substance-use problems.,I appreciate your care.,I um--,AnnoMI-derived authentic counseling turn,substance-use counseling
856,"Give a brief, empathetic counseling response focused on recovery and safety.",I want to rebuild trust with my family after my drug use.,"Rebuilding trust can take time, and your wish to repair those relationships is meaningful. What is one consistent action you could take that would show your family you are working toward recovery? If you are comfortable, we can explore what matters most to you and identify a practical next step.",synthetic drug-recovery counseling augmentation,drug-use recovery counseling - family trust
857,Use motivational interviewing principles to respond to this substance-use concern.,"I was doing well in recovery, but I had a relapse.",A relapse does not erase the progress you made. Would you be willing to look at what was happening before the relapse so you can identify what might help next time? Your willingness to talk about this is already a meaningful step. We can work through it gradually.,synthetic drug-recovery counseling augmentation,drug-use recovery counseling - relapse
858,Provide a supportive motivational-interviewing counseling response for a person experiencing substance-use problems.,"Um, I mean, I guess the big one would be like I won't- I won't be hungover all the time like I would make it to my 8:00 AMs then, well, even-even when I make it to my 8:00 AMs now like I just, I sleep like I wake up I'm like, ""Oh my god what's going on?"" And then I get to my 8:00 AM and I'll just sleep through and then miss just about everything that's on the test. So I think if I- if I reprioritize what is important to me, I probably help me succeed. I mean, in high school, I had a 3.5 GPA. So I know I could do it here.","In what ways might your life be better if you succeed in 
making the changes you mentioned?",AnnoMI-derived authentic counseling turn,substance-use counseling
859,Provide a supportive motivational-interviewing counseling response for a person experiencing substance-use problems.,"Yeah, I'm doing okay. I'm getting mostly A's and B's, so I'm pretty good, I'm okay.","It's, uh, hard work to get into law school. Are you doing well in school? What kind of grades do you get?",AnnoMI-derived authentic counseling turn,substance-use counseling
860,Provide a supportive motivational-interviewing counseling response for a person experiencing substance-use problems.,Yeah,"-um, that you consume during the week?",AnnoMI-derived authentic counseling turn,substance-use counseling
861,Provide a supportive motivational-interviewing counseling response for a person experiencing substance-use problems.,"No. I guess, you know, the one- the one thing I can think of is, I mean, there will be evenings when I just kind of want to get my son to bed a little earlier, just so that I can have that alone time to unwind, you know, maybe-maybe smoke, have a couple drinks. Um, but, I do feel guilty about that sometimes, because, I should enjoy spending time with my son, but, instead, you know, I'm just wanting to be by myself and relax, you know. So—","So, I'm wondering, have you noticed any problems from your drinking?",AnnoMI-derived authentic counseling turn,substance-use counseling
862,Provide a supportive motivational-interviewing counseling response for a person experiencing substance-use problems.,Yeah.,So smoking pot also reminds you of your financial situation and you don't have extra cash to spend on things?,AnnoMI-derived authentic counseling turn,substance-use counseling
863,Provide a supportive motivational-interviewing counseling response for a person experiencing substance-use problems.,"Well, I have this friend who thinks I drink too much. She would probably be willing to make me promise not to have more than two drinks at a party.",Great. Who could help you reach this goal?,AnnoMI-derived authentic counseling turn,substance-use counseling
864,Provide a supportive motivational-interviewing counseling response for a person experiencing substance-use problems.,Yeah.,"So sort of, um, trying to plan more activities that don't involve alcohol-",AnnoMI-derived authentic counseling turn,substance-use counseling
865,Provide a supportive motivational-interviewing counseling response for a person experiencing substance-use problems.,A little bit.,You kind of got a reality check today.,AnnoMI-derived authentic counseling turn,substance-use counseling
866,Provide a supportive motivational-interviewing counseling response for a person experiencing substance-use problems.,"Uh, yeah, sure. Um, I guess, well, my doctor referred me to see you. Um, I guess he has some concerns about, um, my- my pregnancy and- and my baby. So, um, yeah, well, I'm doing what I'm told.","Thank you for coming in today, Katie. I'm looking forward to getting to know you, and maybe just wanna start off with just sharing a little bit about you and what brought you in today?",AnnoMI-derived authentic counseling turn,substance-use counseling
867,Provide a supportive motivational-interviewing counseling response for a person experiencing substance-use problems.,"Yeah. I mean, i-it's part of my routine right now, and, you know, I-I don't want to sacrifice something I enjoy, but, you know, I'm trying really hard, you know, to be a good mom. I'm-I'm trying to, you know, go-go back to school. I'm trying to work. So, I don't know how I can do all of that if I don't have a way to enjoy myself or relax, you know?",I-it seems like it-it would be quite a hard pattern to change.,AnnoMI-derived authentic counseling turn,substance-use counseling
868,Provide a supportive motivational-interviewing counseling response for a person experiencing substance-use problems.,"Um, I think of them as-as different, I think, you know, like in playing board games and things, it's meant to be relaxing.",Okay. And do you notice a big difference or can you tell me about the difference in your enjoyment level at say a party versus a night you're playing board games?,AnnoMI-derived authentic counseling turn,substance-use counseling
869,Provide a supportive motivational-interviewing counseling response for a person experiencing substance-use problems.,For about a month.,"Okay. Well, it sounds like you have a goal of not using marijuana once basketball starts. How long do you think you could not use?",AnnoMI-derived authentic counseling turn,substance-use counseling
870,Provide a supportive motivational-interviewing counseling response for a person experiencing substance-use problems.,"If I just said-said, ""No, I'm not drinking at all,"" and, you know, I don't feel like I'm an alcoholic-",Yeah.,AnnoMI-derived authentic counseling turn,substance-use counseling
871,Respond as a supportive addiction counselor using motivational interviewing.,I had a difficult day and immediately thought about using.,"It sounds like a difficult day quickly triggered the urge to use. What happened today, and what might help you respond differently if a similar situation happens again? If you are comfortable, we can explore what matters most to you and identify a practical next step.",synthetic drug-recovery counseling augmentation,drug-use recovery counseling - trigger awareness
872,Respond as a supportive addiction counselor using motivational interviewing.,I am worried that I will never be able to stay in recovery.,"It sounds like you are worried about your ability to maintain recovery. What is one time when you managed a difficult situation without using, and what helped you then? Your willingness to talk about this is already a meaningful step. We can work through it gradually.",synthetic drug-recovery counseling augmentation,drug-use recovery counseling - confidence
873,Provide a supportive motivational-interviewing counseling response for a person experiencing substance-use problems.,"The days that we drink are mostly, like I said, they're parties, so it's more of that whole partying and dancing and, you know, having everyone have fun. And then when we don't, it's a lot more relaxed. It's a lot more hanging out, playing board games, watching a movie it's not yeah.",Mm-hmm. So about half the time you're drinking and half the time you're not. Can you tell me what's different about the days when you choose to drink versus not to drink?,AnnoMI-derived authentic counseling turn,substance-use counseling
874,Provide a supportive motivational-interviewing counseling response for a person experiencing substance-use problems.,"No, this hasn’t happened before.",Has there been times in the past where you’ve tried to cut back on drinking?,AnnoMI-derived authentic counseling turn,substance-use counseling
875,Provide a supportive motivational-interviewing counseling response for a person experiencing substance-use problems.,"Um, because I still think it's-it's important.",Uh-huh. Why do you say six or seven rather than like a four?,AnnoMI-derived authentic counseling turn,substance-use counseling
876,Act as a recovery-support counselor and encourage reflection and a realistic next step.,"I am trying to change, but I do not know what triggers my drug use.","We can explore that together without judgment. Think about the moments before you usually use: where are you, who are you with, and what emotions or thoughts are present? If you are comfortable, we can explore what matters most to you and identify a practical next step.",synthetic drug-recovery counseling augmentation,drug-use recovery counseling - trigger identification
877,Provide a supportive motivational-interviewing counseling response for a person experiencing substance-use problems.,"Yeah, well, I don't really know too much about it, other than it makes me feel good.","You've been managing in the best way you can. You also have some doubts about it too, it sounds like?",AnnoMI-derived authentic counseling turn,substance-use counseling
878,Provide a supportive motivational-interviewing counseling response for a person experiencing substance-use problems.,Yeah.,That sound okay?,AnnoMI-derived authentic counseling turn,substance-use counseling
879,Provide a supportive motivational-interviewing counseling response for a person experiencing substance-use problems.,"Um, I don’t know, I just-just I don’t know, it just sort-- it just got up to a point where just, um, it seemed just too much, like no-nobody else is really drinking as much in the week as well and-","Um, I guess 80 is quite high, what makes you say an 80 over say 50?",AnnoMI-derived authentic counseling turn,substance-use counseling
880,Provide a supportive motivational-interviewing counseling response for a person experiencing substance-use problems.,No.,"Yeah, yeah.",AnnoMI-derived authentic counseling turn,substance-use counseling
881,Use motivational interviewing principles to respond to this substance-use concern.,I am scared that my drug use is damaging my relationships.,"It sounds like your relationships are very important to you. How has your drug use affected the people you care about, and what change would you most like them to see? There is no need to judge yourself while we explore what happened. Understanding the pattern can help you make a different choice.",synthetic drug-recovery counseling augmentation,drug-use recovery counseling - relationships
882,Provide a supportive motivational-interviewing counseling response for a person experiencing substance-use problems.,"Well, I, especially don't like it whenever me or one of my friends, like we drink too much and we end up like throwing up or things like that, that I don't- that's not fun.",Can you tell me a little bit about that?,AnnoMI-derived authentic counseling turn,substance-use counseling
883,Provide a supportive motivational-interviewing counseling response for a person experiencing substance-use problems.,-then just focus on my studies. Then if I have time for leisure time like I'll go party with my friends and just be as a party with them doesn't mean I have to drink. And I do one cup is not going to do anything to my life either. But I'd prefer not to do that. I prefer just make sure.,Mm-hmm.,AnnoMI-derived authentic counseling turn,substance-use counseling
884,Respond as a supportive addiction counselor using motivational interviewing.,I feel like one relapse means I have failed completely.,One setback does not define your whole recovery. What did you learn from this experience that could help you make a different choice the next time you face a similar situation? You do not have to figure everything out at once. We can focus on one manageable step.,synthetic drug-recovery counseling augmentation,drug-use recovery counseling - reframing relapse
885,Provide a supportive motivational-interviewing counseling response for a person experiencing substance-use problems.,"I don't think I need to quit, but I think I can try to cut down.",Okay. Okay.,AnnoMI-derived authentic counseling turn,substance-use counseling
886,Provide a supportive motivational-interviewing counseling response for a person experiencing substance-use problems.,Okay.,"Okay. So then, like I said, um, I'll try and see if we can meet up maybe in a few weeks and see how it's going-",AnnoMI-derived authentic counseling turn,substance-use counseling
887,Provide a supportive motivational-interviewing counseling response for a person experiencing substance-use problems.,So maybe people won't bug me about drinking or something.,Hm.,AnnoMI-derived authentic counseling turn,substance-use counseling
888,Provide a supportive motivational-interviewing counseling response for a person experiencing substance-use problems.,"Yeah, yeah, definitely. I'll just not have a drink.","And, um, that's gonna be your goal, and that's great, you know, that's really why we're here, is to talk about that and-and make sure that you come to that decision. Um, so, I guess, can you quit this weekend then?",AnnoMI-derived authentic counseling turn,substance-use counseling
889,Provide a supportive motivational-interviewing counseling response for a person experiencing substance-use problems.,"And-and wait, I'm sorry, but—","Right, right. It's just like you-you-you-- Some people pick a quit date, like January 1st is still the most popular quit date—",AnnoMI-derived authentic counseling turn,substance-use counseling
890,Respond as a supportive addiction counselor using motivational interviewing.,I feel like one relapse means I have failed completely.,One setback does not define your whole recovery. What did you learn from this experience that could help you make a different choice the next time you face a similar situation? There is no need to judge yourself while we explore what happened. Understanding the pattern can help you make a different choice.,synthetic drug-recovery counseling augmentation,drug-use recovery counseling - reframing relapse
891,Provide a supportive motivational-interviewing counseling response for a person experiencing substance-use problems.,Yeah.,"You also mentioned that smoking is a way to manage your weight, and concern that if you were-were going to quit smoking, what that would do in terms of, um, gaining weight, and that smoking after meals is pleasurable, that it's something that would be really hard to give up.",AnnoMI-derived authentic counseling turn,substance-use counseling
892,Provide a supportive motivational-interviewing counseling response for a person experiencing substance-use problems.,"So, since then, I've been hanging out more with them, getting to know them. But I can also see that oh, I'm just living life, I guess. But that's also not fair to them that I'm not there for them as much as I was before.",Mm-hmm.,AnnoMI-derived authentic counseling turn,substance-use counseling
893,Act as a recovery-support counselor and encourage reflection and a realistic next step.,I want to recover but I am afraid of what life will be like without drugs.,"That fear makes sense because recovery can involve major changes. What parts of life without drugs worry you most, and what kind of support might make those changes feel safer? If you are comfortable, we can explore what matters most to you and identify a practical next step.",synthetic drug-recovery counseling augmentation,drug-use recovery counseling - fear of recovery
894,Provide a supportive motivational-interviewing counseling response for a person experiencing substance-use problems.,"Oh, sure. Sure, I'll come in. Yeah.",Okay. I appreciate. We've- we've probably used up the time that we have. I would love to see you next week if you'd be willing to schedule another appointment and talk with you more about this. Is that something that would be helpful?,AnnoMI-derived authentic counseling turn,substance-use counseling
895,Provide a supportive motivational-interviewing counseling response for a person experiencing substance-use problems.,-discuss it with.,Sure.,AnnoMI-derived authentic counseling turn,substance-use counseling
896,Provide a supportive motivational-interviewing counseling response for a person experiencing substance-use problems.,Mm-hmm.,-would like to make some adjustments-,AnnoMI-derived authentic counseling turn,substance-use counseling
897,Provide a supportive motivational-interviewing counseling response for a person experiencing substance-use problems.,He doesn't have kids.,Mm-hmm.,AnnoMI-derived authentic counseling turn,substance-use counseling
898,Provide a supportive motivational-interviewing counseling response for a person experiencing substance-use problems.,Yep.,"-over the last year and maybe also the effect on-on um, your job and being able-- maybe you're not auditioning as well as you might.",AnnoMI-derived authentic counseling turn,substance-use counseling
899,Provide a supportive motivational-interviewing counseling response for a person experiencing substance-use problems.,I've always been an anxious person. Pot just helps me calm my nerves. I'm I in trouble?,Mm. You've been very successful academically and the transition to college has been hard for you.,AnnoMI-derived authentic counseling turn,substance-use counseling
900,Provide a supportive motivational-interviewing counseling response for a person experiencing substance-use problems.,"-into I don't know where to, I don't know what, and-",Mm-hmm.,AnnoMI-derived authentic counseling turn,substance-use counseling
901,Provide a supportive motivational-interviewing counseling response for a person experiencing substance-use problems.,"So, I could just tell them, ""Hey, I don't feel like having a drink today.""",Okay.,AnnoMI-derived authentic counseling turn,substance-use counseling
902,Provide a supportive motivational-interviewing counseling response for a person experiencing substance-use problems.,"Well, I've only tried drinking once or twice.","I understand. So tell me, how often do you drink?",AnnoMI-derived authentic counseling turn,substance-use counseling
903,Provide a supportive motivational-interviewing counseling response for a person experiencing substance-use problems.,Uh-huh.,That worries you?,AnnoMI-derived authentic counseling turn,substance-use counseling
904,Provide a supportive motivational-interviewing counseling response for a person experiencing substance-use problems.,"Okay. Um, my name is Laura and I'm 17 and I'm a senior in high school.",Okay. Why don't we start by just having you tell me a little bit about yourself?,AnnoMI-derived authentic counseling turn,substance-use counseling
905,Provide a supportive motivational-interviewing counseling response for a person experiencing substance-use problems.,Yeah.,Does that sound like something you'd like to do?,AnnoMI-derived authentic counseling turn,substance-use counseling
906,Provide a non-judgmental counseling response to a person struggling with drug use.,"I want to stop using drugs, but I keep going back to them.","It sounds like you genuinely want to stop, while something keeps pulling you back. What do you think makes stopping especially difficult for you? There is no need to judge yourself while we explore what happened. Understanding the pattern can help you make a different choice.",synthetic drug-recovery counseling augmentation,drug-use recovery counseling - ambivalence
907,Provide a supportive motivational-interviewing counseling response for a person experiencing substance-use problems.,Right. I'll stop.,"All right. Yeah. I mean, we got to have a deal here if you're going to be on the team. Okay?",AnnoMI-derived authentic counseling turn,substance-use counseling
908,Provide a supportive motivational-interviewing counseling response for a person experiencing substance-use problems.,"Yeah. I'm involved in music. So I'm also in the jazz band, the wind ensemble, and um, yeah, that's about—",Oh.,AnnoMI-derived authentic counseling turn,substance-use counseling
909,Provide a supportive motivational-interviewing counseling response for a person experiencing substance-use problems.,"And um for me smoking is like a calming effect, you know. And some people it's a stimulant you know and then for me, it's like, I look forward to relaxing on my couch after a long day and then watching my you know news or whatever the heck I'm watching or reading and having my cigarette, um, I'll tell you-",Mm-hmm,AnnoMI-derived authentic counseling turn,substance-use counseling
910,Provide a supportive motivational-interviewing counseling response for a person experiencing substance-use problems.,"Yeah, I think that- I think that would be a good idea, and maybe you could help me, yeah, with, like, ways to approach it because I think that my partner kind of has the same view that I- that I had. So-","I really want to thank you for, you know, exploring this with me today, and I'm wondering if we can kind of continue this conversation again, and talk about those steps, and how it goes with talking to your partner about giving up drinking and, um, the- giving you a chance to do some more research and, you know, maybe looking through these brochures and kind of just coming back and sharing a little bit more about, you know, what you thought about the information and what feels right for you. Is that something you'd be open to?",AnnoMI-derived authentic counseling turn,substance-use counseling
911,Provide a supportive motivational-interviewing counseling response for a person experiencing substance-use problems.,"Well, I will take a look at it, and I'll definitely read it, and I don't wanna become addicted, and I would like to continue to play sports as long as possible.",I would like to share with you these materials to show the risk of drinking at younger age. I also wanted to encourage you to think about these risks. What do you think about that?,AnnoMI-derived authentic counseling turn,substance-use counseling
912,Provide a supportive motivational-interviewing counseling response for a person experiencing substance-use problems.,Okay.,"I'm here to help, okay?",AnnoMI-derived authentic counseling turn,substance-use counseling
913,Provide a supportive motivational-interviewing counseling response for a person experiencing substance-use problems.,"Um, yeah. I was drinking the last time I had sex. Um, the guy had been drinking too, and we didn't use a condom.","Here's the part where I share information. The safest level of drinking for teenagers is zero drinks. That's because we know a number of negative things are more likely to happen when adolescents drink. We know alcohol can harm how the brain develops as an adolescent and teens who drink are more likely to hurt themselves by accident. Sexual assault is another thing more likely to happen and so are sexually transmitted diseases. I'm curious, do you think your drinking has anything to do what the possibility of having an STD?",AnnoMI-derived authentic counseling turn,substance-use counseling
914,Provide a supportive motivational-interviewing counseling response for a person experiencing substance-use problems.,I just don't have time for any of that.,"Well, there's all kinds of things you can use now. It's not as hard as it used to be. You can use nicotine replacement. There's patches, there's lozenges, there's gum, there's the inhaler, there's nasal spray. We can talk about medications. You can try Chantix, you can try Zyban, there's quit smoking groups you can go to, there's hotlines you can call.",AnnoMI-derived authentic counseling turn,substance-use counseling
915,Provide a supportive motivational-interviewing counseling response for a person experiencing substance-use problems.,"-lift to get away from, um, you know parents mainly, and that kind of lifestyle, that Palmy sort of lifestyle. But then yeah, I discovered this other thing, um—",Right.,AnnoMI-derived authentic counseling turn,substance-use counseling
916,Provide a supportive motivational-interviewing counseling response for a person experiencing substance-use problems.,Yeah.,"So, my sense is that you're smoking and you're minimizing hi-his exposure by not smoking in the same room and smoking near windows. Is that-",AnnoMI-derived authentic counseling turn,substance-use counseling
917,Provide a supportive motivational-interviewing counseling response for a person experiencing substance-use problems.,"-I'll have it when I get to work or on the way to work.""",Right.,AnnoMI-derived authentic counseling turn,substance-use counseling
918,Provide a supportive motivational-interviewing counseling response for a person experiencing substance-use problems.,"Okay, yeah.",-they're probably not a good influence.,AnnoMI-derived authentic counseling turn,substance-use counseling
919,Provide a supportive motivational-interviewing counseling response for a person experiencing substance-use problems.,"Um, I don't like forgetting where I'm at sometimes.",Okay. And what about your drinking do you not like?,AnnoMI-derived authentic counseling turn,substance-use counseling
920,Provide a supportive motivational-interviewing counseling response for a person experiencing substance-use problems.,Yeah.,You tried oxy? Okay.,AnnoMI-derived authentic counseling turn,substance-use counseling
921,Provide a supportive motivational-interviewing counseling response for a person experiencing substance-use problems.,Thanks.,All right. Thank you so much.,AnnoMI-derived authentic counseling turn,substance-use counseling
922,Provide a supportive motivational-interviewing counseling response for a person experiencing substance-use problems.,Yeah.,"Yeah, so, there, I mean, a lot of the other dangers of drinking, like, um, not just car accidents, but you can have other accidents, you know, people, um, you know, will fall or, um, you know, break things or a lot of people actually end up breaking their bones and ending up in the emergency room because they've been drunk and falling down or, you know, as a girl, it's really important too that you're careful because you could be sexually assaulted.",AnnoMI-derived authentic counseling turn,substance-use counseling
923,Provide a supportive motivational-interviewing counseling response for a person experiencing substance-use problems.,"-um, I'm just, I feel like I'm not exerc-- well I'm not exercising like I used to. So, I just wanna cut, you know, stop drinking so much.",Okay.,AnnoMI-derived authentic counseling turn,substance-use counseling
924,Provide a supportive motivational-interviewing counseling response for a person experiencing substance-use problems.,"Because, like I said, it's not a big part of my life. So, it's not really that difficult","Okay, and why'd you say 8 or 9 rather than even like 5 or 6?",AnnoMI-derived authentic counseling turn,substance-use counseling
925,Provide a non-judgmental counseling response to a person struggling with drug use.,"I want to make healthier choices, but I feel stuck.",Feeling stuck can make change seem overwhelming. What is one small change that feels realistic this week and could move you a little closer to the life you want? You do not have to figure everything out at once. We can focus on one manageable step.,synthetic drug-recovery counseling augmentation,drug-use recovery counseling - small steps
926,Provide a non-judgmental counseling response to a person struggling with drug use.,I want to recover but I am afraid of what life will be like without drugs.,"That fear makes sense because recovery can involve major changes. What parts of life without drugs worry you most, and what kind of support might make those changes feel safer? You do not have to figure everything out at once. We can focus on one manageable step.",synthetic drug-recovery counseling augmentation,drug-use recovery counseling - fear of recovery
927,Act as a recovery-support counselor and encourage reflection and a realistic next step.,I feel ashamed because I promised myself I would stop.,It sounds like you are carrying a lot of shame. You deserve support rather than judgment. What would be one compassionate and realistic step you could take toward recovery today? There is no need to judge yourself while we explore what happened. Understanding the pattern can help you make a different choice.,synthetic drug-recovery counseling augmentation,drug-use recovery counseling - shame
928,Provide a supportive motivational-interviewing counseling response for a person experiencing substance-use problems.,"No. No, not at all.",Have you been here before?,AnnoMI-derived authentic counseling turn,substance-use counseling
929,Provide a supportive motivational-interviewing counseling response for a person experiencing substance-use problems.,"Yeah. It's, you know, it's one thing to control my own drinking, and it's another thing when everyone else around me is drinking and then there's like that pressure-","Okay. Um, you don't sound very much like you think that's gonna work.",AnnoMI-derived authentic counseling turn,substance-use counseling
930,Provide a supportive motivational-interviewing counseling response for a person experiencing substance-use problems.,Yeah.,You've got big dreams.,AnnoMI-derived authentic counseling turn,substance-use counseling
931,Provide a supportive motivational-interviewing counseling response for a person experiencing substance-use problems.,Yeah.,"Okay. So it's kind of linked to your drinking, the fact that, um, that you can-- if you can take care of that drinking, you can take care of the-",AnnoMI-derived authentic counseling turn,substance-use counseling
932,Provide a supportive motivational-interviewing counseling response for a person experiencing substance-use problems.,"Yes, yeah. And that's what I associated with at the time and now it's almost, I'm ostracized for it.",Glamourous.,AnnoMI-derived authentic counseling turn,substance-use counseling
933,"Give a brief, empathetic counseling response focused on recovery and safety.",I do not think my drug use is as serious as my family thinks.,"It sounds like you and your family see the situation differently. Rather than judging you, I would like to understand your view. What concerns, if any, do you have about your drug use? Your willingness to talk about this is already a meaningful step. We can work through it gradually.",synthetic drug-recovery counseling augmentation,drug-use recovery counseling - readiness
934,Provide a supportive motivational-interviewing counseling response for a person experiencing substance-use problems.,"Oh, no. No.","Yeah, so you're not-- You're not like those chain smokers, you're not smoking packs and packs a day.",AnnoMI-derived authentic counseling turn,substance-use counseling
935,Provide a non-judgmental counseling response to a person struggling with drug use.,"I am trying to change, but I do not know what triggers my drug use.","We can explore that together without judgment. Think about the moments before you usually use: where are you, who are you with, and what emotions or thoughts are present? There is no need to judge yourself while we explore what happened. Understanding the pattern can help you make a different choice.",synthetic drug-recovery counseling augmentation,drug-use recovery counseling - trigger identification
936,Provide a supportive motivational-interviewing counseling response for a person experiencing substance-use problems.,"So I thought, well, this is my first step. So, uh, it's time to do something.",Right.,AnnoMI-derived authentic counseling turn,substance-use counseling
937,Provide a supportive motivational-interviewing counseling response for a person experiencing substance-use problems.,Mm.,-what would work for you-,AnnoMI-derived authentic counseling turn,substance-use counseling
938,Provide a supportive motivational-interviewing counseling response for a person experiencing substance-use problems.,"Yes, right. Like I've been noticing I've been more lethargic and apathetic towards schoolwork.",And it was fun at first. But now you're already noticing some consequences.,AnnoMI-derived authentic counseling turn,substance-use counseling
939,Provide a supportive motivational-interviewing counseling response for a person experiencing substance-use problems.,"It's very enjoyable, relaxing, you know, a stress reliever. When I'm at work, we all go out and smoke and chit chat and, you know, talk about things. I would hate to not smoke, really. I'd be left out.","So Sandra, what's good about smoking? What do you like about it?",AnnoMI-derived authentic counseling turn,substance-use counseling
940,Provide a supportive motivational-interviewing counseling response for a person experiencing substance-use problems.,"Hmm, I'm not sure. Uh, something I have to think about.","So weighing those things, you know, what you like about your drinking, what you don't like about your drinking, uh, where do you wanna go from here? Uh, what would you like to change about your drinking?",AnnoMI-derived authentic counseling turn,substance-use counseling
941,Use motivational interviewing principles to respond to this substance-use concern.,I use drugs when I feel stressed and overwhelmed.,"You have noticed a connection between stress and drug use, which is useful information. What are some safer ways you have handled stress in the past, even if they only helped a little? There is no need to judge yourself while we explore what happened. Understanding the pattern can help you make a different choice.",synthetic drug-recovery counseling augmentation,drug-use recovery counseling - stress trigger
942,Provide a supportive motivational-interviewing counseling response for a person experiencing substance-use problems.,"So, uh, maybe Monday morning.",Okay.,AnnoMI-derived authentic counseling turn,substance-use counseling
943,Provide a supportive motivational-interviewing counseling response for a person experiencing substance-use problems.,"Well, you know they just decriminalized it in Virginia, it's not a big deal. I'm not in trouble, am I?","I notice you use marijuana regularly, and I wanted to ask you more about that.",AnnoMI-derived authentic counseling turn,substance-use counseling
944,Provide a supportive motivational-interviewing counseling response for a person experiencing substance-use problems.,"Um, well, I just don't know- I just don't know where-where these brochures get their information or-or anything from, like, where's the hard evidence essentially.",What do you make about that- what do you think about that?,AnnoMI-derived authentic counseling turn,substance-use counseling
945,Provide a supportive motivational-interviewing counseling response for a person experiencing substance-use problems.,I'm going to talk with him and I'm gonna make him promise that we always use a condom and that we don't have sex drunk.,Okay. And how about unprotected sex? It sounds like you don't want to experience that again.,AnnoMI-derived authentic counseling turn,substance-use counseling
946,Provide a supportive motivational-interviewing counseling response for a person experiencing substance-use problems.,"Yeah, uh, you tell me, stop smoking and lose weight and take more exercise, wouldn’t you?","Well, I could give you my opinion. Um, and I can give you lots of information, but I think you know the score pretty well. And I think you'd know what I would say.",AnnoMI-derived authentic counseling turn,substance-use counseling
947,Act as a recovery-support counselor and encourage reflection and a realistic next step.,Part of me wants recovery and another part of me still wants to use.,"It is possible to have mixed feelings about recovery. What are the strongest reasons you want to stop, and what do you feel you would be giving up by stopping? There is no need to judge yourself while we explore what happened. Understanding the pattern can help you make a different choice.",synthetic drug-recovery counseling augmentation,drug-use recovery counseling - mixed feelings
948,Provide a supportive motivational-interviewing counseling response for a person experiencing substance-use problems.,"-but I kind of did that, learned my lesson, didn't like it.",Mm-hmm.,AnnoMI-derived authentic counseling turn,substance-use counseling
949,Provide a supportive motivational-interviewing counseling response for a person experiencing substance-use problems.,"I'm giving myself six months, six months and-and, uh, that seems like a long time away, but I have a feeling I'm going to fail at this point in time. I don't even have 50%, uh, faith in myself.","Okay, okay. Now, have you thought about when you wanted to quit by?",AnnoMI-derived authentic counseling turn,substance-use counseling
950,Provide a supportive motivational-interviewing counseling response for a person experiencing substance-use problems.,"Yeah, for sure.","Sure, sure. So you're noticing that the drinking at the moment is a way of perhaps calming the nerves?",AnnoMI-derived authentic counseling turn,substance-use counseling
951,"Give a brief, empathetic counseling response focused on recovery and safety.",I want to rebuild trust with my family after my drug use.,"Rebuilding trust can take time, and your wish to repair those relationships is meaningful. What is one consistent action you could take that would show your family you are working toward recovery?",synthetic drug-recovery counseling augmentation,drug-use recovery counseling - family trust
952,Provide a supportive motivational-interviewing counseling response for a person experiencing substance-use problems.,"Um, well, it's fun. I like drinking when my friends are drinking too. Um, I laugh more. It's just fun.",I'm curious. What do you like about drinking alcohol?,AnnoMI-derived authentic counseling turn,substance-use counseling
953,Provide a supportive motivational-interviewing counseling response for a person experiencing substance-use problems.,"The people I work with, we go out in the courtyard-",Right.,AnnoMI-derived authentic counseling turn,substance-use counseling
954,Provide a supportive motivational-interviewing counseling response for a person experiencing substance-use problems.,"I don't know, i-it just surprises me because, I mean, two drinks a day, that-that doesn't seem like a problem or risky, you know. And, I have family members who drink a lot more than that per day, and, it's not a problem for them. So, i-it just surprises me.","Okay. Well, so, the recommendation for women is to have no more than three drinks a day, and no more than seven drinks over the course of a week. Yeah, um, and, really, the reason for those recommendations is to just reduce the risk that people have trouble with accidents, or chronic diseases. Like certain types of cancers, or high blood pressure, and then also psychological problems. I don't know what you think about all that?",AnnoMI-derived authentic counseling turn,substance-use counseling
955,Provide a supportive motivational-interviewing counseling response for a person experiencing substance-use problems.,"Um, before that yeah just my friends weren't drinking so much, and yeah it’s just not, it's just new. Yeah.","Yes, yes.",AnnoMI-derived authentic counseling turn,substance-use counseling
956,Provide a supportive motivational-interviewing counseling response for a person experiencing substance-use problems.,"Definitely, yeah. That's a good word.","Yeah, so, you don't feel the need to make any major changes, but you feel like you could make some adjustments that would make it easier or—",AnnoMI-derived authentic counseling turn,substance-use counseling
957,Provide a supportive motivational-interviewing counseling response for a person experiencing substance-use problems.,"Uh, mostly in my left arm.","Thanks. When I looked at your form, it looks like you use heroin weekly and you injected. What part of your body do you normally inject in?",AnnoMI-derived authentic counseling turn,substance-use counseling
958,Act as a recovery-support counselor and encourage reflection and a realistic next step.,"My family keeps telling me to get help, but I do not know where to start.",Reaching out can be a strong first step. Would you be open to talking with a qualified addiction counselor or healthcare professional about support options that fit your situation? There is no need to judge yourself while we explore what happened. Understanding the pattern can help you make a different choice.,synthetic drug-recovery counseling augmentation,drug-use recovery counseling - professional help
959,Provide a supportive motivational-interviewing counseling response for a person experiencing substance-use problems.,"But it was not really by choice, it was by, um, the situation I was in, I wasn't able to smoke so, yeah.","Oh, three days. You know, that's a long time and I felt, you know, that's a pretty long time to go without smoking and I would imagine, I think that's pretty good.",AnnoMI-derived authentic counseling turn,substance-use counseling
960,Provide a supportive motivational-interviewing counseling response for a person experiencing substance-use problems.,"In fact, on the nights when I don't drink, I-I have a harder time going to sleep.",Mm-hmm.,AnnoMI-derived authentic counseling turn,substance-use counseling
961,Provide a supportive motivational-interviewing counseling response for a person experiencing substance-use problems.,Um—,"Are you ever, um, places where there are parents around or-",AnnoMI-derived authentic counseling turn,substance-use counseling
962,Provide a supportive motivational-interviewing counseling response for a person experiencing substance-use problems.,"Okay. Um, I'd be open to that and then I'm not sure-- I'm not familiar with the other thing that you had suggested. Um, I don't know what that is.","Yes, it is.",AnnoMI-derived authentic counseling turn,substance-use counseling
963,Provide a supportive motivational-interviewing counseling response for a person experiencing substance-use problems.,"Yeah, I-I think I would. I mean, it's-it's been nice to just talk about everything that's going on.","-um, try to tackle, um, your childcare issue, um, with some assistance. Is there anything else you'd like to do, um, for example, would you be interested in talking with me again, um, just as things progress?",AnnoMI-derived authentic counseling turn,substance-use counseling
964,Provide a supportive motivational-interviewing counseling response for a person experiencing substance-use problems.,"No, that gives me something to work towards until I see you next week.","Okay. And I can give you a little card that can help you keep track of it. And if you can bring that back to the next appointment, it could be something we could discuss. Okay. Anything else?",AnnoMI-derived authentic counseling turn,substance-use counseling
965,Provide a supportive motivational-interviewing counseling response for a person experiencing substance-use problems.,"Um, I would say like a moderate amount. I'm not really-really popular or like, I have no friends.","And, you have a lot of friends or a few close people, or?",AnnoMI-derived authentic counseling turn,substance-use counseling
966,Provide a supportive motivational-interviewing counseling response for a person experiencing substance-use problems.,Yeah.,So something just happened-,AnnoMI-derived authentic counseling turn,substance-use counseling
967,Provide a supportive motivational-interviewing counseling response for a person experiencing substance-use problems.,"Yeah. Yeah, which kind of was a bit of a sh-shock, I suppose.",Alright.,AnnoMI-derived authentic counseling turn,substance-use counseling
968,Provide a supportive motivational-interviewing counseling response for a person experiencing substance-use problems.,"Yeah, I guess you can say that.",So that's actually kind of a lot of drinking then?,AnnoMI-derived authentic counseling turn,substance-use counseling
969,Provide a supportive motivational-interviewing counseling response for a person experiencing substance-use problems.,"I guess, um, I'll just- I'll just have, you know, some fresh air as well, but this time without a cigarette in my hand but to try and give myself regular breaks maybe, I don't know.","Okay. So after you've had the quit date, what do you think you might do when it it's the first day at work and it's time to go home if you're not gonna have a cigarette?",AnnoMI-derived authentic counseling turn,substance-use counseling
970,Act as a recovery-support counselor and encourage reflection and a realistic next step.,"I can stay away from drugs for a while, then the cravings become strong.","You have already shown that you can stay away for periods of time. What usually happens just before a craving becomes strongest, and what has helped you get through a craving safely? You do not have to figure everything out at once. We can focus on one manageable step.",synthetic drug-recovery counseling augmentation,drug-use recovery counseling - cravings
971,Act as a recovery-support counselor and encourage reflection and a realistic next step.,"My friends use drugs, and it makes staying sober difficult.","That environment can make recovery harder. Which people or places feel safer for you, and how might you create more distance from situations that increase the urge to use? Your willingness to talk about this is already a meaningful step. We can work through it gradually.",synthetic drug-recovery counseling augmentation,drug-use recovery counseling - social environment
972,Provide a supportive motivational-interviewing counseling response for a person experiencing substance-use problems.,"Yeah, sure.",Would you be open to kind of looking at the low-risk drinking alcohol guidelines?,AnnoMI-derived authentic counseling turn,substance-use counseling
973,Provide a supportive motivational-interviewing counseling response for a person experiencing substance-use problems.,"My close ones, I know they wouldn't be, you know, have a problem with that. But the ones that I'm not that close with, but I'll still like hang out with-","Okay. Um, so I mean, do you think they're really good friends of yours if they're gonna give you such a hard time?",AnnoMI-derived authentic counseling turn,substance-use counseling
974,Use motivational interviewing principles to respond to this substance-use concern.,I am worried about going back to my old environment after treatment.,"Returning to a familiar environment can bring strong reminders and triggers. What people, places, or routines might make recovery harder, and what support could you arrange before returning? You do not have to figure everything out at once. We can focus on one manageable step.",synthetic drug-recovery counseling augmentation,drug-use recovery counseling - aftercare
975,Provide a supportive motivational-interviewing counseling response for a person experiencing substance-use problems.,"Well, it's bad for my health and it's scaring me 'cause I don't feel well.","You've told me what is good about smoking for you. Uh, can you tell me what is not so good about smoking for you?",AnnoMI-derived authentic counseling turn,substance-use counseling
976,Provide a supportive motivational-interviewing counseling response for a person experiencing substance-use problems.,He's a golden retriever.,Okay. What kind of dog do you have?,AnnoMI-derived authentic counseling turn,substance-use counseling
977,Provide a non-judgmental counseling response to a person struggling with drug use.,"My friends use drugs, and it makes staying sober difficult.","That environment can make recovery harder. Which people or places feel safer for you, and how might you create more distance from situations that increase the urge to use? You do not have to figure everything out at once. We can focus on one manageable step.",synthetic drug-recovery counseling augmentation,drug-use recovery counseling - social environment
978,Provide a supportive motivational-interviewing counseling response for a person experiencing substance-use problems.,-I was craving my cigarette.,Mm.,AnnoMI-derived authentic counseling turn,substance-use counseling
979,Act as a recovery-support counselor and encourage reflection and a realistic next step.,"I can stay away from drugs for a while, then the cravings become strong.","You have already shown that you can stay away for periods of time. What usually happens just before a craving becomes strongest, and what has helped you get through a craving safely?",synthetic drug-recovery counseling augmentation,drug-use recovery counseling - cravings
980,Provide a supportive motivational-interviewing counseling response for a person experiencing substance-use problems.,"No. And, i-it's just, it's really hard to take in right now. I mean, yeah. I-I've never thought about it like this. And, so, you know, I-I do feel kind of worried.",And you've perhaps never seen it in that light before.,AnnoMI-derived authentic counseling turn,substance-use counseling
981,Provide a supportive motivational-interviewing counseling response for a person experiencing substance-use problems.,"Yeah, it's just- it's just got worse over the last six months?","Okay, so you feel as if drinking is a problem for you at the moment?",AnnoMI-derived authentic counseling turn,substance-use counseling
982,Provide a supportive motivational-interviewing counseling response for a person experiencing substance-use problems.,"I guess about- I have about a half a glass a night and maybe two. Very rarely I'll have more than that. You know, it just helps me kind of relax.",What are you drinking? What's the quantity that you're drinking.,AnnoMI-derived authentic counseling turn,substance-use counseling
983,Provide a supportive motivational-interviewing counseling response for a person experiencing substance-use problems.,Hmm. Could have been a couple of auditions that I didn't do so well and as I could have 'cause of that.,"-it's hard. But is-is there, I just wonder, is there a connection at all between the-the-the-the acting and the meth use in terms of the effect of the meth use on your- on your ability to get work?",AnnoMI-derived authentic counseling turn,substance-use counseling
984,Provide a supportive motivational-interviewing counseling response for a person experiencing substance-use problems.,Sure.,"Um, before we get into that, I see you filled out our annual screening forms here. So if-if you're okay, can we take a minute to talk about that?",AnnoMI-derived authentic counseling turn,substance-use counseling
985,Use motivational interviewing principles to respond to this substance-use concern.,I have been avoiding people because I am embarrassed about my drug use.,"It sounds like embarrassment has been pushing you away from others. Is there one trusted person you would feel comfortable talking to, even if you are not ready to tell them everything?",synthetic drug-recovery counseling augmentation,drug-use recovery counseling - isolation
986,Provide a supportive motivational-interviewing counseling response for a person experiencing substance-use problems.,"Yeah, in-in a way. Although I wouldn't have been conscious of that really. I just sort of discovered it here. It's not like I came to Auckland looking for that kinda-","So Auckland, coming to Auckland from Palmerston for you was-was like taking charge of something that you were going to look to make something different in your life?",AnnoMI-derived authentic counseling turn,substance-use counseling
987,Provide a supportive motivational-interviewing counseling response for a person experiencing substance-use problems.,Yeah.,"And then, um, you know, people get in fights more often when they've been drinking too. Um, also, you know, there have been a lot of kids, even at this school, who've gotten in trouble because they were drinking and someone took pictures with their cell phone and put it up on Facebook-",AnnoMI-derived authentic counseling turn,substance-use counseling
988,Provide a supportive motivational-interviewing counseling response for a person experiencing substance-use problems.,Okay.,Would it be okay if I made a suggestion?,AnnoMI-derived authentic counseling turn,substance-use counseling
989,Provide a supportive motivational-interviewing counseling response for a person experiencing substance-use problems.,Where do you think I should start?,"Well, it's very much up to you, you're the boss of your own life. Where would you like to start?",AnnoMI-derived authentic counseling turn,substance-use counseling
990,Provide a non-judgmental counseling response to a person struggling with drug use.,I am scared that my drug use is damaging my relationships.,"It sounds like your relationships are very important to you. How has your drug use affected the people you care about, and what change would you most like them to see? If you are comfortable, we can explore what matters most to you and identify a practical next step.",synthetic drug-recovery counseling augmentation,drug-use recovery counseling - relationships
991,Provide a supportive motivational-interviewing counseling response for a person experiencing substance-use problems.,Mm-hmm. I'm letting the whole family down. They had such high hopes for me.,"You know that, um, positive peer influences have been helpful for you.",AnnoMI-derived authentic counseling turn,substance-use counseling
992,Provide a supportive motivational-interviewing counseling response for a person experiencing substance-use problems.,"Well, yeah, 'cause, like, I also, kind of, thought that, like, I drink, like, about as much as my friends did and then, like, I went back and I was, like, talking to my roommate about it and I was, like, telling her that, you know, I was drinking, like, like 10 drinks on the weekends, like, including Thursday, so like, Thursday, Friday-",You were pretty shocked at what you learned about your patterns.,AnnoMI-derived authentic counseling turn,substance-use counseling
993,Provide a supportive motivational-interviewing counseling response for a person experiencing substance-use problems.,I think so. I think that's good.,"Okay. Um, so I guess we'll talk about, um, less alcohol activities. I'm just making some notes to myself and then maybe, um, reducing the amount of drinking that you're doing if alcohol is involved. Okay. Um, so that-that goal sounds feasible, you said? Would it be okay if we met in a couple of weeks to sort of see how it's going?",AnnoMI-derived authentic counseling turn,substance-use counseling
994,Provide a supportive motivational-interviewing counseling response for a person experiencing substance-use problems.,Yeah.,So you're consciously trying to cut back.,AnnoMI-derived authentic counseling turn,substance-use counseling
995,Act as a recovery-support counselor and encourage reflection and a realistic next step.,I am worried that I will never be able to stay in recovery.,"It sounds like you are worried about your ability to maintain recovery. What is one time when you managed a difficult situation without using, and what helped you then? There is no need to judge yourself while we explore what happened. Understanding the pattern can help you make a different choice.",synthetic drug-recovery counseling augmentation,drug-use recovery counseling - confidence
996,Provide a supportive motivational-interviewing counseling response for a person experiencing substance-use problems.,"Uh, yeah, if it's school-related, maybe like a game or two, or go to the mall, like, to shop or go to the movies or something, and at night, maybe like a party or something if someone's throwing.","Mm-hmm, and when you and your friends are hanging out, and what- what do you do? Do you go to football games, go to parties?",AnnoMI-derived authentic counseling turn,substance-use counseling
997,Provide a supportive motivational-interviewing counseling response for a person experiencing substance-use problems.,Yeah.,So you're kind of stuck being exposed to things you don't need to see.,AnnoMI-derived authentic counseling turn,substance-use counseling
998,Provide a supportive motivational-interviewing counseling response for a person experiencing substance-use problems.,"Well, then, I guess, I'll just try to hang around them less or something. I'll try to find things for us to do that don't involve alcohol like a party or anything.","Okay, and-and what if they won't?",AnnoMI-derived authentic counseling turn,substance-use counseling
999,Provide a supportive motivational-interviewing counseling response for a person experiencing substance-use problems.,Mm-mm,Anything-anything else?,AnnoMI-derived authentic counseling turn,substance-use counseling
1000,Provide a supportive motivational-interviewing counseling response for a person experiencing substance-use problems.,"Um, now, I guess, now, I'm just a little used to it. [clears throat] When I first got here, I was like, ""Wow, this is amazing."" This is hard, I guess, but, you know, it's been three years now, so it's just kinda like I've gotten used to it.",And how does that feel for you now?,AnnoMI-derived authentic counseling turn,substance-use counseling
1001,Provide a supportive motivational-interviewing counseling response for a person experiencing substance-use problems.,I wouldn't say I was a chain smoker.,Okay.,AnnoMI-derived authentic counseling turn,substance-use counseling
1002,Act as a recovery-support counselor and encourage reflection and a realistic next step.,"I am trying to change, but I do not know what triggers my drug use.","We can explore that together without judgment. Think about the moments before you usually use: where are you, who are you with, and what emotions or thoughts are present? Your willingness to talk about this is already a meaningful step. We can work through it gradually.",synthetic drug-recovery counseling augmentation,drug-use recovery counseling - trigger identification
1003,Provide a non-judgmental counseling response to a person struggling with drug use.,I had a difficult day and immediately thought about using.,"It sounds like a difficult day quickly triggered the urge to use. What happened today, and what might help you respond differently if a similar situation happens again? Your willingness to talk about this is already a meaningful step. We can work through it gradually.",synthetic drug-recovery counseling augmentation,drug-use recovery counseling - trigger awareness
1004,Provide a supportive motivational-interviewing counseling response for a person experiencing substance-use problems.,Yeah.,"So, one thing that could make a big difference is if you could figure out some sort of more reliable, affordable childcare, and that would help you not want to drink as much.",AnnoMI-derived authentic counseling turn,substance-use counseling
1005,Provide a supportive motivational-interviewing counseling response for a person experiencing substance-use problems.,"Well, she's concerned about my health and she cuts out all these articles from the paper about second-hand smoke and—","So, let me ask you this, Bob, what are some of your wife's concerns about your smoking?",AnnoMI-derived authentic counseling turn,substance-use counseling
1006,"Give a brief, empathetic counseling response focused on recovery and safety.",I use drugs when I feel stressed and overwhelmed.,"You have noticed a connection between stress and drug use, which is useful information. What are some safer ways you have handled stress in the past, even if they only helped a little? There is no need to judge yourself while we explore what happened. Understanding the pattern can help you make a different choice.",synthetic drug-recovery counseling augmentation,drug-use recovery counseling - stress trigger
1007,"Give a brief, empathetic counseling response focused on recovery and safety.","My family keeps telling me to get help, but I do not know where to start.","Reaching out can be a strong first step. Would you be open to talking with a qualified addiction counselor or healthcare professional about support options that fit your situation? If you are comfortable, we can explore what matters most to you and identify a practical next step.",synthetic drug-recovery counseling augmentation,drug-use recovery counseling - professional help
1008,"Give a brief, empathetic counseling response focused on recovery and safety.",I am scared that my drug use is damaging my relationships.,"It sounds like your relationships are very important to you. How has your drug use affected the people you care about, and what change would you most like them to see?",synthetic drug-recovery counseling augmentation,drug-use recovery counseling - relationships
1009,Provide a supportive motivational-interviewing counseling response for a person experiencing substance-use problems.,-'cause-'cause like I found something in myself or something that was missing.,Alright.,AnnoMI-derived authentic counseling turn,substance-use counseling
1010,Provide a supportive motivational-interviewing counseling response for a person experiencing substance-use problems.,Mm-hmm.,It wasn't like that for sure 30 years ago.,AnnoMI-derived authentic counseling turn,substance-use counseling
1011,Provide a supportive motivational-interviewing counseling response for a person experiencing substance-use problems.,"Um, I-I guess I can. I-I can probably be more productive in my schoolwork and rather than going out to parties as much and I-I do get you're coming from and—","Tommy, I'm just so concerned, you know, can't you think of anything better to do?",AnnoMI-derived authentic counseling turn,substance-use counseling
1012,"Give a brief, empathetic counseling response focused on recovery and safety.",I want to rebuild trust with my family after my drug use.,"Rebuilding trust can take time, and your wish to repair those relationships is meaningful. What is one consistent action you could take that would show your family you are working toward recovery? There is no need to judge yourself while we explore what happened. Understanding the pattern can help you make a different choice.",synthetic drug-recovery counseling augmentation,drug-use recovery counseling - family trust
1013,Provide a supportive motivational-interviewing counseling response for a person experiencing substance-use problems.,"Well, the big one of course is how it's affecting my wife and the family. Like my dad's 85, he still smokes. I mean, yeah, you know, sometimes I thought of quitting, but I mean, I don't know. I don't know if I can-- I don't know if I can quit.","So, from your perspective, do you see any consequences to your smoking?",AnnoMI-derived authentic counseling turn,substance-use counseling
1014,Provide a supportive motivational-interviewing counseling response for a person experiencing substance-use problems.,"The food would be good. Um, I get- I get support with-- my whānau is really supportive, but I'm- I'm worried about losing- I'm worried about losing my freedom. I'm worried about, um, about them taking over, or, you know what I mean? I have a freedom where I am now, I'm in charge of myself. That would probably be really good.","Okay. What are some of the pros and cons about moving in with whāna, moving in with your auntie and uncle?",AnnoMI-derived authentic counseling turn,substance-use counseling
1015,Provide a supportive motivational-interviewing counseling response for a person experiencing substance-use problems.,"Um, one time I missed first period of school 'cause I had a hangover and I was late getting up.","Okay. And have you had any problems related to-to your drinking alcohol, like at home or school or somewhere else?",AnnoMI-derived authentic counseling turn,substance-use counseling
1016,Provide a supportive motivational-interviewing counseling response for a person experiencing substance-use problems.,I don't know.,"So weighing what you like and don't like about your use, where do you want to go from here? What do you want to do differently?",AnnoMI-derived authentic counseling turn,substance-use counseling
1017,Provide a supportive motivational-interviewing counseling response for a person experiencing substance-use problems.,Right.,"'Cause you can't find a leper colony anymore. So, um, so it-it's really important for you to be a good mum-",AnnoMI-derived authentic counseling turn,substance-use counseling
1018,Provide a supportive motivational-interviewing counseling response for a person experiencing substance-use problems.,Okay.,"Okay. So, can I share with you some information on alcohol use?",AnnoMI-derived authentic counseling turn,substance-use counseling
1019,Provide a supportive motivational-interviewing counseling response for a person experiencing substance-use problems.,"Um, it's expensive these days.",Any other reasons?,AnnoMI-derived authentic counseling turn,substance-use counseling
1020,Provide a supportive motivational-interviewing counseling response for a person experiencing substance-use problems.,-but now I'm starting to think about.,Alright.,AnnoMI-derived authentic counseling turn,substance-use counseling
1021,Provide a supportive motivational-interviewing counseling response for a person experiencing substance-use problems.,"I-I get what you're coming from, but I-I-I really did. I-I thought that I had it under control and I didn't let myself get too far gone. I-I didn't want to be, um, how do I put this? Like, I want it to be in control and I wanted to make sure that all my friends were okay, so I didn't let myself drink too much.","But, Tommy, there's so many consequences with drinking. You know, you're not even 21 yet, you could get arrested, you could, you know, have a drunk driving accident. You could, you know, mess up your schoolwork. You have such a bright future ahead of you. It just really, really concerns me.",AnnoMI-derived authentic counseling turn,substance-use counseling
1022,Provide a supportive motivational-interviewing counseling response for a person experiencing substance-use problems.,"Yeah. At one point in the night, though, they all went out to have a cigarette and I joined them. Since then, I've been having a couple of cigarettes at night, but never near Jake and never near his clothes or his toys. I mean, I've heard about second-hand smoking. And I-I don't want to be- expose him to it, so I've been avoiding him when I smoke.","Oh, fun.",AnnoMI-derived authentic counseling turn,substance-use counseling
1023,Provide a supportive motivational-interviewing counseling response for a person experiencing substance-use problems.,"Um, I don't mean to be mean about Palmy but, you know, it's just the different kinda attitude, I guess, kinda- this done-",Palmerston. Mm-hmm.,AnnoMI-derived authentic counseling turn,substance-use counseling
1024,Provide a supportive motivational-interviewing counseling response for a person experiencing substance-use problems.,It feels like I have to lec- I don't wanna have to lecture them and I don't want it to be like a lecture.,And you don't have equipment.,AnnoMI-derived authentic counseling turn,substance-use counseling
1025,Provide a supportive motivational-interviewing counseling response for a person experiencing substance-use problems.,Yeah.,It's on your to-do list. It's just not making it to the top?,AnnoMI-derived authentic counseling turn,substance-use counseling
1026,Provide a supportive motivational-interviewing counseling response for a person experiencing substance-use problems.,Yeah.,"So, it sounds like, you know, the amount you drink is pretty normal-",AnnoMI-derived authentic counseling turn,substance-use counseling
1027,Provide a supportive motivational-interviewing counseling response for a person experiencing substance-use problems.,"Well, I-I kept the kid because I wanted-- It was almost like that push, that sign for me to, like, move forward and become like an adult because it's scary, right? Like I-I still feel like a teenager sometimes. And having that push to be a real person is really-- It's a lot of pressure and I-I want to raise this kid well. I don't wanna- I don't wanna let my kid down. I don't wanna, you know, I don't wanna regret choosing to have this kid because I think it's the right time, but I don't wanna- I don't wanna make mistakes that make me realize maybe I'm not ready for this 'cause sometimes it feels like I'm not ready for this.","Nina, I'm wondering, what's your hope for the future? When you think about where you are today, um, what do you hope for when you look ahead?",AnnoMI-derived authentic counseling turn,substance-use counseling
1028,Provide a supportive motivational-interviewing counseling response for a person experiencing substance-use problems.,"Well, that's the thing. I-I don't really understand what raised concern. I mean, I don't drink that much, you know. I've-I've gone up to maybe two drinks a day max, you know.","So, tell me a little bit more about your drinking. Tell me a little bit about how much you're drinking, and, um, the pattern, and what raised concern.",AnnoMI-derived authentic counseling turn,substance-use counseling
1029,Provide a supportive motivational-interviewing counseling response for a person experiencing substance-use problems.,Yeah.,"So, uh, uh, a portion of the time it's working well for you and another portion of the time maybe you would like-",AnnoMI-derived authentic counseling turn,substance-use counseling
1030,Provide a supportive motivational-interviewing counseling response for a person experiencing substance-use problems.,"Especially the other night I was at the restaurant, it was a bit-- you know, it was a bit embarrassing I'm the only one walk walking out.","Oh, good, and so feeling under pressure here.",AnnoMI-derived authentic counseling turn,substance-use counseling
1031,Respond as a supportive addiction counselor using motivational interviewing.,I use drugs when I feel stressed and overwhelmed.,"You have noticed a connection between stress and drug use, which is useful information. What are some safer ways you have handled stress in the past, even if they only helped a little? If you are comfortable, we can explore what matters most to you and identify a practical next step.",synthetic drug-recovery counseling augmentation,drug-use recovery counseling - stress trigger
1032,Provide a supportive motivational-interviewing counseling response for a person experiencing substance-use problems.,"Yeah, but I mean, I guess, just talking about it makes me think oh yeah, I need to- I need to do something about it.","Okay, you sound really mad about it to-to turn it around.",AnnoMI-derived authentic counseling turn,substance-use counseling
1033,Provide a supportive motivational-interviewing counseling response for a person experiencing substance-use problems.,"Mm, um, you know, I-I guess drinking no more than maybe three or four times a week, and-and on the weekends, which is when I would drink the most, cup back to no more than five or six beers.","Mm-hmm. So, what would that look like for you?",AnnoMI-derived authentic counseling turn,substance-use counseling
1034,Provide a supportive motivational-interviewing counseling response for a person experiencing substance-use problems.,"Well I have a 15-year-old daughter and she's highly against it. And, um, health issues, you know, I'm getting-- not getting any younger and I have asthma and I have chronic bronchi-- bronchitis and, um, I'm having a hard time breathing when I exercise and not to mention it's socially unacceptable really.","Yeah, so then it's, um, right now, uh, tell me a little bit about, um, right now at this point in your life why it's so important to quit.",AnnoMI-derived authentic counseling turn,substance-use counseling
1035,Provide a supportive motivational-interviewing counseling response for a person experiencing substance-use problems.,"Yeah, suburbs. Yeah.","Mm. So, embraces this life of the picket fence and the, you know, the little house and having the baby in this-",AnnoMI-derived authentic counseling turn,substance-use counseling
1036,Provide a supportive motivational-interviewing counseling response for a person experiencing substance-use problems.,Probably need to go talk to my boss and start taking some steps not to lose it.,"Okay. So that's where you wanna get to. Um, what do you think that you need to do in the next, like, month or so to maybe help going in that direction?",AnnoMI-derived authentic counseling turn,substance-use counseling
1037,Use motivational interviewing principles to respond to this substance-use concern.,I had a difficult day and immediately thought about using.,"It sounds like a difficult day quickly triggered the urge to use. What happened today, and what might help you respond differently if a similar situation happens again? Your willingness to talk about this is already a meaningful step. We can work through it gradually.",synthetic drug-recovery counseling augmentation,drug-use recovery counseling - trigger awareness
1038,Provide a supportive motivational-interviewing counseling response for a person experiencing substance-use problems.,-and the feedback is really nice and the support-,Uh-huh.,AnnoMI-derived authentic counseling turn,substance-use counseling
1039,Provide a supportive motivational-interviewing counseling response for a person experiencing substance-use problems.,Yeah.,"Okay, so the end of the day-",AnnoMI-derived authentic counseling turn,substance-use counseling
1040,Provide a supportive motivational-interviewing counseling response for a person experiencing substance-use problems.,"Um, you know, just hanging out with my friends or go to the beach, things like that.","Very cool. I've always wanted to be good at music. [laughter] All right. So it sounds like you're in band and a-a few other musical ensembles, any other hobbies you have or things you like to do for fun?",AnnoMI-derived authentic counseling turn,substance-use counseling
1041,Provide a supportive motivational-interviewing counseling response for a person experiencing substance-use problems.,"Yeah. Yeah. I-I'm just, I don't want to lose her or my family over smoking.","You have a few concerns about your health, but that's not really the driving force. It sounds like it's most of all that it would be nice if things just went back to the way they were before she quit smoking and that all of this stuff wasn't something that you had to deal with anymore. Does that pretty much sum up--?",AnnoMI-derived authentic counseling turn,substance-use counseling
1042,Use motivational interviewing principles to respond to this substance-use concern.,"My family keeps telling me to get help, but I do not know where to start.","Reaching out can be a strong first step. Would you be open to talking with a qualified addiction counselor or healthcare professional about support options that fit your situation? If you are comfortable, we can explore what matters most to you and identify a practical next step.",synthetic drug-recovery counseling augmentation,drug-use recovery counseling - professional help
1043,Provide a supportive motivational-interviewing counseling response for a person experiencing substance-use problems.,"Uh, at home mostly.",Where do you keep it?,AnnoMI-derived authentic counseling turn,substance-use counseling
1044,Provide a supportive motivational-interviewing counseling response for a person experiencing substance-use problems.,Yep.,So you have a support group that gives you the ability to have fun and still drink below risk levels?,AnnoMI-derived authentic counseling turn,substance-use counseling
1045,Provide a supportive motivational-interviewing counseling response for a person experiencing substance-use problems.,No.,So a few drinks is nothing new to you?,AnnoMI-derived authentic counseling turn,substance-use counseling
1046,Use motivational interviewing principles to respond to this substance-use concern.,"I want to make healthier choices, but I feel stuck.",Feeling stuck can make change seem overwhelming. What is one small change that feels realistic this week and could move you a little closer to the life you want? You do not have to figure everything out at once. We can focus on one manageable step.,synthetic drug-recovery counseling augmentation,drug-use recovery counseling - small steps
1047,Provide a supportive motivational-interviewing counseling response for a person experiencing substance-use problems.,"Yeah. It's just a fancy little brochure saying what I've already known, I've already heard.",-to con- sort of convince you that-that it might be dangerous to be drinking through alcohol?,AnnoMI-derived authentic counseling turn,substance-use counseling
1048,Provide a supportive motivational-interviewing counseling response for a person experiencing substance-use problems.,"Uh, I mean, I'm just here because she said that I need to be in here. So, I mean, yeah, I wanna save my marriage, you know.","Okay. Um, so are you here to maybe work on your marriage? Is that an area that you are wanting to-to work on?",AnnoMI-derived authentic counseling turn,substance-use counseling
1049,Provide a supportive motivational-interviewing counseling response for a person experiencing substance-use problems.,"Um, maybe like two max.",Okay. A drink or two. So about how many drinks would you say you have over the course of a day?,AnnoMI-derived authentic counseling turn,substance-use counseling
1050,Provide a supportive motivational-interviewing counseling response for a person experiencing substance-use problems.,Yeah.,As to what-,AnnoMI-derived authentic counseling turn,substance-use counseling
1051,Provide a supportive motivational-interviewing counseling response for a person experiencing substance-use problems.,"It was a- it was a unique experience, as you can say. I guess you can say. And, I don't know, I-- It was fun, at least, in the moment. So, I kept doing it. Then this past weekend, instead of studying for an exam, I asked my-- I begged my mom to let me go to another party. And she, kind of, knew what I was doing. She asked me to, like, to promise her of no alcohol, no drugs. Then I'll pick you up by 12:00. And I-I was surprised. 12:00-12:00, that's basically when the party starts, but I told her whatever-- I thought- I thought to myself that I'll-I'll come-- I'll figure out to delay her, can you pick me up later? So later, so she-- I promised that-- She dropped me off, I promised her no alcohol, no nothing. So I-- we go, I have fun like I've been having. And I was drinking. And then the time- the time came for her to pick me up. And as soon-- I couldn't delay her from picking me up. And as soon as she picked me up, and I stepped in the car, she said, ""You drank vodka."" And I'm like, I-I didn't know what to say. I just looked at the floor. And I-I feel terrible because I-I betrayed my mother. I broke my trust with her that she expected me not to indulge in alcohol. And that's exactly what I did.",Mm-hmm.,AnnoMI-derived authentic counseling turn,substance-use counseling
1052,Provide a supportive motivational-interviewing counseling response for a person experiencing substance-use problems.,"Yeah. You know, like I said, you know, I'll come home, I'll, you know, smoke a couple rolls after a long day or something. I'm able to just relax, not really think about things. You know what I mean? I'm still working and, you know, paying the bills. We have a house, so I don't- I don't know why it's a problem.","Okay. Can you tell me a little bit more about how, like, it's-it's not an issue for you?",AnnoMI-derived authentic counseling turn,substance-use counseling
1053,Provide a supportive motivational-interviewing counseling response for a person experiencing substance-use problems.,"I know I've got to stop. Uh, I'm having no health problems from cigarettes-",Mm-hmm.,AnnoMI-derived authentic counseling turn,substance-use counseling
1054,Provide a supportive motivational-interviewing counseling response for a person experiencing substance-use problems.,So.,Okay.,AnnoMI-derived authentic counseling turn,substance-use counseling
1055,Provide a non-judgmental counseling response to a person struggling with drug use.,"I want to make healthier choices, but I feel stuck.",Feeling stuck can make change seem overwhelming. What is one small change that feels realistic this week and could move you a little closer to the life you want?,synthetic drug-recovery counseling augmentation,drug-use recovery counseling - small steps
1056,Act as a recovery-support counselor and encourage reflection and a realistic next step.,I do not think my drug use is as serious as my family thinks.,"It sounds like you and your family see the situation differently. Rather than judging you, I would like to understand your view. What concerns, if any, do you have about your drug use? There is no need to judge yourself while we explore what happened. Understanding the pattern can help you make a different choice.",synthetic drug-recovery counseling augmentation,drug-use recovery counseling - readiness
1057,"Give a brief, empathetic counseling response focused on recovery and safety.","I want to make healthier choices, but I feel stuck.",Feeling stuck can make change seem overwhelming. What is one small change that feels realistic this week and could move you a little closer to the life you want?,synthetic drug-recovery counseling augmentation,drug-use recovery counseling - small steps
1058,Provide a supportive motivational-interviewing counseling response for a person experiencing substance-use problems.,Maybe like an 8 or 9.,Yeah.,AnnoMI-derived authentic counseling turn,substance-use counseling
1059,Provide a supportive motivational-interviewing counseling response for a person experiencing substance-use problems.,"Yeah. He didn't really tell me what to expect. He just said, ""Go- go see her as well.""",And you're wondering a little bit about this time that we're going to spend together.,AnnoMI-derived authentic counseling turn,substance-use counseling
1060,Provide a supportive motivational-interviewing counseling response for a person experiencing substance-use problems.,"It's-it's about-- Um, I'll buy and go through a pack a day, so it's almost £7.",How much does it actually cost you a week?,AnnoMI-derived authentic counseling turn,substance-use counseling
1061,Provide a supportive motivational-interviewing counseling response for a person experiencing substance-use problems.,"Um, I don't like when I get sick in the mornings 'cause of hangovers and-","Okay. I'm also curious, are there any parts about your alcohol use that you don't like?",AnnoMI-derived authentic counseling turn,substance-use counseling
1062,Provide a supportive motivational-interviewing counseling response for a person experiencing substance-use problems.,"Well, I-- If-if I was getting fallen down drunk or if I drink every night. Um, it's not like I get sloppy drunk or anything.",How would you define drinking too much?,AnnoMI-derived authentic counseling turn,substance-use counseling
1063,Provide a supportive motivational-interviewing counseling response for a person experiencing substance-use problems.,"Um, no, not really, maybe tipsy, but not like drunk.",But you've been drunk before?,AnnoMI-derived authentic counseling turn,substance-use counseling
1064,Provide a supportive motivational-interviewing counseling response for a person experiencing substance-use problems.,"Uh, I guess it's obviously having some sort of effect on my friends and my flatmates, 'cause, you know, they set me down and said, ""Look you gotta-","Um, what-- are there any other problems? Any other things that-that are a bit of a downside to this?",AnnoMI-derived authentic counseling turn,substance-use counseling
1065,Provide a supportive motivational-interviewing counseling response for a person experiencing substance-use problems.,"I think I can try to do that, yeah.",Yeah. And it sounds like you're willing to maybe try not going to the bar quite as much and maybe drinking a little bit less when you go to the bar.,AnnoMI-derived authentic counseling turn,substance-use counseling
1066,Provide a supportive motivational-interviewing counseling response for a person experiencing substance-use problems.,"Um, family definitely, uh, friendship, and belonging.","Great. Well, one thing I want to ask about is, you know, different people have sort of different values or things that are important to them. They might, you know, be really close with family or really have, you know, their friends as being something particularly important. So, I'm gonna show you just a few things on this sheet, and if you can look at them all. So, there's things like belonging, community, cultural identity, family, friendship, modesty, religion, respect, self-determination and spirituality. Which of those do you think is sort of important to you?",AnnoMI-derived authentic counseling turn,substance-use counseling
1067,Provide a supportive motivational-interviewing counseling response for a person experiencing substance-use problems.,"Well, we just didn't stop to put one on. We weren't thinking that way.",How do you think drinking alcohol affected using a condom this time?,AnnoMI-derived authentic counseling turn,substance-use counseling
1068,Provide a supportive motivational-interviewing counseling response for a person experiencing substance-use problems.,"Oh I've been wanting to, for a long long time in years.","So, you'd like to give up those cigarettes?",AnnoMI-derived authentic counseling turn,substance-use counseling
1069,Provide a supportive motivational-interviewing counseling response for a person experiencing substance-use problems.,Yeah,I love it. Union break.,AnnoMI-derived authentic counseling turn,substance-use counseling
1070,"Give a brief, empathetic counseling response focused on recovery and safety.",I am worried that I will never be able to stay in recovery.,"It sounds like you are worried about your ability to maintain recovery. What is one time when you managed a difficult situation without using, and what helped you then? There is no need to judge yourself while we explore what happened. Understanding the pattern can help you make a different choice.",synthetic drug-recovery counseling augmentation,drug-use recovery counseling - confidence
1071,Provide a supportive motivational-interviewing counseling response for a person experiencing substance-use problems.,-nausea-,Mm-hmm.,AnnoMI-derived authentic counseling turn,substance-use counseling
1072,Provide a supportive motivational-interviewing counseling response for a person experiencing substance-use problems.,"I sit down and talk with him, asked him for, um, for support and stuff and he's fully, he says fully he'll be there for me. But, like I said, he's, um, he's in a different place in his life than I am in mine.","Okay. You're good to explore, but I just want to ask you about, how much does Chris-Christian-Christian know-- Tristan know about you changing your life? What does he really know about the changes you wanna make?",AnnoMI-derived authentic counseling turn,substance-use counseling
1073,Provide a supportive motivational-interviewing counseling response for a person experiencing substance-use problems.,"Oh, I would. I really would because, like I said, I'm a brand new smoker. I didn't know I was a smoker until I came to see you.",Yeah. Is that something you'd be interested in?,AnnoMI-derived authentic counseling turn,substance-use counseling
1074,Provide a supportive motivational-interviewing counseling response for a person experiencing substance-use problems.,Mm-hmm.,"-and, again, I'll get some out and I'll show you what they look like. This course of medication lasts for 10 to 12 weeks. And we strongly recommend that people stay on the whole course of medication and that that gives you the best chance of success. Stopping smoking is not easy but it's possible and with the type of support that we offer here in the pharmacy, you absolutely make your chance of success four times greater than trying on your own, so, that's why it's really good that you've come to see me. Now, what you said is you really want to do it and that next week sounds like a good day for you to start because the party is over and done with.",AnnoMI-derived authentic counseling turn,substance-use counseling
1075,Provide a supportive motivational-interviewing counseling response for a person experiencing substance-use problems.,"Yeah, 'cause I mean it's all you know, it's partly lacking and partly being at the right place at the right time. And if you're at the right place and at the right time and it is not on your game then there could have been a—",Yeah.,AnnoMI-derived authentic counseling turn,substance-use counseling
1076,Act as a recovery-support counselor and encourage reflection and a realistic next step.,"I was doing well in recovery, but I had a relapse.","A relapse does not erase the progress you made. Would you be willing to look at what was happening before the relapse so you can identify what might help next time? If you are comfortable, we can explore what matters most to you and identify a practical next step.",synthetic drug-recovery counseling augmentation,drug-use recovery counseling - relapse
1077,Provide a supportive motivational-interviewing counseling response for a person experiencing substance-use problems.,"No, not really anything.",Okay. How about in the last year?,AnnoMI-derived authentic counseling turn,substance-use counseling
1078,Provide a supportive motivational-interviewing counseling response for a person experiencing substance-use problems.,"Thank you for seeing me, doctor.","Excellent. Well, thank you so much for coming in today.",AnnoMI-derived authentic counseling turn,substance-use counseling
1079,Provide a supportive motivational-interviewing counseling response for a person experiencing substance-use problems.,I'm not sure it is.,So how is it working to help you fit in?,AnnoMI-derived authentic counseling turn,substance-use counseling
1080,Provide a non-judgmental counseling response to a person struggling with drug use.,"I can stay away from drugs for a while, then the cravings become strong.","You have already shown that you can stay away for periods of time. What usually happens just before a craving becomes strongest, and what has helped you get through a craving safely? You do not have to figure everything out at once. We can focus on one manageable step.",synthetic drug-recovery counseling augmentation,drug-use recovery counseling - cravings
1081,Provide a non-judgmental counseling response to a person struggling with drug use.,I want to rebuild trust with my family after my drug use.,"Rebuilding trust can take time, and your wish to repair those relationships is meaningful. What is one consistent action you could take that would show your family you are working toward recovery? If you are comfortable, we can explore what matters most to you and identify a practical next step.",synthetic drug-recovery counseling augmentation,drug-use recovery counseling - family trust
1082,Provide a supportive motivational-interviewing counseling response for a person experiencing substance-use problems.,"Okay, what should I do first?","Well, there's a lot of things you can do yourself that will improve the situation as well. So what we can do today is wee up some of those things, smoking, diet, exercise, weight, loss, all those kinds of things. So we're just gonna start and see how you feel as we go.",AnnoMI-derived authentic counseling turn,substance-use counseling
1083,Provide a supportive motivational-interviewing counseling response for a person experiencing substance-use problems.,"Uh, sure. What's this about?","Hi, my name is Beth. I'm the nurse that works with the nurse practitioner Mrs. Smith that you just saw. Do you have a moment to talk?",AnnoMI-derived authentic counseling turn,substance-use counseling
1084,Act as a recovery-support counselor and encourage reflection and a realistic next step.,"My friends use drugs, and it makes staying sober difficult.","That environment can make recovery harder. Which people or places feel safer for you, and how might you create more distance from situations that increase the urge to use? There is no need to judge yourself while we explore what happened. Understanding the pattern can help you make a different choice.",synthetic drug-recovery counseling augmentation,drug-use recovery counseling - social environment
1085,Provide a supportive motivational-interviewing counseling response for a person experiencing substance-use problems.,"Yes. I want to be there for them, but not a burden to them.",So can it be in there for your-your family's important to you?,AnnoMI-derived authentic counseling turn,substance-use counseling
1086,Respond as a supportive addiction counselor using motivational interviewing.,I feel ashamed because I promised myself I would stop.,It sounds like you are carrying a lot of shame. You deserve support rather than judgment. What would be one compassionate and realistic step you could take toward recovery today? You do not have to figure everything out at once. We can focus on one manageable step.,synthetic drug-recovery counseling augmentation,drug-use recovery counseling - shame
1087,Provide a supportive motivational-interviewing counseling response for a person experiencing substance-use problems.,Yeah. We've had sex before and we've used a condom before.,Do you remember giving consent when you had sex?,AnnoMI-derived authentic counseling turn,substance-use counseling
1088,Provide a supportive motivational-interviewing counseling response for a person experiencing substance-use problems.,Yeah.,"No. But as I said, these medications-- so you've tried the medication, you've been willing once.",AnnoMI-derived authentic counseling turn,substance-use counseling
1089,Use motivational interviewing principles to respond to this substance-use concern.,"I want to make healthier choices, but I feel stuck.","Feeling stuck can make change seem overwhelming. What is one small change that feels realistic this week and could move you a little closer to the life you want? If you are comfortable, we can explore what matters most to you and identify a practical next step.",synthetic drug-recovery counseling augmentation,drug-use recovery counseling - small steps
1090,Provide a supportive motivational-interviewing counseling response for a person experiencing substance-use problems.,It's not.,-and it's-it's hard-,AnnoMI-derived authentic counseling turn,substance-use counseling
1091,Provide a non-judgmental counseling response to a person struggling with drug use.,I am scared that my drug use is damaging my relationships.,"It sounds like your relationships are very important to you. How has your drug use affected the people you care about, and what change would you most like them to see? There is no need to judge yourself while we explore what happened. Understanding the pattern can help you make a different choice.",synthetic drug-recovery counseling augmentation,drug-use recovery counseling - relationships
1092,Provide a supportive motivational-interviewing counseling response for a person experiencing substance-use problems.,"I would get a, um, a new prescription refilled thinking, ""Oh I could try it this time.""",Okay.,AnnoMI-derived authentic counseling turn,substance-use counseling
1093,Respond as a supportive addiction counselor using motivational interviewing.,I do not think my drug use is as serious as my family thinks.,"It sounds like you and your family see the situation differently. Rather than judging you, I would like to understand your view. What concerns, if any, do you have about your drug use? If you are comfortable, we can explore what matters most to you and identify a practical next step.",synthetic drug-recovery counseling augmentation,drug-use recovery counseling - readiness
1094,Provide a non-judgmental counseling response to a person struggling with drug use.,I do not think my drug use is as serious as my family thinks.,"It sounds like you and your family see the situation differently. Rather than judging you, I would like to understand your view. What concerns, if any, do you have about your drug use? If you are comfortable, we can explore what matters most to you and identify a practical next step.",synthetic drug-recovery counseling augmentation,drug-use recovery counseling - readiness
1095,Provide a supportive motivational-interviewing counseling response for a person experiencing substance-use problems.,"Hmm, pretty good.","Okay, David. So, why don't you take a rinse, and how are you feeling?",AnnoMI-derived authentic counseling turn,substance-use counseling
1096,Provide a supportive motivational-interviewing counseling response for a person experiencing substance-use problems.,-I guess those are my big goals.,Mm-hmm.,AnnoMI-derived authentic counseling turn,substance-use counseling
1097,"Respond as a safe, supportive substance-use counselor. Prioritize immediate safety when there is overdose or self-harm risk.",I am afraid I will overdose when I use again.,"That fear is important to take seriously. Please seek professional addiction support, and if you think you may be in immediate danger, contact emergency medical services right away.",synthetic safety counseling augmentation,drug-use safety
1098,Provide a supportive motivational-interviewing counseling response for a person experiencing substance-use problems.,"Yeah, definitely.",-you're not putting yourself-,AnnoMI-derived authentic counseling turn,substance-use counseling
1099,Provide a supportive motivational-interviewing counseling response for a person experiencing substance-use problems.,Yes.,You said five cigarettes this time.,AnnoMI-derived authentic counseling turn,substance-use counseling
1100,Provide a supportive motivational-interviewing counseling response for a person experiencing substance-use problems.,"No. But you know, that's the life of an actor, I suppose, ups and downs works and not works.",It doesn't sound like it was part of the plan.,AnnoMI-derived authentic counseling turn,substance-use counseling
1101,"Give a brief, empathetic counseling response focused on recovery and safety.",I feel ashamed because I promised myself I would stop.,It sounds like you are carrying a lot of shame. You deserve support rather than judgment. What would be one compassionate and realistic step you could take toward recovery today? Your willingness to talk about this is already a meaningful step. We can work through it gradually.,synthetic drug-recovery counseling augmentation,drug-use recovery counseling - shame
1102,Provide a supportive motivational-interviewing counseling response for a person experiencing substance-use problems.,No problem.,All right. Thanks so much.,AnnoMI-derived authentic counseling turn,substance-use counseling
1103,Respond as a supportive addiction counselor using motivational interviewing.,"I can stay away from drugs for a while, then the cravings become strong.","You have already shown that you can stay away for periods of time. What usually happens just before a craving becomes strongest, and what has helped you get through a craving safely? There is no need to judge yourself while we explore what happened. Understanding the pattern can help you make a different choice.",synthetic drug-recovery counseling augmentation,drug-use recovery counseling - cravings
1104,Provide a supportive motivational-interviewing counseling response for a person experiencing substance-use problems.,"Yeah, and then I suppose also like money is linked into that as well, you know, I've-- I'm not doing as many courses and stuff as I used to be doing, 'cause it's, you know, don't have the money.",Hmm.,AnnoMI-derived authentic counseling turn,substance-use counseling
1105,Provide a supportive motivational-interviewing counseling response for a person experiencing substance-use problems.,Sure.,"Okay. I see that you filled out our, um, alcohol and drug questionnaire. Is it okay if we go through this together?",AnnoMI-derived authentic counseling turn,substance-use counseling
1106,"Give a brief, empathetic counseling response focused on recovery and safety.","My family keeps telling me to get help, but I do not know where to start.",Reaching out can be a strong first step. Would you be open to talking with a qualified addiction counselor or healthcare professional about support options that fit your situation? Your willingness to talk about this is already a meaningful step. We can work through it gradually.,synthetic drug-recovery counseling augmentation,drug-use recovery counseling - professional help
1107,Provide a supportive motivational-interviewing counseling response for a person experiencing substance-use problems.,-I'm finding it to be.,Mm.,AnnoMI-derived authentic counseling turn,substance-use counseling
1108,Provide a supportive motivational-interviewing counseling response for a person experiencing substance-use problems.,"Right. It's been three months, and I've been doing pretty well.",Okay.,AnnoMI-derived authentic counseling turn,substance-use counseling
1109,Provide a supportive motivational-interviewing counseling response for a person experiencing substance-use problems.,"Um, I guess I would say like, I don't know, like over halfway. So maybe like a six.","On a scale of 1 to 10, how confident are you that you'll be able to follow through with that plan with 10 being very confident?",AnnoMI-derived authentic counseling turn,substance-use counseling
1110,Provide a supportive motivational-interviewing counseling response for a person experiencing substance-use problems.,"You know, I mean like I said three days was like-",Yeah.,AnnoMI-derived authentic counseling turn,substance-use counseling
1111,Provide a supportive motivational-interviewing counseling response for a person experiencing substance-use problems.,Yep. Yeah.,"-to consider, so it's not about giving up anything, it's not about huge major changes, it's about how can I improve the situation.",AnnoMI-derived authentic counseling turn,substance-use counseling
1112,Provide a supportive motivational-interviewing counseling response for a person experiencing substance-use problems.,"You know, to start with, I could cut down on my drinking. Um, that's adding to my weight and to my blood pressure, isn't it?",What's kind of the first thing you might think about doing?,AnnoMI-derived authentic counseling turn,substance-use counseling
1113,Provide a supportive motivational-interviewing counseling response for a person experiencing substance-use problems.,"Or, like, you know, setting up-- but what is that that they say? Um, you know, like, it's- it's the terminology, you know, with all the anxiety and letting go, you know, like I'm gonna [crosstalk].","Yeah, yeah, they really do, and smokers. Yeah, and drinkers, they do, yes. Yeah.",AnnoMI-derived authentic counseling turn,substance-use counseling
1114,Provide a supportive motivational-interviewing counseling response for a person experiencing substance-use problems.,"I mean, that's a concern, of course, right? Uh, I'm on the app just in case somebody nearby is OD-ing and I can get pinged. But no, mostly I just keep it in case I overdose, uh, and, uh, I'm realizing now I have it but I haven't told my roommate about it so—",In case you see someone overdosing?,AnnoMI-derived authentic counseling turn,substance-use counseling
1115,Provide a supportive motivational-interviewing counseling response for a person experiencing substance-use problems.,"But I mean, that might not happen. And then I'd like to go on and become a doctor. Study psychology and then become a psychiatrist or something.","Oh, all right.",AnnoMI-derived authentic counseling turn,substance-use counseling
1116,Provide a supportive motivational-interviewing counseling response for a person experiencing substance-use problems.,"Yeah. Well, I just, I don't feel comfortable talking to guys normally. [chuckles]","Okay, okay, so you've noticed over, I guess, uh, the last six months in particular since you decided, you know what? I'm going to take a risk and-a-and go out to try to meet a-a-a pot-potential partner again that it's with an increase in drinking.",AnnoMI-derived authentic counseling turn,substance-use counseling
1117,Provide a supportive motivational-interviewing counseling response for a person experiencing substance-use problems.,Mm-hmm.,Is it okay if we go over the form you had filled out? We give this out to everybody who comes in.,AnnoMI-derived authentic counseling turn,substance-use counseling
1118,Provide a supportive motivational-interviewing counseling response for a person experiencing substance-use problems.,"Yeah. That's-that's exactly how it happened. I mean, I'm a normal college kid. I like to drink and hanging out with my buddies. I mean, I, it wasn't a big house party or anything and I got busted.","You decided to drink more than you intended because you were disappointed at how the Vikings were playing. And when your roommate couldn't give you a ride home, you decided to drive yourself home. Did I get that right?",AnnoMI-derived authentic counseling turn,substance-use counseling
1119,"Give a brief, empathetic counseling response focused on recovery and safety.",I had a difficult day and immediately thought about using.,"It sounds like a difficult day quickly triggered the urge to use. What happened today, and what might help you respond differently if a similar situation happens again?",synthetic drug-recovery counseling augmentation,drug-use recovery counseling - trigger awareness
1120,Provide a supportive motivational-interviewing counseling response for a person experiencing substance-use problems.,"Well, what-what for exactly?","-been helpful, um, in-- with patients before. I'd also like to ask you, would you be willing to see one of our counselors?",AnnoMI-derived authentic counseling turn,substance-use counseling
1121,Provide a supportive motivational-interviewing counseling response for a person experiencing substance-use problems.,I suppose.,Alright.,AnnoMI-derived authentic counseling turn,substance-use counseling
1122,Provide a supportive motivational-interviewing counseling response for a person experiencing substance-use problems.,"Um, I think everything's on the bad side about smoking, but, um, I've just smoked so long. I-I just can't imagine-","-the unpleasantness of that. Okay. What else might be on the, not so good side about smoking- about stopping?",AnnoMI-derived authentic counseling turn,substance-use counseling
1123,Provide a supportive motivational-interviewing counseling response for a person experiencing substance-use problems.,Only when I was in the hospital. [chuckles],"Um, have there been some times in the past where you were able to quit smoking completely?",AnnoMI-derived authentic counseling turn,substance-use counseling
1124,Use motivational interviewing principles to respond to this substance-use concern.,I want to recover but I am afraid of what life will be like without drugs.,"That fear makes sense because recovery can involve major changes. What parts of life without drugs worry you most, and what kind of support might make those changes feel safer? Your willingness to talk about this is already a meaningful step. We can work through it gradually.",synthetic drug-recovery counseling augmentation,drug-use recovery counseling - fear of recovery
1125,Provide a supportive motivational-interviewing counseling response for a person experiencing substance-use problems.,I could probably do that.,Okay. What some people your age do is try stopping drinking for a period of time just to see what that feels like.,AnnoMI-derived authentic counseling turn,substance-use counseling
1126,Act as a recovery-support counselor and encourage reflection and a realistic next step.,I had a difficult day and immediately thought about using.,"It sounds like a difficult day quickly triggered the urge to use. What happened today, and what might help you respond differently if a similar situation happens again?",synthetic drug-recovery counseling augmentation,drug-use recovery counseling - trigger awareness
1127,"Give a brief, empathetic counseling response focused on recovery and safety.",I have been avoiding people because I am embarrassed about my drug use.,"It sounds like embarrassment has been pushing you away from others. Is there one trusted person you would feel comfortable talking to, even if you are not ready to tell them everything? Your willingness to talk about this is already a meaningful step. We can work through it gradually.",synthetic drug-recovery counseling augmentation,drug-use recovery counseling - isolation
1128,Provide a supportive motivational-interviewing counseling response for a person experiencing substance-use problems.,Mm-hmm.,So that I can pursue that plan.,AnnoMI-derived authentic counseling turn,substance-use counseling
1129,"Give a brief, empathetic counseling response focused on recovery and safety.","My friends use drugs, and it makes staying sober difficult.","That environment can make recovery harder. Which people or places feel safer for you, and how might you create more distance from situations that increase the urge to use? Your willingness to talk about this is already a meaningful step. We can work through it gradually.",synthetic drug-recovery counseling augmentation,drug-use recovery counseling - social environment
1130,Provide a supportive motivational-interviewing counseling response for a person experiencing substance-use problems.,"Oh, well. Okay. Well, thanks. I mean, I guess that helps a little bit. I'll-- maybe I'll be back later. Thanks.","Well, aside from the gum, you could try the nicotine lozenge, that would be another option for you. Again, that's not something you'd wanna use continuously throughout the day. The nicotine patch is the best for continuous nicotine replacement, but again, that's not something you can use while you're continuing to smoke.",AnnoMI-derived authentic counseling turn,substance-use counseling
1131,Use motivational interviewing principles to respond to this substance-use concern.,I feel ashamed because I promised myself I would stop.,It sounds like you are carrying a lot of shame. You deserve support rather than judgment. What would be one compassionate and realistic step you could take toward recovery today?,synthetic drug-recovery counseling augmentation,drug-use recovery counseling - shame
1132,Provide a supportive motivational-interviewing counseling response for a person experiencing substance-use problems.,"Well, I didn't really know I'd started.","Uh-huh. Well, that's, I mean, at least you're not doing that, so that's good, but it's still causing a lot of problems. And as I said, I can see that the evidence in the roof of your mouth, you're causing some serious damage, and this needs to stop. Have you thought about quitting?",AnnoMI-derived authentic counseling turn,substance-use counseling
1133,Provide a supportive motivational-interviewing counseling response for a person experiencing substance-use problems.,"-this was a big step. So I guess, yes. Um, it wouldn't have been as high maybe last week.",Mm-hmm.,AnnoMI-derived authentic counseling turn,substance-use counseling
1134,Respond as a supportive addiction counselor using motivational interviewing.,"I was doing well in recovery, but I had a relapse.",A relapse does not erase the progress you made. Would you be willing to look at what was happening before the relapse so you can identify what might help next time? Your willingness to talk about this is already a meaningful step. We can work through it gradually.,synthetic drug-recovery counseling augmentation,drug-use recovery counseling - relapse
1135,Provide a supportive motivational-interviewing counseling response for a person experiencing substance-use problems.,Mm-hmm.,-guiding your baby and-,AnnoMI-derived authentic counseling turn,substance-use counseling
1136,Use motivational interviewing principles to respond to this substance-use concern.,"My family keeps telling me to get help, but I do not know where to start.",Reaching out can be a strong first step. Would you be open to talking with a qualified addiction counselor or healthcare professional about support options that fit your situation? You do not have to figure everything out at once. We can focus on one manageable step.,synthetic drug-recovery counseling augmentation,drug-use recovery counseling - professional help
1137,Use motivational interviewing principles to respond to this substance-use concern.,"My friends use drugs, and it makes staying sober difficult.","That environment can make recovery harder. Which people or places feel safer for you, and how might you create more distance from situations that increase the urge to use?",synthetic drug-recovery counseling augmentation,drug-use recovery counseling - social environment
1138,Provide a supportive motivational-interviewing counseling response for a person experiencing substance-use problems.,Yeah. Thanks.,"Yeah, that's great. That's a really good goal.",AnnoMI-derived authentic counseling turn,substance-use counseling
1139,Provide a supportive motivational-interviewing counseling response for a person experiencing substance-use problems.,Hi.,"Hi, Sandra.",AnnoMI-derived authentic counseling turn,substance-use counseling
1140,Provide a supportive motivational-interviewing counseling response for a person experiencing substance-use problems.,Yeah. Yeah. pretty straightforward-,Alright.,AnnoMI-derived authentic counseling turn,substance-use counseling
1141,Provide a supportive motivational-interviewing counseling response for a person experiencing substance-use problems.,"Hmm. Well, that's not good news.","Well things like heart disease, cancer, liver problems, uh, stomach pains, insomnia. Unfortunately, uh, people who drink at a risky level are more likely to be diagnosed with depression and alcohol can make depression worse or harder to treat.",AnnoMI-derived authentic counseling turn,substance-use counseling
1142,Provide a supportive motivational-interviewing counseling response for a person experiencing substance-use problems.,"-mostly. Um, I go down to the little pub down the street.",Okay.,AnnoMI-derived authentic counseling turn,substance-use counseling
1143,Provide a non-judgmental counseling response to a person struggling with drug use.,I am worried that I will never be able to stay in recovery.,"It sounds like you are worried about your ability to maintain recovery. What is one time when you managed a difficult situation without using, and what helped you then? There is no need to judge yourself while we explore what happened. Understanding the pattern can help you make a different choice.",synthetic drug-recovery counseling augmentation,drug-use recovery counseling - confidence
1144,Provide a supportive motivational-interviewing counseling response for a person experiencing substance-use problems.,I have no questions.,-like that?,AnnoMI-derived authentic counseling turn,substance-use counseling
1145,Provide a supportive motivational-interviewing counseling response for a person experiencing substance-use problems.,"Um, I would probably start off by like, because my friends are also involved, so I'd be like, ""Hey, guys, I don't think I'm gonna drink today.""","Okay. So, does that mean you're gonna stop drinking?",AnnoMI-derived authentic counseling turn,substance-use counseling
1146,"Give a brief, empathetic counseling response focused on recovery and safety.","I want to stop using drugs, but I keep going back to them.","It sounds like you genuinely want to stop, while something keeps pulling you back. What do you think makes stopping especially difficult for you?",synthetic drug-recovery counseling augmentation,drug-use recovery counseling - ambivalence
1147,Provide a supportive motivational-interviewing counseling response for a person experiencing substance-use problems.,I don't think so.,"Certainly, certainly. I'm glad you're willing to talk to him. So before you leave here today, we'll, uh, stop by the scheduler's desk and make an appointment for you to see me back in four weeks, as well as the appointment with Dr. Kirtley. And that way, before you leave, you're all set. So do you have any other questions for me, Sarah?",AnnoMI-derived authentic counseling turn,substance-use counseling
1148,Provide a supportive motivational-interviewing counseling response for a person experiencing substance-use problems.,"Just, you know, some alcohol.",Use any other drugs?,AnnoMI-derived authentic counseling turn,substance-use counseling
1149,Provide a supportive motivational-interviewing counseling response for a person experiencing substance-use problems.,"Okay. Well, thanks a lot.","Okay. Well, it sounds like you're really here just for information today. I'm happy to help you pick out some of these products if and when you decide that the time is right for you.",AnnoMI-derived authentic counseling turn,substance-use counseling
1150,Provide a supportive motivational-interviewing counseling response for a person experiencing substance-use problems.,-I never get that information.,Mm-hmm.,AnnoMI-derived authentic counseling turn,substance-use counseling
1151,Provide a supportive motivational-interviewing counseling response for a person experiencing substance-use problems.,Sometimes I just don't like how much I drink. I sometimes finish a bottle in one night.,And sometimes you feel guilty after you drink.,AnnoMI-derived authentic counseling turn,substance-use counseling
1152,Provide a supportive motivational-interviewing counseling response for a person experiencing substance-use problems.,"Really? Bad? But they're just little, mini, little, cute little girly cigars.","Okay, so I think that's a pretty common misconception, because they're fruit-flavored, people think they're okay. Those are really bad for you. Did you know that?",AnnoMI-derived authentic counseling turn,substance-use counseling
1153,Provide a supportive motivational-interviewing counseling response for a person experiencing substance-use problems.,Yeah.,Okay.,AnnoMI-derived authentic counseling turn,substance-use counseling
1154,Provide a supportive motivational-interviewing counseling response for a person experiencing substance-use problems.,"I'm- I'm really scared, uh, 'cause I don't feel well.","A respirologist diagnosed that, and-and how are you feeling right now?",AnnoMI-derived authentic counseling turn,substance-use counseling
1155,Provide a supportive motivational-interviewing counseling response for a person experiencing substance-use problems.,"I felt terrible, you know, I was projecting-- I wanna be a good parent, and I don't feel this really is part of the plan.","So this morning, that experience, it really brought home how she does watch you, and she does really look up to you and notice what you do. How did that feel when you looked up and saw her watching you?",AnnoMI-derived authentic counseling turn,substance-use counseling
1156,Provide a supportive motivational-interviewing counseling response for a person experiencing substance-use problems.,"Yeah. I'd like to say more, but, um-",35-40%. Okay.,AnnoMI-derived authentic counseling turn,substance-use counseling
1157,Provide a supportive motivational-interviewing counseling response for a person experiencing substance-use problems.,-but that's not really what was going on. [chuckles],Mm-hmm.,AnnoMI-derived authentic counseling turn,substance-use counseling
1158,Provide a supportive motivational-interviewing counseling response for a person experiencing substance-use problems.,Yes.,"So on the one hand, it would be difficult to quit using Methamphetamine because there are so many positives that you get from using it. But on the other, there are reasons why you want to quit using methamphetamine.",AnnoMI-derived authentic counseling turn,substance-use counseling
1159,Provide a supportive motivational-interviewing counseling response for a person experiencing substance-use problems.,"Childcare, probably.","So, um, it would perhaps be helpful if you could narrow it down to just one thing, and what would that be?",AnnoMI-derived authentic counseling turn,substance-use counseling
1160,Provide a supportive motivational-interviewing counseling response for a person experiencing substance-use problems.,"I'm interested in psychology, psychiatry, something like that, so.",Wow.,AnnoMI-derived authentic counseling turn,substance-use counseling
1161,Provide a supportive motivational-interviewing counseling response for a person experiencing substance-use problems.,"Well, my name is Laura. I'm 17 years old, and I'm a senior in high school.","All right, so, I guess just to get started, can you tell me a little bit about yourself?",AnnoMI-derived authentic counseling turn,substance-use counseling
1162,Provide a supportive motivational-interviewing counseling response for a person experiencing substance-use problems.,"Um, probably to stop, maybe next party I go to, not have a drink at all.","-and, it's moderately important to you. It's something you would like to do because you have these big goals for yourself, and you actually feel very confident that you could be successful with it. What sort of goal do you think might be good to set for today?",AnnoMI-derived authentic counseling turn,substance-use counseling
1163,Provide a supportive motivational-interviewing counseling response for a person experiencing substance-use problems.,Mm-hmm.,"And maybe the effects um, also on-on your physical appearance. An interesting question around the effect of meth use on physical appearance.",AnnoMI-derived authentic counseling turn,substance-use counseling
1164,Provide a supportive motivational-interviewing counseling response for a person experiencing substance-use problems.,"Well, we've-- you have a point there. Mm, now that you mention it, um, I have started having one or two at work, you know, when we have break since I have a couple of friends at work that smoke and so every time we have a break, you know, we all go out to the- the break place outside, um, and so I- now I go with them and I have one of these Swisher Sweets. Um, I like the peach flavor [unintelligible 00:02:32] they're so cute. But that's really only pretty recently.",The amount you smoke is so miniscule you can't even imagine that it would cause any harm and yet here it is damaging the roof of your mouth.,AnnoMI-derived authentic counseling turn,substance-use counseling
1165,Act as a recovery-support counselor and encourage reflection and a realistic next step.,Part of me wants recovery and another part of me still wants to use.,"It is possible to have mixed feelings about recovery. What are the strongest reasons you want to stop, and what do you feel you would be giving up by stopping?",synthetic drug-recovery counseling augmentation,drug-use recovery counseling - mixed feelings
1166,Provide a supportive motivational-interviewing counseling response for a person experiencing substance-use problems.,"I'd like to work on it but, you know, if I get around to it, I get around to it. If I don't, I don't.","Oh, okay.",AnnoMI-derived authentic counseling turn,substance-use counseling
1167,Provide a supportive motivational-interviewing counseling response for a person experiencing substance-use problems.,"You know, I've heard of Welbutrin.","Um, because I know you mentioned you tried the Chantix. Um, what have you tried? Uh, Zyban or Wellbutrin?",AnnoMI-derived authentic counseling turn,substance-use counseling
1168,Provide a supportive motivational-interviewing counseling response for a person experiencing substance-use problems.,"Um, a few times a week. Uh, Wednesdays, I'll go to happy hour and have about two or three. And then, um, Thursdays, seven, um, seven or eight. Fridays, probably just a couple of glasses of wine with dinner. Um, but Saturdays are bigger night. And I would probably have a few drinks before I went to the bar. And then have four or five at when-when I was out. So—",Okay. And how often do you have a drink containing alcohol?,AnnoMI-derived authentic counseling turn,substance-use counseling
1169,Provide a supportive motivational-interviewing counseling response for a person experiencing substance-use problems.,"He's good, though. [laughs]",Hmm.,AnnoMI-derived authentic counseling turn,substance-use counseling
1170,Provide a supportive motivational-interviewing counseling response for a person experiencing substance-use problems.,"I mean like I always-- Well, it's, you know it's kind of a thing that happens in the weekends but, I guess, sometimes in the weekdays. You know, I'll-I'll pretty much every weekend I'll have a big night, um, maybe two but sometimes, you know, in the weekdays like on a Tuesday or Wednesday or something if I just kinda feel like doing something then I might do that sometimes to see if someone else wants to come round and join me or, you know, occasionally by myself I might have a smoke by myself or something like that. And I guess that isn't entirely linked to that scene, I suppose.",So—,AnnoMI-derived authentic counseling turn,substance-use counseling
1171,Provide a supportive motivational-interviewing counseling response for a person experiencing substance-use problems.,"Um yeah, like I'm so close anyways, that I know I need to now. Um, and I just also, like, have I completely screwed this up, like, is it already too late?","Well, Nina, you know yourself best, and you know, you know, you know what your world looks like and what those, you know, like, you know the support that your friends give you and the support that you get from your family, you know that. And I-I really just wanna support you in being able to make those choices and have those conversations, and I wanna do whatever I can to support you with that. Um, and I'm just wondering if maybe we can kind of pick this up, um, in a next visit, but before we go there, I'm just wondering, is there some steps that you would be willing to kind of take or consider, uh, with-with regards to your drinking?",AnnoMI-derived authentic counseling turn,substance-use counseling
1172,Provide a supportive motivational-interviewing counseling response for a person experiencing substance-use problems.,Thank you.,I really appreciate you talking to me about this today.,AnnoMI-derived authentic counseling turn,substance-use counseling
1173,Provide a supportive motivational-interviewing counseling response for a person experiencing substance-use problems.,"[laughs] but I mean I'd be interested I wish they'd make it more affordable for people or you know they haven't covered by insurance because you know the risk of it you know that the premiums for insurance- insurance for people who smoke are so high you would think that they would have like, um, what do they call that? Preventive. Um, I wish I never would have started and I'm proud of my daughter you know because I started smoking a little bit earlier than her age, and I'm proud that she is at this point not smoking this manifestation she might pick it up but it's- it's like-",Chewing gum.,AnnoMI-derived authentic counseling turn,substance-use counseling
1174,Provide a supportive motivational-interviewing counseling response for a person experiencing substance-use problems.,I like that.,Yeah. No.,AnnoMI-derived authentic counseling turn,substance-use counseling
1175,Provide a supportive motivational-interviewing counseling response for a person experiencing substance-use problems.,I started off on the violin first.,Wow. That's a long time. What other instruments?,AnnoMI-derived authentic counseling turn,substance-use counseling
1176,Use motivational interviewing principles to respond to this substance-use concern.,"My friends use drugs, and it makes staying sober difficult.","That environment can make recovery harder. Which people or places feel safer for you, and how might you create more distance from situations that increase the urge to use? You do not have to figure everything out at once. We can focus on one manageable step.",synthetic drug-recovery counseling augmentation,drug-use recovery counseling - social environment
1177,Provide a supportive motivational-interviewing counseling response for a person experiencing substance-use problems.,"Um, it's just entertainment. Something, um, when I bored, it's got-- I've got-- I smoke-",What are the main reasons why you actually smoke? What do you enjoy most about it?,AnnoMI-derived authentic counseling turn,substance-use counseling
1178,"Give a brief, empathetic counseling response focused on recovery and safety.","I am trying to change, but I do not know what triggers my drug use.","We can explore that together without judgment. Think about the moments before you usually use: where are you, who are you with, and what emotions or thoughts are present?",synthetic drug-recovery counseling augmentation,drug-use recovery counseling - trigger identification
1179,Provide a supportive motivational-interviewing counseling response for a person experiencing substance-use problems.,"Oh, that's awesome, to know too.","-with the Wellbutrin, yes.",AnnoMI-derived authentic counseling turn,substance-use counseling
1180,Use motivational interviewing principles to respond to this substance-use concern.,I feel ashamed because I promised myself I would stop.,"It sounds like you are carrying a lot of shame. You deserve support rather than judgment. What would be one compassionate and realistic step you could take toward recovery today? If you are comfortable, we can explore what matters most to you and identify a practical next step.",synthetic drug-recovery counseling augmentation,drug-use recovery counseling - shame
1181,Provide a supportive motivational-interviewing counseling response for a person experiencing substance-use problems.,Mm-hmm.,Mm-hmm. Okay. Yeah. So added to the other list is the having to go through the withdrawal-,AnnoMI-derived authentic counseling turn,substance-use counseling
1182,Provide a supportive motivational-interviewing counseling response for a person experiencing substance-use problems.,"Uh, smoking and all dressed up and-and fancy clothes and maybe having a drink in their hands and having a nice meal, um, I didn't really think about it. It's just an extension of me, I guess. It's-it's good for my nerves.",Mm-hmm.,AnnoMI-derived authentic counseling turn,substance-use counseling
1183,Provide a supportive motivational-interviewing counseling response for a person experiencing substance-use problems.,"Um, probably about once or twice a month.",Okay. And how often?,AnnoMI-derived authentic counseling turn,substance-use counseling
1184,Act as a recovery-support counselor and encourage reflection and a realistic next step.,"I want to make healthier choices, but I feel stuck.",Feeling stuck can make change seem overwhelming. What is one small change that feels realistic this week and could move you a little closer to the life you want?,synthetic drug-recovery counseling augmentation,drug-use recovery counseling - small steps
1185,Provide a supportive motivational-interviewing counseling response for a person experiencing substance-use problems.,Yeah.,"Yeah. So, in terms of being supportive and a sort of support you're gonna need to make these changes.",AnnoMI-derived authentic counseling turn,substance-use counseling
1186,Provide a non-judgmental counseling response to a person struggling with drug use.,I have been using drugs again and I feel like I am losing control.,Thank you for being honest about that. It sounds like the drug use is feeling increasingly difficult to control. What would you most like to change about your situation right now?,synthetic drug-recovery counseling augmentation,drug-use recovery counseling - loss of control
1187,Provide a supportive motivational-interviewing counseling response for a person experiencing substance-use problems.,"Well, yeah, yeah. You know now that you say it like that it's true. Um, I am smoking on a daily basis.","Uh-huh. So smoking has kind of become a big part of your social life now. When you go out, you're smoking, and even during breaks at work, you're smoking.",AnnoMI-derived authentic counseling turn,substance-use counseling
1188,Provide a supportive motivational-interviewing counseling response for a person experiencing substance-use problems.,Okay.,"Yeah. Well, and, David, honestly, wherever you're at, we'll work with it.",AnnoMI-derived authentic counseling turn,substance-use counseling
1189,Provide a supportive motivational-interviewing counseling response for a person experiencing substance-use problems.,"Um, you know, I guess I'll have to like, you know, get all of my information together.","You can't, no, not one of mine. So, um when are you thinking you might want to do this?",AnnoMI-derived authentic counseling turn,substance-use counseling
1190,Provide a supportive motivational-interviewing counseling response for a person experiencing substance-use problems.,"Oh, it's a red, you know, typical. Yeah.","Okay, so it's one cup, but it's not-not one drink.",AnnoMI-derived authentic counseling turn,substance-use counseling
1191,Provide a supportive motivational-interviewing counseling response for a person experiencing substance-use problems.,Yeah.,"Okay. So, it's-- It sounds like you're actually pretty comfortable with setting a goal of not drinking anymore a-at least at the next part? and seeing how it goes.",AnnoMI-derived authentic counseling turn,substance-use counseling
1192,Provide a supportive motivational-interviewing counseling response for a person experiencing substance-use problems.,"I've smoked for 40 years, since I was 14-","Yeah. And what's been your past experience with smoking? Tell me-- Can you tell me a little bit about kind of how the role it plays in your life, how long you've smoked?",AnnoMI-derived authentic counseling turn,substance-use counseling
1193,Provide a supportive motivational-interviewing counseling response for a person experiencing substance-use problems.,"So, I can actually do it that way like gradual taber?","So, it strikes me that the way that we're talking about it, it's like it's all or nothing. Either you keep smoking the way you are, things continue to go downhill and get worse, your wife gets more and more on your case, or you put your cigarettes down starting the moment you walk in the door tonight and never pick them up again. It's almost like one or the other. It strikes me that as well there might be some middle ground here that it took you a long time to learn how to be a smoker and maybe it's going to take some time to learn how to stop smoking.",AnnoMI-derived authentic counseling turn,substance-use counseling
1194,Provide a non-judgmental counseling response to a person struggling with drug use.,I feel like one relapse means I have failed completely.,One setback does not define your whole recovery. What did you learn from this experience that could help you make a different choice the next time you face a similar situation? You do not have to figure everything out at once. We can focus on one manageable step.,synthetic drug-recovery counseling augmentation,drug-use recovery counseling - reframing relapse
1195,Act as a recovery-support counselor and encourage reflection and a realistic next step.,I am worried that I will never be able to stay in recovery.,"It sounds like you are worried about your ability to maintain recovery. What is one time when you managed a difficult situation without using, and what helped you then? Your willingness to talk about this is already a meaningful step. We can work through it gradually.",synthetic drug-recovery counseling augmentation,drug-use recovery counseling - confidence
1196,Provide a supportive motivational-interviewing counseling response for a person experiencing substance-use problems.,"Uh, yeah. I just got off work, and apparently, they're going smoke-free, so I'm-- I-I thought I'd stop by the pharmacy here and see what my options are. Some of my friends have tried nicotine patches and the-- they say they don't work really well. I don't really wanna quit smoking, I just need something to get me through the day.",Can I help you?,AnnoMI-derived authentic counseling turn,substance-use counseling
1197,Provide a supportive motivational-interviewing counseling response for a person experiencing substance-use problems.,"I mean, I guess a little bit, you know, like-- I mean, she's the one that-that has me being here. We've been fighting about it, you know. Uh, uh, I don't know, I-I guess I'm-I'm getting pretty frustrated with her. She just won't get off my back about it. So I finally said, ""Fine, I'll go see someone.""","Okay. Um, is it causing any problems in areas like your marriage or anything like that?",AnnoMI-derived authentic counseling turn,substance-use counseling
1198,Provide a supportive motivational-interviewing counseling response for a person experiencing substance-use problems.,"Uh, no.",Okay. And I'm wondering if you have any concerns about that.,AnnoMI-derived authentic counseling turn,substance-use counseling
1199,Provide a supportive motivational-interviewing counseling response for a person experiencing substance-use problems.,No he wasn't.,"Yeah. He wasn't too happy with the exam, was he Hailey?",AnnoMI-derived authentic counseling turn,substance-use counseling
1200,Act as a recovery-support counselor and encourage reflection and a realistic next step.,I am worried that I will never be able to stay in recovery.,"It sounds like you are worried about your ability to maintain recovery. What is one time when you managed a difficult situation without using, and what helped you then?",synthetic drug-recovery counseling augmentation,drug-use recovery counseling - confidence
1201,Use motivational interviewing principles to respond to this substance-use concern.,I am scared that my drug use is damaging my relationships.,"It sounds like your relationships are very important to you. How has your drug use affected the people you care about, and what change would you most like them to see? Your willingness to talk about this is already a meaningful step. We can work through it gradually.",synthetic drug-recovery counseling augmentation,drug-use recovery counseling - relationships
1202,Provide a supportive motivational-interviewing counseling response for a person experiencing substance-use problems.,"Um, yeah, yeah.","Okay. Interesting. So, do you know all the bad stuff about alcohol?",AnnoMI-derived authentic counseling turn,substance-use counseling
1203,Provide a supportive motivational-interviewing counseling response for a person experiencing substance-use problems.,"Like I can try that, yeah.",Mm-hmm. So you'd drink maybe just a couple of times a week and maybe a little bit less on each occasion? Is that what you're saying?,AnnoMI-derived authentic counseling turn,substance-use counseling
1204,Provide a supportive motivational-interviewing counseling response for a person experiencing substance-use problems.,"-in my life, considering I have big plans for my future. So.",Mm-hmm.,AnnoMI-derived authentic counseling turn,substance-use counseling
1205,Provide a supportive motivational-interviewing counseling response for a person experiencing substance-use problems.,Well.,"Well, no one said motherhood was going to be easy, Hailey. So let's talk about these drinks. Are we talking about the-the low-risk drinking guidelines, one to two standard drinks a night or are we talking about a mug of Margarita's?",AnnoMI-derived authentic counseling turn,substance-use counseling
1206,Provide a supportive motivational-interviewing counseling response for a person experiencing substance-use problems.,Yep.,"So coming out, feeling-- being gay-",AnnoMI-derived authentic counseling turn,substance-use counseling
1207,"Give a brief, empathetic counseling response focused on recovery and safety.","I want to stop using drugs, but I keep going back to them.","It sounds like you genuinely want to stop, while something keeps pulling you back. What do you think makes stopping especially difficult for you? If you are comfortable, we can explore what matters most to you and identify a practical next step.",synthetic drug-recovery counseling augmentation,drug-use recovery counseling - ambivalence
1208,Provide a supportive motivational-interviewing counseling response for a person experiencing substance-use problems.,"Yeah, it just got a bit out of control.","Yeah, yeah. So, you've got, you know, some benefits there then, you know. The social element, hanging with friends and-and going out together is something which is-is quite enjoyable. So, it's not a case of removing it completely but it’s a case of, ""Okay, I’m noticing this is impacting on me more than what I’d like to."" Yeah. Yeah, okay.",AnnoMI-derived authentic counseling turn,substance-use counseling
1209,Use motivational interviewing principles to respond to this substance-use concern.,"I can stay away from drugs for a while, then the cravings become strong.","You have already shown that you can stay away for periods of time. What usually happens just before a craving becomes strongest, and what has helped you get through a craving safely? You do not have to figure everything out at once. We can focus on one manageable step.",synthetic drug-recovery counseling augmentation,drug-use recovery counseling - cravings
1210,Provide a supportive motivational-interviewing counseling response for a person experiencing substance-use problems.,"As they say, my aunt was like, ""Put another nail in your coffin,"" you know.",It'll-it'll take a good usually 10 years off your life minimum.,AnnoMI-derived authentic counseling turn,substance-use counseling
1211,Provide a supportive motivational-interviewing counseling response for a person experiencing substance-use problems.,Thank you.,"Oh my goodness. Okay. And so, and that-- yeah, that's very-- that's really scary beginnings of emphysema, I'm sorry to hear that.",AnnoMI-derived authentic counseling turn,substance-use counseling
1212,Provide a supportive motivational-interviewing counseling response for a person experiencing substance-use problems.,"Well, that's not me. I don't need help from anyone.","There's something else I wanna share. When people forget where they are or how many drinks they've had, that's a sign of heavy drinking. And when people keep drinking despite experiencing negative consequences, that can be a sign of what we call alcohol use disorder.",AnnoMI-derived authentic counseling turn,substance-use counseling
1213,Provide a non-judgmental counseling response to a person struggling with drug use.,"My family keeps telling me to get help, but I do not know where to start.",Reaching out can be a strong first step. Would you be open to talking with a qualified addiction counselor or healthcare professional about support options that fit your situation? Your willingness to talk about this is already a meaningful step. We can work through it gradually.,synthetic drug-recovery counseling augmentation,drug-use recovery counseling - professional help
1214,Provide a supportive motivational-interviewing counseling response for a person experiencing substance-use problems.,Yeah.,Uh-huh. So kind of combining you alls-,AnnoMI-derived authentic counseling turn,substance-use counseling
1215,Provide a supportive motivational-interviewing counseling response for a person experiencing substance-use problems.,-to that sort of thing.,Yeah.,AnnoMI-derived authentic counseling turn,substance-use counseling
1216,Provide a supportive motivational-interviewing counseling response for a person experiencing substance-use problems.,"Yeah, I got some of that already. I got it from the needle exchange.",Yes.,AnnoMI-derived authentic counseling turn,substance-use counseling
1217,Provide a supportive motivational-interviewing counseling response for a person experiencing substance-use problems.,"I could probably, um, I don't know. I-I guess, well, the big thing would be like kind of where I drink so like drinking like if I'm only like in my apartment so thenI'm not risking myself to drive or like if I- if I go out to a party waiting till, like, I'm 21 to drink. Um, maybe find stuff to do that doesn't revolve around drinking, like, I'm guessing like a town this size there's got to be more to do than just drink.",What steps could you take to move that six to a seven or eight?,AnnoMI-derived authentic counseling turn,substance-use counseling
1218,Provide a supportive motivational-interviewing counseling response for a person experiencing substance-use problems.,Actually it's like being a leper in a non-leper colony.,Like being a leper in a leper colony right now to be a smoker.,AnnoMI-derived authentic counseling turn,substance-use counseling
1219,Respond as a supportive addiction counselor using motivational interviewing.,"I was doing well in recovery, but I had a relapse.",A relapse does not erase the progress you made. Would you be willing to look at what was happening before the relapse so you can identify what might help next time?,synthetic drug-recovery counseling augmentation,drug-use recovery counseling - relapse
1220,Provide a supportive motivational-interviewing counseling response for a person experiencing substance-use problems.,I guess I just wanna stop. I just feel like I'm drinking more and more 'cause I'm doing it now in the weekdays-,"Okay, and so I guess, you know, what would you like to do given the circumstances?",AnnoMI-derived authentic counseling turn,substance-use counseling
1221,Provide a supportive motivational-interviewing counseling response for a person experiencing substance-use problems.,"Well, then I feel blur again.",Okay. And how do you feel after you drink?,AnnoMI-derived authentic counseling turn,substance-use counseling
1222,Provide a supportive motivational-interviewing counseling response for a person experiencing substance-use problems.,"-and, um, I guess less often, I do a bit of, you know, I smoke a little bit and, um, party pills in the- in the weekend sometimes.",Alright.,AnnoMI-derived authentic counseling turn,substance-use counseling
1223,Provide a supportive motivational-interviewing counseling response for a person experiencing substance-use problems.,"I know it's not good for him. I mean, I've read those things about ear infections and asthma and stuff and-and, uh, but other kids have ear infections and their parents don't smoke.",Sure. And it sounds like you're trying not to smoke around him. Why did you make that decision?,AnnoMI-derived authentic counseling turn,substance-use counseling
1224,Provide a supportive motivational-interviewing counseling response for a person experiencing substance-use problems.,"Um, I know it's definitely risky, but, I mean, I guess, we still do it. [chuckles]","-and it is something that is considered pretty risky. So, I wonder what you think about that, just in terms of how it fits into your life.",AnnoMI-derived authentic counseling turn,substance-use counseling
1225,Provide a supportive motivational-interviewing counseling response for a person experiencing substance-use problems.,"Well, I don't have the money for it. I just usually bum it off to my roommate, her parents give her a lot of spending money but I don't know, it's kind of embarrassing to have to do that.",Can you think of any other downsides to smoking pot?,AnnoMI-derived authentic counseling turn,substance-use counseling
1226,Provide a supportive motivational-interviewing counseling response for a person experiencing substance-use problems.,"I feel if I go ahead and do as I say with cutting down on the pies, the crisps, um, and cutting out the booze, I feel I'm making a start but let's take it a step at a time and see how it goes. But, uh, the next day when we look at it, the figures might be a lot better.","So well, maybe you can help her as well and that would be good. Well, I think you've got off to a really great start, Mr. Green. You're very well aware of what you-you need to do, and you've obviously thought about it and got some good plans in place. So you're going to reduce your-your alcohol intake, you've already started by reducing your salt intake. Um, perhaps when we meet up next time we could talk a little bit about smoking and exercise as well, when you're ready for that. So how do you feel now?",AnnoMI-derived authentic counseling turn,substance-use counseling
1227,Provide a supportive motivational-interviewing counseling response for a person experiencing substance-use problems.,"Right. Um, I suppose it's kind of hand-in-hand with just hanging out with, sort of, some new scene that I've-- Like, um, I moved to Auckland maybe three years ago.","Well, maybe, we c-- we can check that out to see whether-whether it's a lot or-- But maybe also importantly to-to discuss with you what the effects are and-and-and what your concerns are about it. But help me to understand a little bit more of what it's like for you. Tell me- tell me what are the things about your, uh, use of meth that you- that you've liked that you found good for you?",AnnoMI-derived authentic counseling turn,substance-use counseling
1228,Provide a supportive motivational-interviewing counseling response for a person experiencing substance-use problems.,"-very, like, obnoxious things.",Mm-hmm.,AnnoMI-derived authentic counseling turn,substance-use counseling
1229,Provide a supportive motivational-interviewing counseling response for a person experiencing substance-use problems.,Meth?,"And, uh, um, you do this how often?",AnnoMI-derived authentic counseling turn,substance-use counseling
1230,Provide a supportive motivational-interviewing counseling response for a person experiencing substance-use problems.,"Oh. Okay. Well, where is that?","Well, there are some products that you could use to take away some of your cravings, and probably the gum would be the best option for you. It's not something you would continue to use continuously throughout the day, however, but gum is something you use just when you have a craving.",AnnoMI-derived authentic counseling turn,substance-use counseling
1231,Provide a supportive motivational-interviewing counseling response for a person experiencing substance-use problems.,"Well, I mean, anything's possible. I mean, I-I guess I could maybe be convinced. Yeah. Is there some-- I mean, are there things I can try that would make me like want to quit smoking?",Okay. What made you say two instead of one?,AnnoMI-derived authentic counseling turn,substance-use counseling
1232,Provide a non-judgmental counseling response to a person struggling with drug use.,I feel like one relapse means I have failed completely.,"One setback does not define your whole recovery. What did you learn from this experience that could help you make a different choice the next time you face a similar situation? If you are comfortable, we can explore what matters most to you and identify a practical next step.",synthetic drug-recovery counseling augmentation,drug-use recovery counseling - reframing relapse
1233,Provide a supportive motivational-interviewing counseling response for a person experiencing substance-use problems.,"A little bit because not all of them are into that. So, like, I'm in one group of friends, and I would talk to another person that's an another group of friends and they just happen to invite me to that first party.","So, your-your friends that you were hanging out with, there's a little tension there now.",AnnoMI-derived authentic counseling turn,substance-use counseling
1234,Provide a supportive motivational-interviewing counseling response for a person experiencing substance-use problems.,I don't know.,"Well, what can be more important to you than the health of your child?",AnnoMI-derived authentic counseling turn,substance-use counseling
1235,Provide a supportive motivational-interviewing counseling response for a person experiencing substance-use problems.,"Right. Exactly or you know like I'll do some work, and then I'm like okay you know as my ex-husband says Union break and it's a cigarette break. [laughs]",Like it's a little treat.,AnnoMI-derived authentic counseling turn,substance-use counseling
1236,Provide a supportive motivational-interviewing counseling response for a person experiencing substance-use problems.,"Well, I-- [sighs] I'm probably not gonna buy anything today. I mean, I just came by to see what my options are. I-- if-- thanks for the input. I mean, do you have anything else, do you have any other advice for me?","Well, we have that here, but again, the-the idea would be for you to actually quit smoking.",AnnoMI-derived authentic counseling turn,substance-use counseling
1237,Provide a supportive motivational-interviewing counseling response for a person experiencing substance-use problems.,"Um, I mean, maybe I'll have like a drink or two.",So are there other things you do in the evening to relax?,AnnoMI-derived authentic counseling turn,substance-use counseling
1238,Provide a supportive motivational-interviewing counseling response for a person experiencing substance-use problems.,"Mm-hmm, yeah. And common sense somewhere in the middle.",Mm-hmm. And there was a war going on?,AnnoMI-derived authentic counseling turn,substance-use counseling
1239,Provide a supportive motivational-interviewing counseling response for a person experiencing substance-use problems.,"Um, not much, maybe like one or two drinks at the most.","-and kinda. Okay, great. All right, well, one of the things I wanna talk about is, you know, um, you mentioned that you'd like to go out with friends and-and party, and that sort of a thing. And, I'm curious, when you're out in the parties, do you ever have any alcohol?",AnnoMI-derived authentic counseling turn,substance-use counseling
1240,Provide a supportive motivational-interviewing counseling response for a person experiencing substance-use problems.,Yeah.,"Okay. Um, so the most you've ever, ever had is two drinks in a day.",AnnoMI-derived authentic counseling turn,substance-use counseling
1241,Respond as a supportive addiction counselor using motivational interviewing.,"My friends use drugs, and it makes staying sober difficult.","That environment can make recovery harder. Which people or places feel safer for you, and how might you create more distance from situations that increase the urge to use? Your willingness to talk about this is already a meaningful step. We can work through it gradually.",synthetic drug-recovery counseling augmentation,drug-use recovery counseling - social environment
1242,Use motivational interviewing principles to respond to this substance-use concern.,I use drugs when I feel stressed and overwhelmed.,"You have noticed a connection between stress and drug use, which is useful information. What are some safer ways you have handled stress in the past, even if they only helped a little? Your willingness to talk about this is already a meaningful step. We can work through it gradually.",synthetic drug-recovery counseling augmentation,drug-use recovery counseling - stress trigger
1243,Provide a supportive motivational-interviewing counseling response for a person experiencing substance-use problems.,"Well am having, um-- I've been an ongoing problem with smoking and trying to quit.",What brings you in?,AnnoMI-derived authentic counseling turn,substance-use counseling
1244,Provide a supportive motivational-interviewing counseling response for a person experiencing substance-use problems.,"Okay, I'll try my best.","Sounds good. And if you need to relax, go for a walk, join a moms group, read a book. How about you come back in a week when we have Jake's six months checkup and you can let me know how that quit plan is going.",AnnoMI-derived authentic counseling turn,substance-use counseling
1245,Provide a supportive motivational-interviewing counseling response for a person experiencing substance-use problems.,Sure.,Yeah?,AnnoMI-derived authentic counseling turn,substance-use counseling
1246,Provide a supportive motivational-interviewing counseling response for a person experiencing substance-use problems.,"Um, I'm not sure yet, but I'm looking into schools like in the area, so maybe, I don't know, maybe I'll leave home or something.",Okay. And do you know where you're going to apply to college?,AnnoMI-derived authentic counseling turn,substance-use counseling
1247,Provide a supportive motivational-interviewing counseling response for a person experiencing substance-use problems.,Right.,So you're an occasional meth user. You don't use very often?,AnnoMI-derived authentic counseling turn,substance-use counseling
1248,Provide a supportive motivational-interviewing counseling response for a person experiencing substance-use problems.,Okay.,"So, basically, we're here, I'm just gonna talk to you for a little bit about sort of what your goals are for your life, um, get to know you a little bit better and talk about some different behaviors that you might be engaging in. It's not my job at all to judge you or to try and change you, you know. Basically, I'm gonna talk to you about how things are going, any changes you might want to make in your life, how I could help you with that, and just what I can do that's going to be most beneficial for you.",AnnoMI-derived authentic counseling turn,substance-use counseling
1249,Provide a supportive motivational-interviewing counseling response for a person experiencing substance-use problems.,Okay.,"Hey, hi, Andrea. Thanks for coming in today. So I don't know how much you've been told about why you're here, but basically, it's my job just to meet with all the students. I usually meet with you once or twice a semester. And I'm going to be talking to you kind of about your life and your goals and some behaviors that you might engage in and just the sorts of things like that.",AnnoMI-derived authentic counseling turn,substance-use counseling
1250,Provide a supportive motivational-interviewing counseling response for a person experiencing substance-use problems.,Yeah.,You're beginning to-to think about those things and-and-and what effect they may have on you.,AnnoMI-derived authentic counseling turn,substance-use counseling
1251,Provide a supportive motivational-interviewing counseling response for a person experiencing substance-use problems.,No.,And it doesn't feel good?,AnnoMI-derived authentic counseling turn,substance-use counseling
1252,Provide a supportive motivational-interviewing counseling response for a person experiencing substance-use problems.,"I-I don't know. I mean, I try really hard not to smoke around him. I don't smoke in the car. Um, when he's home, I go outside to smoke. I just-- I mean, I know it's bad, and I know it's bad for him, so I don't want him to be around it so I try really hard.","Well, the fact that he's having these ear infections is indicating to me that he is being exposed to smoke, and so, what can you tell me about that?",AnnoMI-derived authentic counseling turn,substance-use counseling
1253,Use motivational interviewing principles to respond to this substance-use concern.,I am worried that I will never be able to stay in recovery.,"It sounds like you are worried about your ability to maintain recovery. What is one time when you managed a difficult situation without using, and what helped you then? You do not have to figure everything out at once. We can focus on one manageable step.",synthetic drug-recovery counseling augmentation,drug-use recovery counseling - confidence
1254,Provide a supportive motivational-interviewing counseling response for a person experiencing substance-use problems.,"Um, what should I-- uh, yeah, I do. So what should I say like once, let's say, I hang out with my friends and they're like, ""Hey, why aren't you- why aren't you drinking?""","-the people who drink a lot, um, since you have some other friends. Um, yeah. So, do you have any questions for me or?",AnnoMI-derived authentic counseling turn,substance-use counseling
1255,Provide a supportive motivational-interviewing counseling response for a person experiencing substance-use problems.,Something like that.,Okay. That's at least 12 drinks a week.,AnnoMI-derived authentic counseling turn,substance-use counseling
1256,Provide a supportive motivational-interviewing counseling response for a person experiencing substance-use problems.,Yeah. Somewhere around eight days. I'm not sure.,"Great. So, you wrote here that you've used alcohol in the last year on at least eight days?",AnnoMI-derived authentic counseling turn,substance-use counseling
1257,Provide a supportive motivational-interviewing counseling response for a person experiencing substance-use problems.,Yeah.,Kind of feels like you're climbing Mt. Everest.,AnnoMI-derived authentic counseling turn,substance-use counseling
1258,Provide a supportive motivational-interviewing counseling response for a person experiencing substance-use problems.,"Well, I usually drink when I'm at home trying to unwind and I drink while I'm watching a movie. And sometimes, um, I take a bath but I also drink when I take a bath sometimes.","Uh, what else can you tell me about your drinking.",AnnoMI-derived authentic counseling turn,substance-use counseling
1259,Provide a supportive motivational-interviewing counseling response for a person experiencing substance-use problems.,"Just seeing it’s just gonna get worse, uh, wha-- that’s what it seems like.","Okay, yes, so you’ve got this real sense of, ""I've gotta do something.""",AnnoMI-derived authentic counseling turn,substance-use counseling
1260,Respond as a supportive addiction counselor using motivational interviewing.,Part of me wants recovery and another part of me still wants to use.,"It is possible to have mixed feelings about recovery. What are the strongest reasons you want to stop, and what do you feel you would be giving up by stopping? You do not have to figure everything out at once. We can focus on one manageable step.",synthetic drug-recovery counseling augmentation,drug-use recovery counseling - mixed feelings
1261,Provide a supportive motivational-interviewing counseling response for a person experiencing substance-use problems.,"Because you know I've never been really athletic. I mean, so it's kind of like, I know that when you substitute something for something else, other than chocolate, which is my best friend too, [laughs].",Okay. Okay.,AnnoMI-derived authentic counseling turn,substance-use counseling
1262,Provide a supportive motivational-interviewing counseling response for a person experiencing substance-use problems.,Um.,"And, do you think that, um, this is most weekends or occasionally? How-",AnnoMI-derived authentic counseling turn,substance-use counseling
1263,Provide a supportive motivational-interviewing counseling response for a person experiencing substance-use problems.,"Yes, purpose.",And sort of a-a sense of purpose in a way.,AnnoMI-derived authentic counseling turn,substance-use counseling
1264,Provide a supportive motivational-interviewing counseling response for a person experiencing substance-use problems.,It's stuff that I learnt in class.,Okay. All right.,AnnoMI-derived authentic counseling turn,substance-use counseling
1265,Provide a supportive motivational-interviewing counseling response for a person experiencing substance-use problems.,Yeah.,"So, you're really are trying to be safe and-and make sure that-",AnnoMI-derived authentic counseling turn,substance-use counseling
1266,Provide a supportive motivational-interviewing counseling response for a person experiencing substance-use problems.,"Um, a couple of times a week maybe.","Tell me a little bit about what now and again means, and-and-and how often.",AnnoMI-derived authentic counseling turn,substance-use counseling
1267,Provide a supportive motivational-interviewing counseling response for a person experiencing substance-use problems.,"No, not really.","It doesn't feel like a problem to you right now, yeah.",AnnoMI-derived authentic counseling turn,substance-use counseling
1268,Provide a supportive motivational-interviewing counseling response for a person experiencing substance-use problems.,"Yeah, it is.","Yeah, okay. Um, and-and so that's a lot going on right now for you? Yeah.",AnnoMI-derived authentic counseling turn,substance-use counseling
1269,Provide a supportive motivational-interviewing counseling response for a person experiencing substance-use problems.,"Oh, yeah.","Mm-hmm. So there's your oral health, there's the financial aspect, and then e-earlier you brought up some concerns about smoking cigarettes and how that can be harmful for you.",AnnoMI-derived authentic counseling turn,substance-use counseling
1270,Provide a supportive motivational-interviewing counseling response for a person experiencing substance-use problems.,"Just different groups, friends or groups, girlfriends, like different people that I'm hanging out with because certain people are associated with that type of scene.",-or any other things?,AnnoMI-derived authentic counseling turn,substance-use counseling
1271,Provide a supportive motivational-interviewing counseling response for a person experiencing substance-use problems.,Mm-mm.,Don't inject it?,AnnoMI-derived authentic counseling turn,substance-use counseling
1272,Act as a recovery-support counselor and encourage reflection and a realistic next step.,"My family keeps telling me to get help, but I do not know where to start.",Reaching out can be a strong first step. Would you be open to talking with a qualified addiction counselor or healthcare professional about support options that fit your situation? You do not have to figure everything out at once. We can focus on one manageable step.,synthetic drug-recovery counseling augmentation,drug-use recovery counseling - professional help
1273,Provide a supportive motivational-interviewing counseling response for a person experiencing substance-use problems.,Right.,Sometimes you forget where you're at.,AnnoMI-derived authentic counseling turn,substance-use counseling
1274,Provide a supportive motivational-interviewing counseling response for a person experiencing substance-use problems.,"Well, I mean, I guess right now I would try to stop in high school, and once I get older, maybe just like, socially once in a while, but not anything big or anything.",How might that go?,AnnoMI-derived authentic counseling turn,substance-use counseling
1275,Provide a supportive motivational-interviewing counseling response for a person experiencing substance-use problems.,Yeah.,Okay. What we talk about is confidential. I only tell your parents about what we say if you give your permission or if I become worried about a danger to-to you or to someone else. Does that make sense?,AnnoMI-derived authentic counseling turn,substance-use counseling
1276,Use motivational interviewing principles to respond to this substance-use concern.,I feel ashamed because I promised myself I would stop.,It sounds like you are carrying a lot of shame. You deserve support rather than judgment. What would be one compassionate and realistic step you could take toward recovery today? You do not have to figure everything out at once. We can focus on one manageable step.,synthetic drug-recovery counseling augmentation,drug-use recovery counseling - shame
1277,Provide a supportive motivational-interviewing counseling response for a person experiencing substance-use problems.,"No. I'm not gonna quit smoking. I mean, I like it. It helps me relax. So, I mean, I don't see what the big deal is.","So your workplaces went smoke-free and you're not too pleased, huh?",AnnoMI-derived authentic counseling turn,substance-use counseling
1278,Provide a supportive motivational-interviewing counseling response for a person experiencing substance-use problems.,"Yeah, it was. If my mom would have found out, she would've killed me.",That must be really scary.,AnnoMI-derived authentic counseling turn,substance-use counseling
1279,Provide a non-judgmental counseling response to a person struggling with drug use.,"My friends use drugs, and it makes staying sober difficult.","That environment can make recovery harder. Which people or places feel safer for you, and how might you create more distance from situations that increase the urge to use? If you are comfortable, we can explore what matters most to you and identify a practical next step.",synthetic drug-recovery counseling augmentation,drug-use recovery counseling - social environment
1280,Provide a supportive motivational-interviewing counseling response for a person experiencing substance-use problems.,"Um, my doctor referred me. He said I had to come because I've- I've been a little irresponsible with this pregnancy. Yeah.","Thank you for coming in to see me today, Nina. I'm looking forward to getting to know you a little bit and hearing a little bit about you and what brought you in here today.",AnnoMI-derived authentic counseling turn,substance-use counseling
1281,Provide a supportive motivational-interviewing counseling response for a person experiencing substance-use problems.,He's a big boy. Yeah.,Charlie.,AnnoMI-derived authentic counseling turn,substance-use counseling
1282,Act as a recovery-support counselor and encourage reflection and a realistic next step.,I have been avoiding people because I am embarrassed about my drug use.,"It sounds like embarrassment has been pushing you away from others. Is there one trusted person you would feel comfortable talking to, even if you are not ready to tell them everything? If you are comfortable, we can explore what matters most to you and identify a practical next step.",synthetic drug-recovery counseling augmentation,drug-use recovery counseling - isolation
1283,Provide a supportive motivational-interviewing counseling response for a person experiencing substance-use problems.,Okay.,"Okay. So it's, um, so it's good, because you're not drinking and driving, but you're still really drinking a lot. Um, and yeah. Okay. So, let's-let's talk a little bit about that, how you might be able to make some changes. Because I think you really need to- need to stop drinking like this.",AnnoMI-derived authentic counseling turn,substance-use counseling
1284,Act as a recovery-support counselor and encourage reflection and a realistic next step.,I use drugs when I feel stressed and overwhelmed.,"You have noticed a connection between stress and drug use, which is useful information. What are some safer ways you have handled stress in the past, even if they only helped a little?",synthetic drug-recovery counseling augmentation,drug-use recovery counseling - stress trigger
1285,Provide a supportive motivational-interviewing counseling response for a person experiencing substance-use problems.,I haven't felt well for a while. I'm getting coughing fits even when I'm on the telephone with customers.,Mm-hmm.,AnnoMI-derived authentic counseling turn,substance-use counseling
1286,Provide a supportive motivational-interviewing counseling response for a person experiencing substance-use problems.,Yeah just-,"Okay, you're kinda getting pressure from other people who are drinking, and it feels easier for you to-",AnnoMI-derived authentic counseling turn,substance-use counseling
1287,Provide a supportive motivational-interviewing counseling response for a person experiencing substance-use problems.,"Um, doing the math, I guess no more than 18 drinks a week.","Okay, okay. Well, sometimes when people aren't ready to make changes like this, it helps if they write down their goals, it gives them a chance to see them in black and white. If you were to look at this little form here and figure out where you want to go with your drinking, what would you put down as your goal?",AnnoMI-derived authentic counseling turn,substance-use counseling
1288,Provide a supportive motivational-interviewing counseling response for a person experiencing substance-use problems.,Yes.,"So, you were able to keep the, uh, the journal?",AnnoMI-derived authentic counseling turn,substance-use counseling
1289,Provide a supportive motivational-interviewing counseling response for a person experiencing substance-use problems.,"Um, and then, I don’t know, try to plan it out a little bit more on the weekends-",Okay.,AnnoMI-derived authentic counseling turn,substance-use counseling
1290,Provide a supportive motivational-interviewing counseling response for a person experiencing substance-use problems.,"Hmm, for four times a week probably.",All right. How often do you do that?,AnnoMI-derived authentic counseling turn,substance-use counseling
1291,Provide a supportive motivational-interviewing counseling response for a person experiencing substance-use problems.,"Um, I mean, the 10 drinks seems like not a lot, uh, for like-for me and like my tolerance.",Okay. Does that concern you at all?,AnnoMI-derived authentic counseling turn,substance-use counseling
1292,Provide a supportive motivational-interviewing counseling response for a person experiencing substance-use problems.,Yes.,"Okay. So, it sounds like you have some reasons to cut back on drinking and you have ways to relax besides drinking and it sounds like you're pretty ready to cut back.",AnnoMI-derived authentic counseling turn,substance-use counseling
1293,Provide a supportive motivational-interviewing counseling response for a person experiencing substance-use problems.,"Um, and, like, fi- like filling out, like, how much I'm drinking every day, it was like, whoa, you know-",Mm-hmm.,AnnoMI-derived authentic counseling turn,substance-use counseling
1294,Provide a supportive motivational-interviewing counseling response for a person experiencing substance-use problems.,And Tristan is a good flatmate.,Mm-hmm.,AnnoMI-derived authentic counseling turn,substance-use counseling
1295,Provide a supportive motivational-interviewing counseling response for a person experiencing substance-use problems.,Right. Which I barely have any.,It shows you your lung capacity.,AnnoMI-derived authentic counseling turn,substance-use counseling
1296,Provide a supportive motivational-interviewing counseling response for a person experiencing substance-use problems.,"That seems to be like, uh, a false setting up, you know, like, come on.",Yeah.,AnnoMI-derived authentic counseling turn,substance-use counseling
1297,Provide a supportive motivational-interviewing counseling response for a person experiencing substance-use problems.,Sure.,"So I'm hoping that in your appointment next month, we can touch base on this and see how it's going.",AnnoMI-derived authentic counseling turn,substance-use counseling
1298,Provide a supportive motivational-interviewing counseling response for a person experiencing substance-use problems.,Yeah.,"So, let me make sure I understand kind of the whole scenario 'cause there's a lot of pieces to it. Your wife is on your case and your kids are ganging up too. So, you're sort of isolated, you're put in a corner and you're being told this is something you have to do, you have no choice in the matter.",AnnoMI-derived authentic counseling turn,substance-use counseling
1299,Provide a supportive motivational-interviewing counseling response for a person experiencing substance-use problems.,"Um, I'd l- I'd like to stop fighting with my wife. Um-",Mm-hmm.,AnnoMI-derived authentic counseling turn,substance-use counseling
1300,Provide a supportive motivational-interviewing counseling response for a person experiencing substance-use problems.,"Only a couple of drinks a night. You know, it's pretty rare if I have anything more than that. It's just my way of relaxing at the end of the day. It's been so stressful since Jake came along. It's just how I fall asleep at the end of the night.",And let's talk some more about wine. You keep throwing wine into the conversation. It sounds like it's become a significant part of your daily routine. How much are you drinking?,AnnoMI-derived authentic counseling turn,substance-use counseling
1301,"Give a brief, empathetic counseling response focused on recovery and safety.",I do not think my drug use is as serious as my family thinks.,"It sounds like you and your family see the situation differently. Rather than judging you, I would like to understand your view. What concerns, if any, do you have about your drug use? If you are comfortable, we can explore what matters most to you and identify a practical next step.",synthetic drug-recovery counseling augmentation,drug-use recovery counseling - readiness
1302,Provide a supportive motivational-interviewing counseling response for a person experiencing substance-use problems.,"But that's- that's just like a- a social thing. That's something that my friends and I do. We-- We-- It's not habit or something that I have to have and, you know, talking about one or two when we go out for an evening. Not packs of them.","So you've made a decision in your life not to smoke cigarettes, that's something you didn't want to do. It sounds like you're kinda concerned about the health effects of cigarettes. But you have been smoking the little cigarillos at least one or two every time you go out.",AnnoMI-derived authentic counseling turn,substance-use counseling
1303,Provide a supportive motivational-interviewing counseling response for a person experiencing substance-use problems.,Mm-hmm.,"No. Okay. So that's- that's not been an issue for you. Uh, it is an issue for him and not for you at this point.",AnnoMI-derived authentic counseling turn,substance-use counseling
1304,Provide a supportive motivational-interviewing counseling response for a person experiencing substance-use problems.,"Yeah, exactly. You know, it's kind of like that me time at the end of the day.",It's a nice sort of form of stress relief.,AnnoMI-derived authentic counseling turn,substance-use counseling
1305,Act as a recovery-support counselor and encourage reflection and a realistic next step.,Part of me wants recovery and another part of me still wants to use.,"It is possible to have mixed feelings about recovery. What are the strongest reasons you want to stop, and what do you feel you would be giving up by stopping? You do not have to figure everything out at once. We can focus on one manageable step.",synthetic drug-recovery counseling augmentation,drug-use recovery counseling - mixed feelings
1306,Use motivational interviewing principles to respond to this substance-use concern.,I want to rebuild trust with my family after my drug use.,"Rebuilding trust can take time, and your wish to repair those relationships is meaningful. What is one consistent action you could take that would show your family you are working toward recovery? There is no need to judge yourself while we explore what happened. Understanding the pattern can help you make a different choice.",synthetic drug-recovery counseling augmentation,drug-use recovery counseling - family trust
1307,Respond as a supportive addiction counselor using motivational interviewing.,I have been using drugs again and I feel like I am losing control.,Thank you for being honest about that. It sounds like the drug use is feeling increasingly difficult to control. What would you most like to change about your situation right now? Your willingness to talk about this is already a meaningful step. We can work through it gradually.,synthetic drug-recovery counseling augmentation,drug-use recovery counseling - loss of control
1308,Act as a recovery-support counselor and encourage reflection and a realistic next step.,Part of me wants recovery and another part of me still wants to use.,"It is possible to have mixed feelings about recovery. What are the strongest reasons you want to stop, and what do you feel you would be giving up by stopping? Your willingness to talk about this is already a meaningful step. We can work through it gradually.",synthetic drug-recovery counseling augmentation,drug-use recovery counseling - mixed feelings
1309,Provide a non-judgmental counseling response to a person struggling with drug use.,I have been avoiding people because I am embarrassed about my drug use.,"It sounds like embarrassment has been pushing you away from others. Is there one trusted person you would feel comfortable talking to, even if you are not ready to tell them everything? You do not have to figure everything out at once. We can focus on one manageable step.",synthetic drug-recovery counseling augmentation,drug-use recovery counseling - isolation
1310,Provide a supportive motivational-interviewing counseling response for a person experiencing substance-use problems.,"Um, uh, just as, um, a chocoholic craves chocolate-",Mm-hmm.,AnnoMI-derived authentic counseling turn,substance-use counseling
1311,Respond as a supportive addiction counselor using motivational interviewing.,I use drugs when I feel stressed and overwhelmed.,"You have noticed a connection between stress and drug use, which is useful information. What are some safer ways you have handled stress in the past, even if they only helped a little? Your willingness to talk about this is already a meaningful step. We can work through it gradually.",synthetic drug-recovery counseling augmentation,drug-use recovery counseling - stress trigger
1312,Provide a supportive motivational-interviewing counseling response for a person experiencing substance-use problems.,Yeah. It makes me feel relaxed.,"Speaker 1: Okay. You checked the box here that drinking helps you feel relaxed, feel better about yourself or fit in?",AnnoMI-derived authentic counseling turn,substance-use counseling
1313,Provide a supportive motivational-interviewing counseling response for a person experiencing substance-use problems.,"Well, I wouldn't get caught with using a pen, so I wouldn't get kicked off the basketball team.",Marijuana affects how well you play. What would be the other benefits for you?,AnnoMI-derived authentic counseling turn,substance-use counseling
1314,Provide a supportive motivational-interviewing counseling response for a person experiencing substance-use problems.,"Uh, I don't know.","So, what steps could you take to help you stop using for a month?",AnnoMI-derived authentic counseling turn,substance-use counseling
1315,Provide a supportive motivational-interviewing counseling response for a person experiencing substance-use problems.,No. We don't do that kind of thing in my family.,"You mentioned at the beginning of our conversation that you have a history of dealing with anxiety, have you ever talked to a counselor about that?",AnnoMI-derived authentic counseling turn,substance-use counseling
1316,Provide a supportive motivational-interviewing counseling response for a person experiencing substance-use problems.,"No. I think just talking about it was helpful, you know, and I'm- I'm glad you've given me some information. Maybe just this week I can think about it a little more, you know, I-I feel pretty overwhelmed right now. There's so much to do. My days are pretty full, so, maybe I can just s-sit on it for a week.","That's okay. All right and, um, I guess we'll see you next week for Jake's six-month checkup. Is there anything else we could talk about that might be helpful?",AnnoMI-derived authentic counseling turn,substance-use counseling
1317,Provide a supportive motivational-interviewing counseling response for a person experiencing substance-use problems.,"Yeah, and I, you know, I-I have friends who have drank during pregnancy, and-and I see articles on Facebook and-and, you know, things that show that there isn't really a clear link between, you know, abnormalities or, uh, yeah, I just- I just think it's kind of an old wives' tale. So, you know, I'm independent and I'm gonna- I'm gonna do what I want, it's my body.","So it was kind of been a part of your culture a little bit, and you know, just find alcohol, maybe takes the edge off a little bit and-",AnnoMI-derived authentic counseling turn,substance-use counseling
1318,Provide a supportive motivational-interviewing counseling response for a person experiencing substance-use problems.,Probably since last October.,"Okay. So, you drink with friends, sort of three or four beers or mixed drinks, one or two times a month. How long have you been doing that?",AnnoMI-derived authentic counseling turn,substance-use counseling
1319,Provide a supportive motivational-interviewing counseling response for a person experiencing substance-use problems.,"Yeah, exactly. Mm-hmm. Yeah. Um, and the first thing when I was able to smoke, I didn't care if I smoke my brand or anybody else's brand, I just wanted that cigarette.",You were [unintelligible 00:06:04],AnnoMI-derived authentic counseling turn,substance-use counseling
1320,Provide a supportive motivational-interviewing counseling response for a person experiencing substance-use problems.,"And then she was like, ""Sarah, that's cra-- Like, that is crazy. Why are, you know, like, where are you drinking this?"" And I was- I was like, ""Well, you know, like, different places."" And I-I guess, like, I don't know, my friends didn't, like, know. Anyway, it's, yeah, I don't know.",Mm-hmm.,AnnoMI-derived authentic counseling turn,substance-use counseling
1321,Provide a supportive motivational-interviewing counseling response for a person experiencing substance-use problems.,Yeah. Sounds good.,Thank you.,AnnoMI-derived authentic counseling turn,substance-use counseling
1322,Provide a supportive motivational-interviewing counseling response for a person experiencing substance-use problems.,Sure.,"And before you leave, uh, is it okay if we go over this screening form that you filled out today on your alcohol use?",AnnoMI-derived authentic counseling turn,substance-use counseling
1323,Respond as a supportive addiction counselor using motivational interviewing.,I have been avoiding people because I am embarrassed about my drug use.,"It sounds like embarrassment has been pushing you away from others. Is there one trusted person you would feel comfortable talking to, even if you are not ready to tell them everything? Your willingness to talk about this is already a meaningful step. We can work through it gradually.",synthetic drug-recovery counseling augmentation,drug-use recovery counseling - isolation
1324,Provide a supportive motivational-interviewing counseling response for a person experiencing substance-use problems.,Yeah.,"Okay. So, you can give it a go and, I think doing managing, you might just learn a little bit about how easy or difficult it's going to be, and-and also what it's like to cope with stress in other ways.",AnnoMI-derived authentic counseling turn,substance-use counseling
1325,Provide a supportive motivational-interviewing counseling response for a person experiencing substance-use problems.,"No, I have drunk-driven and never got in a car with a drunk driver.","Okay. Um, so one of the things that, you know, is really important to talk to teenagers about is drinking and driving. So, um, you know, that's actually a really big problem. And even around here, we have kids die every year from getting in a drunk driving accident. So that's something that you really need to make sure you're not doing, all right? Have you ever done that? Have you ever gotten in the car-",AnnoMI-derived authentic counseling turn,substance-use counseling
1326,Provide a supportive motivational-interviewing counseling response for a person experiencing substance-use problems.,"Um, per night, uh, like if we go out oh, it's a lot. It's like I can drink probably like seven or eight drinks like if I'm going hard. Um, and then, you know, like maybe when I get home from school, a long day at the library, have a beer or two, so.",And what does a few drinks look like? Is that per night? Is it two drinks?,AnnoMI-derived authentic counseling turn,substance-use counseling
1327,Provide a supportive motivational-interviewing counseling response for a person experiencing substance-use problems.,"I think if you make a good plan, like I think I'd be able to follow through with it.",Okay. So-,AnnoMI-derived authentic counseling turn,substance-use counseling
1328,Provide a supportive motivational-interviewing counseling response for a person experiencing substance-use problems.,"Yeah, that's a good idea.","-without any alcohol mixed into it. Um, often, having anything in your hand is a good barrier for people who are trying to offer you alcohol, because you already have something in your hand-",AnnoMI-derived authentic counseling turn,substance-use counseling
1329,Provide a supportive motivational-interviewing counseling response for a person experiencing substance-use problems.,Yeah.,"Mm-hmm, so like once or twice a month you're having alcohol?",AnnoMI-derived authentic counseling turn,substance-use counseling
1330,Provide a supportive motivational-interviewing counseling response for a person experiencing substance-use problems.,Yeah. I just don't see it happening.,Mm. So the idea of counseling in your family is for crazy people only and it's looked down upon and the cost would cause a problem too?,AnnoMI-derived authentic counseling turn,substance-use counseling
1331,Provide a supportive motivational-interviewing counseling response for a person experiencing substance-use problems.,But we haven't always had it-,Uh-huh.,AnnoMI-derived authentic counseling turn,substance-use counseling
1332,Provide a supportive motivational-interviewing counseling response for a person experiencing substance-use problems.,Hmm. Seven?,"Okay. So, there has been a lot of research on alcohol use and the guidelines we use in this country says that having seven or more drinks per week can raise the risk of health problems for women.",AnnoMI-derived authentic counseling turn,substance-use counseling
1333,Provide a supportive motivational-interviewing counseling response for a person experiencing substance-use problems.,"Good morning, doctor.","Hi, Jean. I'm Dr. Selby. Nice to meet you.",AnnoMI-derived authentic counseling turn,substance-use counseling
1334,Provide a supportive motivational-interviewing counseling response for a person experiencing substance-use problems.,"And then you know, the next time I see, see progress, or maybe write-- have like a diary or something, I don't know.",Sure.,AnnoMI-derived authentic counseling turn,substance-use counseling
1335,Provide a supportive motivational-interviewing counseling response for a person experiencing substance-use problems.,My big boy.,"Oh, nice. Okay.",AnnoMI-derived authentic counseling turn,substance-use counseling
1336,Provide a supportive motivational-interviewing counseling response for a person experiencing substance-use problems.,-and my daughter became so frightened that she went next door to our neighbor and called 911 and it really—,Mm-hmm.,AnnoMI-derived authentic counseling turn,substance-use counseling
1337,Provide a supportive motivational-interviewing counseling response for a person experiencing substance-use problems.,It was a lot of fun but I didn't do any dancing after that.,Yeah.,AnnoMI-derived authentic counseling turn,substance-use counseling
1338,Provide a non-judgmental counseling response to a person struggling with drug use.,"My friends use drugs, and it makes staying sober difficult.","That environment can make recovery harder. Which people or places feel safer for you, and how might you create more distance from situations that increase the urge to use? There is no need to judge yourself while we explore what happened. Understanding the pattern can help you make a different choice.",synthetic drug-recovery counseling augmentation,drug-use recovery counseling - social environment
1339,Provide a supportive motivational-interviewing counseling response for a person experiencing substance-use problems.,"Yeah, I guess.","Sarah, I'm so glad you came in for your well-woman exam today. I think we addressed a lot of your concerns. However, I would like to ask you more about your smoking. Would that be okay?",AnnoMI-derived authentic counseling turn,substance-use counseling
1340,Provide a supportive motivational-interviewing counseling response for a person experiencing substance-use problems.,-but of course I didn't do either but-,Okay.,AnnoMI-derived authentic counseling turn,substance-use counseling
1341,Provide a supportive motivational-interviewing counseling response for a person experiencing substance-use problems.,"-and not really thinking about stresses or things like that, but it can be--When it's too much drinking, it can be- can be obviously bad.",Mm-hmm.,AnnoMI-derived authentic counseling turn,substance-use counseling
1342,Provide a supportive motivational-interviewing counseling response for a person experiencing substance-use problems.,"Um, like drunk driving?","Mm-hmm. And, what about driving?",AnnoMI-derived authentic counseling turn,substance-use counseling
1343,Provide a supportive motivational-interviewing counseling response for a person experiencing substance-use problems.,Through college.,Okay.,AnnoMI-derived authentic counseling turn,substance-use counseling
1344,Provide a supportive motivational-interviewing counseling response for a person experiencing substance-use problems.,"Well, I'll dedicate the time, not to party and night. Well, not-not-not party, but, you know, get involved with alcohol to that extent. And like, have it publicized on the internet.","-I'm not saying I know what it's like. I-I get that you want to have fun in your teenage years. I get that. But, you know, you are a star player, we want to keep you on the team. You know, we got to figure out a way to get through this.",AnnoMI-derived authentic counseling turn,substance-use counseling
1345,Provide a supportive motivational-interviewing counseling response for a person experiencing substance-use problems.,"I smoked when I was young, and I certainly don't want it for her.",So the last thing you'd want is for your daughter to start smoking.,AnnoMI-derived authentic counseling turn,substance-use counseling
1346,Provide a supportive motivational-interviewing counseling response for a person experiencing substance-use problems.,"Just, uh, when I- when I go down, uh, for-for a break at work.","Mm-hmm, what sort of stresses?",AnnoMI-derived authentic counseling turn,substance-use counseling
1347,Provide a supportive motivational-interviewing counseling response for a person experiencing substance-use problems.,"Mm-hmm, yeah.",You bond other smokers.,AnnoMI-derived authentic counseling turn,substance-use counseling
1348,Provide a supportive motivational-interviewing counseling response for a person experiencing substance-use problems.,"So, I, you know, I wanna be as safe as possible in those terms and be in a setting where like we can let loose but still be safe like in someone's house or sort of my parents will tell me something. But-- So, I- like I know that there are dangers involved and I guess I wanna limit that.",Mm-hmm.,AnnoMI-derived authentic counseling turn,substance-use counseling
1349,Provide a supportive motivational-interviewing counseling response for a person experiencing substance-use problems.,"Okay, whatever. Okay.","Okay. Well, I think you really need to think about this seriously. Like I said, it's really putting yourself and your child in danger.",AnnoMI-derived authentic counseling turn,substance-use counseling
1350,Provide a supportive motivational-interviewing counseling response for a person experiencing substance-use problems.,I drink wine-,"Okay, great. It looks like, um, the way you filled out the alcohol form puts you into our, uh, third zone of drinking. Can you- can you tell me a little bit about your drinking habits, where you drink, what do you like to drink?",AnnoMI-derived authentic counseling turn,substance-use counseling
1351,Use motivational interviewing principles to respond to this substance-use concern.,I use drugs when I feel stressed and overwhelmed.,"You have noticed a connection between stress and drug use, which is useful information. What are some safer ways you have handled stress in the past, even if they only helped a little?",synthetic drug-recovery counseling augmentation,drug-use recovery counseling - stress trigger
1352,Provide a supportive motivational-interviewing counseling response for a person experiencing substance-use problems.,I tried it a couple of times.,"Okay, all right.",AnnoMI-derived authentic counseling turn,substance-use counseling
1353,Provide a supportive motivational-interviewing counseling response for a person experiencing substance-use problems.,"Well, I mean, I could at least try to going back to one drink a night instead of two.",Would you be interested in perhaps thinking about setting a goal with respect to your drinking?,AnnoMI-derived authentic counseling turn,substance-use counseling
1354,Provide a supportive motivational-interviewing counseling response for a person experiencing substance-use problems.,"Well, just I guess, at a party or something, someone's house.",Okay. And what sort of situations are you in?,AnnoMI-derived authentic counseling turn,substance-use counseling
1355,Provide a supportive motivational-interviewing counseling response for a person experiencing substance-use problems.,Mm-hmm.,"Yeah. Okay. So, setting this goal then of quitting drinking is gonna be really helpful for you. And um, it sounds like i-it shouldn't be that tough really, um, especially because you can just stop hanging out with-",AnnoMI-derived authentic counseling turn,substance-use counseling
1356,Provide a non-judgmental counseling response to a person struggling with drug use.,I have been using drugs again and I feel like I am losing control.,Thank you for being honest about that. It sounds like the drug use is feeling increasingly difficult to control. What would you most like to change about your situation right now? You do not have to figure everything out at once. We can focus on one manageable step.,synthetic drug-recovery counseling augmentation,drug-use recovery counseling - loss of control
1357,Provide a supportive motivational-interviewing counseling response for a person experiencing substance-use problems.,Right.,"And the social stigma, because you don't want your daughter to think of you like that, whatever that- that as a smoker, you know. You know there're people who make the assumption and it- it sounds like those are more important to you than the medical things, and who cares why it's important?",AnnoMI-derived authentic counseling turn,substance-use counseling
1358,Respond as a supportive addiction counselor using motivational interviewing.,I am worried about going back to my old environment after treatment.,"Returning to a familiar environment can bring strong reminders and triggers. What people, places, or routines might make recovery harder, and what support could you arrange before returning? You do not have to figure everything out at once. We can focus on one manageable step.",synthetic drug-recovery counseling augmentation,drug-use recovery counseling - aftercare
1359,Provide a supportive motivational-interviewing counseling response for a person experiencing substance-use problems.,-and just hang out and things.,Mm-hmm.,AnnoMI-derived authentic counseling turn,substance-use counseling
1360,Provide a supportive motivational-interviewing counseling response for a person experiencing substance-use problems.,"Well, some of these kids are just so much more sophisticated than me so I guess when I party with them, I feel like I'm fitting in. I don't know how else to explain it.","Uh, tell me besides helping you relax, what are some positives about pot?",AnnoMI-derived authentic counseling turn,substance-use counseling
1361,Provide a supportive motivational-interviewing counseling response for a person experiencing substance-use problems.,So it's nice to have like that kind of breather-,Mm-hmm.,AnnoMI-derived authentic counseling turn,substance-use counseling
1362,Provide a supportive motivational-interviewing counseling response for a person experiencing substance-use problems.,"I mean, I guess, like most people do when they go out they drink.",Okay.,AnnoMI-derived authentic counseling turn,substance-use counseling
1363,Provide a supportive motivational-interviewing counseling response for a person experiencing substance-use problems.,Oh really?,"-and what the safe limits are for women is 10 drinks for women a week with about two drinks, uh, per day.",AnnoMI-derived authentic counseling turn,substance-use counseling
1364,Provide a supportive motivational-interviewing counseling response for a person experiencing substance-use problems.,"It doesn't fit, you know. It's the opposite side of the coin. You know, I love to do it, but I don't think it's right.","-um, and on the other hand, I'm hearing you say that smoking is important in terms of stress relief, socializing, and it's something you can't imagine ever changing. How do those two things fit together?",AnnoMI-derived authentic counseling turn,substance-use counseling
1365,Provide a supportive motivational-interviewing counseling response for a person experiencing substance-use problems.,Okay. Thanks.,Thanks for coming in.,AnnoMI-derived authentic counseling turn,substance-use counseling
1366,Provide a supportive motivational-interviewing counseling response for a person experiencing substance-use problems.,What do I like about it?,"So, for about six months. I'm curious. What do you like about drinking alcohol?",AnnoMI-derived authentic counseling turn,substance-use counseling
1367,"Give a brief, empathetic counseling response focused on recovery and safety.",I have been using drugs again and I feel like I am losing control.,Thank you for being honest about that. It sounds like the drug use is feeling increasingly difficult to control. What would you most like to change about your situation right now? You do not have to figure everything out at once. We can focus on one manageable step.,synthetic drug-recovery counseling augmentation,drug-use recovery counseling - loss of control
1368,Act as a recovery-support counselor and encourage reflection and a realistic next step.,I am scared that my drug use is damaging my relationships.,"It sounds like your relationships are very important to you. How has your drug use affected the people you care about, and what change would you most like them to see? Your willingness to talk about this is already a meaningful step. We can work through it gradually.",synthetic drug-recovery counseling augmentation,drug-use recovery counseling - relationships
1369,Provide a supportive motivational-interviewing counseling response for a person experiencing substance-use problems.,"Yeah, yeah. Definitely.","Okay. So, it is something you have thought about or something.",AnnoMI-derived authentic counseling turn,substance-use counseling
1370,Provide a supportive motivational-interviewing counseling response for a person experiencing substance-use problems.,And-and thank you for listening me listening to me. It means a lot to me.,"Yeah. Chris, I really appreciate you talking with me about this. I know it seems like something that's been on your mind as it is and, you know, like I said I really care about you as a student and an athlete and want what's best for you. So I'm glad we were able to talk about this. It really seems like you have a good plan going forward, you know, really striving for not drinking alcohol at all and if you find yourself in a situation where there's alcohol, making sure to have that limit of one drink maximum. It sounds like something that will work for you.",AnnoMI-derived authentic counseling turn,substance-use counseling
1371,Provide a supportive motivational-interviewing counseling response for a person experiencing substance-use problems.,Right.,You were forced to-,AnnoMI-derived authentic counseling turn,substance-use counseling
1372,Provide a supportive motivational-interviewing counseling response for a person experiencing substance-use problems.,"And I've been, yeah, getting into this habit of going out every Friday and Saturday, now, uh, drinking a lot.",Okay.,AnnoMI-derived authentic counseling turn,substance-use counseling
1373,Provide a supportive motivational-interviewing counseling response for a person experiencing substance-use problems.,Okay.,"All right. So, you're very motivated to change your drinking and you have a plan to keep from drinking more than two drinks at parties and keep from having unprotected sex. I would like to share how it's working for you. What do you think about coming back in six weeks or so?",AnnoMI-derived authentic counseling turn,substance-use counseling
1374,Provide a supportive motivational-interviewing counseling response for a person experiencing substance-use problems.,Right.,Only snort it?,AnnoMI-derived authentic counseling turn,substance-use counseling
1375,Provide a supportive motivational-interviewing counseling response for a person experiencing substance-use problems.,"Um, I'm a six because I think if I drink less, I'll be more reliable with using birth control. I tend to not use it when I'm-- I drank too much and I don't really care too much.",Probably a six. Okay. So you're pretty confident that you can do it. And why are you a six and not a two or three?,AnnoMI-derived authentic counseling turn,substance-use counseling
1376,Provide a supportive motivational-interviewing counseling response for a person experiencing substance-use problems.,"Well, what you do-- What do you suggest?","Great, okay. So have you got a date in mind when you'd like to stop smoking?",AnnoMI-derived authentic counseling turn,substance-use counseling
1377,Provide a supportive motivational-interviewing counseling response for a person experiencing substance-use problems.,"Yeah. Um, I have a two-year-old son as I mentioned, so I try to never smoke around him. So I'm normally kinda waiting until he gets to bed.","Okay. So over the past year, the smoking has increased. And that's been mainly in the evening?",AnnoMI-derived authentic counseling turn,substance-use counseling
1378,Provide a supportive motivational-interviewing counseling response for a person experiencing substance-use problems.,"Uh, I don't know. Maybe if I got sick or something, uh, maybe I'd wanna change things then.","Well, how about hypothetically if I were to ask you, how would your drinking have to impact your life in order for you to be ready to change your drinking?",AnnoMI-derived authentic counseling turn,substance-use counseling
1379,Provide a supportive motivational-interviewing counseling response for a person experiencing substance-use problems.,Mm-hmm.,"Okay. Well, I've got a brochure here and this has-- it's a really good brochure. It has some distraction techniques in it in case you get those nicotine cravings. So it's-",AnnoMI-derived authentic counseling turn,substance-use counseling
1380,Provide a supportive motivational-interviewing counseling response for a person experiencing substance-use problems.,Yeah.,"Oh, wow. Okay, that's exciting.",AnnoMI-derived authentic counseling turn,substance-use counseling
1381,Provide a supportive motivational-interviewing counseling response for a person experiencing substance-use problems.,"Well, it's normal.",-really a rough night.,AnnoMI-derived authentic counseling turn,substance-use counseling
1382,Provide a supportive motivational-interviewing counseling response for a person experiencing substance-use problems.,"Yeah. I mean, I- I, um, I've always liked therapy itself, and I- I've heard, I don't know if it's accurate, but if you have the willingness that is you're ease- more easily hypnotized, I don't know is it true?","Yeah, okay.",AnnoMI-derived authentic counseling turn,substance-use counseling
1383,Provide a supportive motivational-interviewing counseling response for a person experiencing substance-use problems.,"Um, so that's a little- a little bit, uh, concerning I guess to me.",Okay.,AnnoMI-derived authentic counseling turn,substance-use counseling
1384,Provide a supportive motivational-interviewing counseling response for a person experiencing substance-use problems.,I'd probably a 6.,"Okay. So on a scale of 0 to 10, 0 being not ready at all to do that and 10 being very ready, where would you lie on that scale?",AnnoMI-derived authentic counseling turn,substance-use counseling
1385,Use motivational interviewing principles to respond to this substance-use concern.,"My friends use drugs, and it makes staying sober difficult.","That environment can make recovery harder. Which people or places feel safer for you, and how might you create more distance from situations that increase the urge to use? If you are comfortable, we can explore what matters most to you and identify a practical next step.",synthetic drug-recovery counseling augmentation,drug-use recovery counseling - social environment
1386,Provide a supportive motivational-interviewing counseling response for a person experiencing substance-use problems.,Probably like an 8 or 9.,O-on a scale of 1 to 10 where one is not at all 10 is completely what number would you give.,AnnoMI-derived authentic counseling turn,substance-use counseling
1387,Provide a supportive motivational-interviewing counseling response for a person experiencing substance-use problems.,"I know- I know all the ways it's bad for me. And I don't want him to grow up thinking that it's okay to smoke. I don't want him to-to use any kind of-- I don't want him to chew or anything like that. Um, so I know I need to, especially before he gets old enough to understand what mommy's doing, but I just don't know if I can do it.","Well, what made you say five rather than two or three?",AnnoMI-derived authentic counseling turn,substance-use counseling
1388,Provide a supportive motivational-interviewing counseling response for a person experiencing substance-use problems.,"Sounds good to me. The more nicotine, the better. Is it like gum or something? Could I chew it like while I'm in the office? That sounds pretty great. I mean, do you have—","Okay. Well, we actually consider 20 cigarettes a day to be a significant amount, and in fact, I would then recommend to you that you would start on the highest dose of nicotine replacement.",AnnoMI-derived authentic counseling turn,substance-use counseling
1389,Provide a supportive motivational-interviewing counseling response for a person experiencing substance-use problems.,"Yeah, yeah.","Is this- is this with, uh, with the drug?",AnnoMI-derived authentic counseling turn,substance-use counseling
1390,Provide a supportive motivational-interviewing counseling response for a person experiencing substance-use problems.,Mm-hmm.,And now a total stranger will give you a cigarette-,AnnoMI-derived authentic counseling turn,substance-use counseling
1391,Provide a supportive motivational-interviewing counseling response for a person experiencing substance-use problems.,"Maybe like da-- during the day nicotine replacement. Is that-- I mean, do you have anything like that?","So you want nicotine replacement, but you don't wanna quit smoking?",AnnoMI-derived authentic counseling turn,substance-use counseling
1392,Provide a supportive motivational-interviewing counseling response for a person experiencing substance-use problems.,"Yeah, yeah. I'm only here because my wife forced me to come, you know. Like this has come to a head six months of just nagging me, relentless every day, because she was able to quit smoking and now I have to quit.","You've taken time off you, it's costing you time and money being here.",AnnoMI-derived authentic counseling turn,substance-use counseling
1393,Provide a non-judgmental counseling response to a person struggling with drug use.,I am scared that my drug use is damaging my relationships.,"It sounds like your relationships are very important to you. How has your drug use affected the people you care about, and what change would you most like them to see? Your willingness to talk about this is already a meaningful step. We can work through it gradually.",synthetic drug-recovery counseling augmentation,drug-use recovery counseling - relationships
1394,"Give a brief, empathetic counseling response focused on recovery and safety.",I am scared that my drug use is damaging my relationships.,"It sounds like your relationships are very important to you. How has your drug use affected the people you care about, and what change would you most like them to see? If you are comfortable, we can explore what matters most to you and identify a practical next step.",synthetic drug-recovery counseling augmentation,drug-use recovery counseling - relationships
1395,Provide a supportive motivational-interviewing counseling response for a person experiencing substance-use problems.,Yeah.,"Oh, did you?",AnnoMI-derived authentic counseling turn,substance-use counseling
1396,Act as a recovery-support counselor and encourage reflection and a realistic next step.,"My family keeps telling me to get help, but I do not know where to start.","Reaching out can be a strong first step. Would you be open to talking with a qualified addiction counselor or healthcare professional about support options that fit your situation? If you are comfortable, we can explore what matters most to you and identify a practical next step.",synthetic drug-recovery counseling augmentation,drug-use recovery counseling - professional help
1397,Provide a supportive motivational-interviewing counseling response for a person experiencing substance-use problems.,That mean I can only drink two or three times a week.,Okay. Okay.,AnnoMI-derived authentic counseling turn,substance-use counseling
1398,Provide a supportive motivational-interviewing counseling response for a person experiencing substance-use problems.,Yep.,It's what I'm hearing you saying bring-- be a little bit more in control of what's-what's going on for me.,AnnoMI-derived authentic counseling turn,substance-use counseling
1399,Provide a supportive motivational-interviewing counseling response for a person experiencing substance-use problems.,"I don't know. It's what we do. It's-- this is how we have fun, I guess. It is fun.","-amongst the people you typically drink with. But these limits are-- they're actually recommended for all adults. And studies have shown that when you drink more than this, it creates a bunch of problems like we talked about. So, you know, why do you think you drink the amount you drink?",AnnoMI-derived authentic counseling turn,substance-use counseling
1400,Provide a supportive motivational-interviewing counseling response for a person experiencing substance-use problems.,"-so, I can't really say that I like that feeling or not, but, it's just like-- I mean, you're just in a good mood.",Uh-huh.,AnnoMI-derived authentic counseling turn,substance-use counseling
1401,Provide a supportive motivational-interviewing counseling response for a person experiencing substance-use problems.,Like right now?,"-to quit drinking. Um, I'm just wondering, have you, um, would you be open maybe to just kind of taking a look at what Canada's guidelines say about drinking? Um, is that something you'd be open to?",AnnoMI-derived authentic counseling turn,substance-use counseling
1402,Provide a supportive motivational-interviewing counseling response for a person experiencing substance-use problems.,No.,You don't want that.,AnnoMI-derived authentic counseling turn,substance-use counseling
1403,Provide a supportive motivational-interviewing counseling response for a person experiencing substance-use problems.,Yeah.,"Thanks. I want you to know that whenever patients and I talk about alcohol and drugs, my role is to share information and learn from what they want to do, if anything. Does that make sense?",AnnoMI-derived authentic counseling turn,substance-use counseling
1404,Provide a supportive motivational-interviewing counseling response for a person experiencing substance-use problems.,"Well, I do just snort it but you don't know what it's cut with, you know, there could be something, you know. It could be really bad, um, if it was cut with something dangerous or something. I mean, I-I worry about that sometimes.",Are there any other concerns that you have about Methamphetamine?,AnnoMI-derived authentic counseling turn,substance-use counseling
1405,Provide a supportive motivational-interviewing counseling response for a person experiencing substance-use problems.,Nope.,"Mm-hmm, kind of feels like, you know, you were making some really good decisions about your baby. You've done research and you wanna be able to bring your baby up well and take care of your baby. And I-I can see that that's really important to you. I hear you saying that and it kind of feels like this information isn't kind of what you were expecting to hear.",AnnoMI-derived authentic counseling turn,substance-use counseling
1406,Act as a recovery-support counselor and encourage reflection and a realistic next step.,I want to rebuild trust with my family after my drug use.,"Rebuilding trust can take time, and your wish to repair those relationships is meaningful. What is one consistent action you could take that would show your family you are working toward recovery? If you are comfortable, we can explore what matters most to you and identify a practical next step.",synthetic drug-recovery counseling augmentation,drug-use recovery counseling - family trust
1407,Provide a supportive motivational-interviewing counseling response for a person experiencing substance-use problems.,"I don't smoke. I smoked, you know, as a young adult, quit 20 years ago. I went cold turkey. I was proud of that, haven't even thought about smoking.","Okay, do you smoke at all?",AnnoMI-derived authentic counseling turn,substance-use counseling
1408,Provide a supportive motivational-interviewing counseling response for a person experiencing substance-use problems.,I really don't want any STDs.,Anything else?,AnnoMI-derived authentic counseling turn,substance-use counseling
1409,Provide a supportive motivational-interviewing counseling response for a person experiencing substance-use problems.,"Oh, they didn't realize-- They didn't look at the calendar.","No. Or- or some of them didn't have an exact date, but m-more importantly, was they-they just didn't know that was the day.",AnnoMI-derived authentic counseling turn,substance-use counseling
1410,Provide a supportive motivational-interviewing counseling response for a person experiencing substance-use problems.,"-make it look like I am, kind of.",Mm-hmm.,AnnoMI-derived authentic counseling turn,substance-use counseling
1411,Provide a supportive motivational-interviewing counseling response for a person experiencing substance-use problems.,Okay.,"So let me make sure that I understand all of the good things about smoking, the things that you like about it, and let me know if I've missed anything or left anything out.",AnnoMI-derived authentic counseling turn,substance-use counseling
1412,Provide a supportive motivational-interviewing counseling response for a person experiencing substance-use problems.,"I don't use heroin or cocaine. I've never even thought about using the hard drugs. Back in school, 20 years or so ago, I smoked reefer, you know. Once I got out of school, I haven't used that at all.","Okay. And how about the use of other drugs like cocaine, heroin, marijuana?",AnnoMI-derived authentic counseling turn,substance-use counseling
1413,Provide a supportive motivational-interviewing counseling response for a person experiencing substance-use problems.,"There's, yeah, there's part of me that still wants to live that out because I'm not going to have another chance, like once this kid comes, it's-it's going to be over. I know I'm gonna- I know I'm going to have to change.","Okay. So, this party-time world's- are you feeling like this is something you want to move out of and move into that mom world? Or does it feel like I want to hang out there still too?",AnnoMI-derived authentic counseling turn,substance-use counseling
1414,Provide a supportive motivational-interviewing counseling response for a person experiencing substance-use problems.,"Okay, okay.","I'd love to, uh, set up an appointment for you if you can come in later this week or early next week to-",AnnoMI-derived authentic counseling turn,substance-use counseling
1415,Provide a supportive motivational-interviewing counseling response for a person experiencing substance-use problems.,"Well, saxophone. I started about four years ago, but I've been involved in music for about 10 years now, so.",Okay. How long ago did you start playing saxophone?,AnnoMI-derived authentic counseling turn,substance-use counseling
1416,Provide a supportive motivational-interviewing counseling response for a person experiencing substance-use problems.,Yeah.,"Hi, are you Katie?",AnnoMI-derived authentic counseling turn,substance-use counseling
1417,Provide a supportive motivational-interviewing counseling response for a person experiencing substance-use problems.,"Yeah, definitely.",To-to-to speak to-to potential partners?,AnnoMI-derived authentic counseling turn,substance-use counseling
1418,Provide a supportive motivational-interviewing counseling response for a person experiencing substance-use problems.,"I still crave smoking, even though I've stopped.",It's something that's always on your mind.,AnnoMI-derived authentic counseling turn,substance-use counseling
1419,Provide a supportive motivational-interviewing counseling response for a person experiencing substance-use problems.,Yeah.,"-being part of a gay culture here in Auckland, is feeling good-",AnnoMI-derived authentic counseling turn,substance-use counseling
1420,Provide a supportive motivational-interviewing counseling response for a person experiencing substance-use problems.,Nope. I never have been.,So you know yourself best and you wanna be sort of the boss of your body and you don't want somebody else telling you what- what's okay and what's not okay. And it seems like you're not maybe too concerned right now about your substance use.,AnnoMI-derived authentic counseling turn,substance-use counseling
1421,Respond as a supportive addiction counselor using motivational interviewing.,"My family keeps telling me to get help, but I do not know where to start.",Reaching out can be a strong first step. Would you be open to talking with a qualified addiction counselor or healthcare professional about support options that fit your situation? You do not have to figure everything out at once. We can focus on one manageable step.,synthetic drug-recovery counseling augmentation,drug-use recovery counseling - professional help
1422,Provide a non-judgmental counseling response to a person struggling with drug use.,I have been using drugs again and I feel like I am losing control.,Thank you for being honest about that. It sounds like the drug use is feeling increasingly difficult to control. What would you most like to change about your situation right now? There is no need to judge yourself while we explore what happened. Understanding the pattern can help you make a different choice.,synthetic drug-recovery counseling augmentation,drug-use recovery counseling - loss of control
1423,Respond as a supportive addiction counselor using motivational interviewing.,I do not think my drug use is as serious as my family thinks.,"It sounds like you and your family see the situation differently. Rather than judging you, I would like to understand your view. What concerns, if any, do you have about your drug use? There is no need to judge yourself while we explore what happened. Understanding the pattern can help you make a different choice.",synthetic drug-recovery counseling augmentation,drug-use recovery counseling - readiness
1424,Provide a supportive motivational-interviewing counseling response for a person experiencing substance-use problems.,"Syringes? Uh, sometimes I'll buy them at Walgreens. Most times I'll just get them from the needle exchange.",A couple of times a week. And where do you get your syringes?,AnnoMI-derived authentic counseling turn,substance-use counseling
1425,Provide a supportive motivational-interviewing counseling response for a person experiencing substance-use problems.,"Yeah. Yeah, but I think you're right about, just something to look forward to, because it's that midweek slump, you know. So far away till people will be in their place where they can-",-as an alternative.,AnnoMI-derived authentic counseling turn,substance-use counseling
1426,Provide a supportive motivational-interviewing counseling response for a person experiencing substance-use problems.,You got rid of that bad-,Yeah.,AnnoMI-derived authentic counseling turn,substance-use counseling
1427,Provide a supportive motivational-interviewing counseling response for a person experiencing substance-use problems.,"Pretty much, yeah.","So, mainly, just kinda hanging out with friends.",AnnoMI-derived authentic counseling turn,substance-use counseling
1428,Use motivational interviewing principles to respond to this substance-use concern.,"I can stay away from drugs for a while, then the cravings become strong.","You have already shown that you can stay away for periods of time. What usually happens just before a craving becomes strongest, and what has helped you get through a craving safely?",synthetic drug-recovery counseling augmentation,drug-use recovery counseling - cravings
1429,Provide a supportive motivational-interviewing counseling response for a person experiencing substance-use problems.,-it ties in with the whole belonging thing.,Got it.,AnnoMI-derived authentic counseling turn,substance-use counseling
1430,Provide a supportive motivational-interviewing counseling response for a person experiencing substance-use problems.,"Yeah. I mean, you know-",You're not sure if he's sort of playing things up a little bit there?,AnnoMI-derived authentic counseling turn,substance-use counseling
1431,Provide a supportive motivational-interviewing counseling response for a person experiencing substance-use problems.,"Well, it's relaxing and it's just nice to be with people, um. Um, and you know, when, you know, I like to go to Las Vegas, and so when we go to Vegas, it's really fun to go to the cigar bars, is kind of sophisticated and fun and so, you know, it's mostly a social thing.","So aside from that social aspect, what are the things you like about it?",AnnoMI-derived authentic counseling turn,substance-use counseling
1432,Provide a supportive motivational-interviewing counseling response for a person experiencing substance-use problems.,"Well, I-I'm just kinda surprised because, I mean, I don't smoke or drink that much. And I mean, compared to people I work with, you know, I-I smoke a lot less, and I feel like I've actually been trying to keep it pretty low.","-interested in what your thoughts are, Sarah.",AnnoMI-derived authentic counseling turn,substance-use counseling
1433,Provide a non-judgmental counseling response to a person struggling with drug use.,I am worried that I will never be able to stay in recovery.,"It sounds like you are worried about your ability to maintain recovery. What is one time when you managed a difficult situation without using, and what helped you then? Your willingness to talk about this is already a meaningful step. We can work through it gradually.",synthetic drug-recovery counseling augmentation,drug-use recovery counseling - confidence
1434,Provide a supportive motivational-interviewing counseling response for a person experiencing substance-use problems.,"Mm, mom got mad at me 'cause I wouldn't get out of bed and she said she knew I had a hangover.",Mm-hmm.,AnnoMI-derived authentic counseling turn,substance-use counseling
1435,Provide a supportive motivational-interviewing counseling response for a person experiencing substance-use problems.,So.,Mm-hmm.,AnnoMI-derived authentic counseling turn,substance-use counseling
1436,Respond as a supportive addiction counselor using motivational interviewing.,"I am trying to change, but I do not know what triggers my drug use.","We can explore that together without judgment. Think about the moments before you usually use: where are you, who are you with, and what emotions or thoughts are present?",synthetic drug-recovery counseling augmentation,drug-use recovery counseling - trigger identification
1437,"Respond as a safe, supportive substance-use counselor. Prioritize immediate safety when there is overdose or self-harm risk.",I think I took too much of a drug and I feel very unwell.,"If you may have taken an overdose or are seriously unwell, please seek emergency medical help immediately and stay with someone you trust. Your immediate safety is the priority.",synthetic safety counseling augmentation,drug-use safety
1438,Provide a supportive motivational-interviewing counseling response for a person experiencing substance-use problems.,Okay.,"-the rise in your blood pressure is concerning to me, so I'd like to gather a bit more information about your lifestyle.",AnnoMI-derived authentic counseling turn,substance-use counseling
1439,Provide a supportive motivational-interviewing counseling response for a person experiencing substance-use problems.,"As they are there for me, you know.",Okay.,AnnoMI-derived authentic counseling turn,substance-use counseling
1440,Provide a supportive motivational-interviewing counseling response for a person experiencing substance-use problems.,I have five or six beers when I go out with friends to a bar. It's not a problem for me.,So a limit of four a night doesn't feel right to you?,AnnoMI-derived authentic counseling turn,substance-use counseling
1441,"Give a brief, empathetic counseling response focused on recovery and safety.",I feel ashamed because I promised myself I would stop.,"It sounds like you are carrying a lot of shame. You deserve support rather than judgment. What would be one compassionate and realistic step you could take toward recovery today? If you are comfortable, we can explore what matters most to you and identify a practical next step.",synthetic drug-recovery counseling augmentation,drug-use recovery counseling - shame
1442,Act as a recovery-support counselor and encourage reflection and a realistic next step.,"My family keeps telling me to get help, but I do not know where to start.",Reaching out can be a strong first step. Would you be open to talking with a qualified addiction counselor or healthcare professional about support options that fit your situation? Your willingness to talk about this is already a meaningful step. We can work through it gradually.,synthetic drug-recovery counseling augmentation,drug-use recovery counseling - professional help
1443,Provide a supportive motivational-interviewing counseling response for a person experiencing substance-use problems.,"Like, I wanna- I wanna be responsible for this thing.","And you wanna be, um, take care of your baby as the baby's growing.",AnnoMI-derived authentic counseling turn,substance-use counseling
1444,Provide a supportive motivational-interviewing counseling response for a person experiencing substance-use problems.,"Um, not really. Maybe one or two drinks at a party at the most.","Okay. Great. Sounds like you have, like I said, really good goals and you're working hard in school. Um, you said that when you're going out with your friends, you like to hang out and shop and stuff like that and also go to parties, so do you drink alcohol?",AnnoMI-derived authentic counseling turn,substance-use counseling
1445,Provide a supportive motivational-interviewing counseling response for a person experiencing substance-use problems.,I can't think of anything right now.,"So what would it take for quitting or changing your smoking to be something that was more important, that raised it up in the list of priorities for you?",AnnoMI-derived authentic counseling turn,substance-use counseling
1446,"Give a brief, empathetic counseling response focused on recovery and safety.",I want to recover but I am afraid of what life will be like without drugs.,"That fear makes sense because recovery can involve major changes. What parts of life without drugs worry you most, and what kind of support might make those changes feel safer? You do not have to figure everything out at once. We can focus on one manageable step.",synthetic drug-recovery counseling augmentation,drug-use recovery counseling - fear of recovery
1447,Provide a supportive motivational-interviewing counseling response for a person experiencing substance-use problems.,Sure.,Thanks for filling it out. We give this form to everyone once a year regardless of why they come in. It helps us provide better care. Is it okay if I take a look at what you put down?,AnnoMI-derived authentic counseling turn,substance-use counseling
1448,Provide a supportive motivational-interviewing counseling response for a person experiencing substance-use problems.,Yeah.,Okay. So we're talking about spending £50 a week-,AnnoMI-derived authentic counseling turn,substance-use counseling
1449,Provide a supportive motivational-interviewing counseling response for a person experiencing substance-use problems.,Yeah.,"Right. And then with the respect, one of the things you mentioned, is really wanting to respect yourself and not sort of cross boundaries, not sort of cross lines.",AnnoMI-derived authentic counseling turn,substance-use counseling
1450,Provide a supportive motivational-interviewing counseling response for a person experiencing substance-use problems.,Yeah.,Okay. So you're sort of looking for that balance-,AnnoMI-derived authentic counseling turn,substance-use counseling
1451,Provide a supportive motivational-interviewing counseling response for a person experiencing substance-use problems.,"Okay, oh, actually, could I confide something in you that has been bothering me lately. Well, prior to that party, like, as you know, I'm a honor student and my parents, like, they keep me very, like k-kept down out of the, like so- like social life.","So, Chris, I wanted to talk to you. Um, you know, you're one of our star athletes. I really value you as a team player. As Athletic Director, one of my jobs is to, kind of, keep tabs on the players and make sure everybody is performing at their best. And something came up this weekend. I've been hearing some chatter about a big party that went down and understand you were there. And so I wanted to talk to you a little bit about how partying and alcohol fits in your life right now.",AnnoMI-derived authentic counseling turn,substance-use counseling
1452,Provide a supportive motivational-interviewing counseling response for a person experiencing substance-use problems.,"Yeah, I've got to read this. That's my reading assignment for breakfast and I want to go out and have-- We used to go out and have a cigarette together at the table. Now I have to go outside in this weather, you know, what's that about? And she used to smoke more than me and now she's like holier than now?","Wow, that she's been showing you and making you read.",AnnoMI-derived authentic counseling turn,substance-use counseling
1453,Provide a supportive motivational-interviewing counseling response for a person experiencing substance-use problems.,It was a waste and it caused more side effects,Mm-hmm. Yeah.,AnnoMI-derived authentic counseling turn,substance-use counseling
1454,Provide a supportive motivational-interviewing counseling response for a person experiencing substance-use problems.,Yeah.,"Okay. I see on the questionnaire that you have not ridden in a car with someone who's been drinking and you haven't driven a car, um, after you've been drinking. Is that correct?",AnnoMI-derived authentic counseling turn,substance-use counseling
1455,Respond as a supportive addiction counselor using motivational interviewing.,"I can stay away from drugs for a while, then the cravings become strong.","You have already shown that you can stay away for periods of time. What usually happens just before a craving becomes strongest, and what has helped you get through a craving safely? You do not have to figure everything out at once. We can focus on one manageable step.",synthetic drug-recovery counseling augmentation,drug-use recovery counseling - cravings
1456,Provide a supportive motivational-interviewing counseling response for a person experiencing substance-use problems.,Yeah [laughs].,Just kind of everyday sort of stuff?,AnnoMI-derived authentic counseling turn,substance-use counseling
1457,Provide a supportive motivational-interviewing counseling response for a person experiencing substance-use problems.,"Uh, you know, I get loaded and I-I can- I can function. I can go to work and, you know, do normal things, you know. Uh, I mean, there's been maybe just a couple of times where I wasn't feeling all that well, and I, uh, I was late a couple of times to work or it might overslept from the night before or whatever, but it's about it. Uh, I just want to avoid getting sick right now. That's my main priority.",Okay. How else does injecting heroin impact your life?,AnnoMI-derived authentic counseling turn,substance-use counseling
1458,Provide a supportive motivational-interviewing counseling response for a person experiencing substance-use problems.,"I don't know. When you put it that way, it doesn't sound like a very good habit.","Katie, it sounds like smoking pot is helping you somewhat in helping you relax and it's also causing you a lot of stress because you're trying to use it to fit in and that's not helping, you're worried about getting caught, you're worried about family disapproval. Having said all that, what do you think you wanna do about your pot use?",AnnoMI-derived authentic counseling turn,substance-use counseling
1459,Use motivational interviewing principles to respond to this substance-use concern.,I feel ashamed because I promised myself I would stop.,It sounds like you are carrying a lot of shame. You deserve support rather than judgment. What would be one compassionate and realistic step you could take toward recovery today? Your willingness to talk about this is already a meaningful step. We can work through it gradually.,synthetic drug-recovery counseling augmentation,drug-use recovery counseling - shame
1460,Provide a non-judgmental counseling response to a person struggling with drug use.,I use drugs when I feel stressed and overwhelmed.,"You have noticed a connection between stress and drug use, which is useful information. What are some safer ways you have handled stress in the past, even if they only helped a little? Your willingness to talk about this is already a meaningful step. We can work through it gradually.",synthetic drug-recovery counseling augmentation,drug-use recovery counseling - stress trigger
1461,Act as a recovery-support counselor and encourage reflection and a realistic next step.,I am worried about going back to my old environment after treatment.,"Returning to a familiar environment can bring strong reminders and triggers. What people, places, or routines might make recovery harder, and what support could you arrange before returning? Your willingness to talk about this is already a meaningful step. We can work through it gradually.",synthetic drug-recovery counseling augmentation,drug-use recovery counseling - aftercare
1462,Provide a supportive motivational-interviewing counseling response for a person experiencing substance-use problems.,Not gonna worked for me.,It sounds like almost you've tried a lot of things that are out there and it's not something that you're—,AnnoMI-derived authentic counseling turn,substance-use counseling
1463,Provide a supportive motivational-interviewing counseling response for a person experiencing substance-use problems.,"-and a cigarette, um, for me takes five minutes to smoke.",Mm.,AnnoMI-derived authentic counseling turn,substance-use counseling
1464,Provide a supportive motivational-interviewing counseling response for a person experiencing substance-use problems.,"Uh, just I'm sick of my drinking. I'm drinking too much. Um, I just thought, uh, maybe I need someone to talk to, get some help about it.","Hello, nice to meet you again. And, uh, and what seems to be the-the problem or what-what prompted you to come along?",AnnoMI-derived authentic counseling turn,substance-use counseling
1465,Provide a supportive motivational-interviewing counseling response for a person experiencing substance-use problems.,"I didn't really think that it was anything more than just like social drinking, just something that I do in a social setting when me and my friends go out to the bars.",What do you mean?,AnnoMI-derived authentic counseling turn,substance-use counseling
1466,Provide a supportive motivational-interviewing counseling response for a person experiencing substance-use problems.,"Well, I guess I'll try.","Okay, excellent. Well, it sounds to me like the increase in your drinking could certainly be contributing to your high blood pressure. I think decreasing the number of drinks that you have when you go out and maybe decreasing the number of times that you go to the bar each week could be the best thing that you can do for your health.",AnnoMI-derived authentic counseling turn,substance-use counseling
1467,Provide a supportive motivational-interviewing counseling response for a person experiencing substance-use problems.,Okay.,"Great. So you've come up with some reasons to stop drinking, like having hangovers and throwing up and getting into trouble. And you've developed some strategies to-to try to not drink, like spending more time with friends who don't drink or having non-alcoholic drinks when people around you are drinking alcohol. I think that's a great plan. I'm really proud of you for giving this a try. How about if I have you make an appointment for two months from now and then I'll see you back and we can see how things are going?",AnnoMI-derived authentic counseling turn,substance-use counseling
1468,Provide a supportive motivational-interviewing counseling response for a person experiencing substance-use problems.,I've been doing that and just drinking more and more I guess.,Okay.,AnnoMI-derived authentic counseling turn,substance-use counseling
1469,Provide a supportive motivational-interviewing counseling response for a person experiencing substance-use problems.,"Yeah, yeah.","Yes. Yeah, yeah. So I think that- I think, I'm just a really big advocate of w-whatever is gonna enhance the quality and the length of your life. And if somebody becomes addicted to nicotine go- gum, God bless them. They're still gonna live longer, you know what I mean?",AnnoMI-derived authentic counseling turn,substance-use counseling
1470,Provide a supportive motivational-interviewing counseling response for a person experiencing substance-use problems.,"Yeah, and yeah, I guess it was just like, I thought that everybody was, like, doing it, you know-","Yeah, this information has opened your eyes in some ways and as you talked to your roommate about it, she was even shocked to know that you were drinking as much as you- as you realized when you did the questionnaire.",AnnoMI-derived authentic counseling turn,substance-use counseling
1471,Provide a supportive motivational-interviewing counseling response for a person experiencing substance-use problems.,"Uh, uh I would say a little over that.",Where do you- where do you feel you fall into that?,AnnoMI-derived authentic counseling turn,substance-use counseling
1472,Provide a supportive motivational-interviewing counseling response for a person experiencing substance-use problems.,"Yes. A hundred percent, one of the most important things.",Definitely most important.,AnnoMI-derived authentic counseling turn,substance-use counseling
1473,Provide a supportive motivational-interviewing counseling response for a person experiencing substance-use problems.,"I-I understand but it's I think that would be a hard thing for me to do. You know, I mean, I know I should but, I mean, that's like my whole social life. You know, I mean, all my friends go to these clubs. That's where- that's where I see them. You know, that's my sex life basically and, uh, meth is just- it's just a part of it. You know, I mean, everyone is doing it there. You know, so it's while I would like to stop it's-it's kind of hard to think about doing that right away.","Yeah, you know, I'm concerned bout it too and I'd actually recommend that you stop using Methamphetamine altogether. And, um, there-there are a lot of reasons for this but that's-that's would be my recommendation.",AnnoMI-derived authentic counseling turn,substance-use counseling
1474,Use motivational interviewing principles to respond to this substance-use concern.,I want to rebuild trust with my family after my drug use.,"Rebuilding trust can take time, and your wish to repair those relationships is meaningful. What is one consistent action you could take that would show your family you are working toward recovery?",synthetic drug-recovery counseling augmentation,drug-use recovery counseling - family trust
1475,Provide a supportive motivational-interviewing counseling response for a person experiencing substance-use problems.,"-If I lose my job, it's 'cause I failed the UA, so—",Mm-hmm.,AnnoMI-derived authentic counseling turn,substance-use counseling
1476,Provide a supportive motivational-interviewing counseling response for a person experiencing substance-use problems.,Yeah.,Yeah. Wanting to be part of a group-,AnnoMI-derived authentic counseling turn,substance-use counseling
1477,Provide a supportive motivational-interviewing counseling response for a person experiencing substance-use problems.,"I have no-- We're going in different-different directions now. He doesn't have the same kind of responsibilities I have and stuff, and so-- And I can't expect him to change his whole life around, just because I wanna change mine.",Yeah.,AnnoMI-derived authentic counseling turn,substance-use counseling
1478,Provide a supportive motivational-interviewing counseling response for a person experiencing substance-use problems.,-and that didn't end well.,Mm-hmm.,AnnoMI-derived authentic counseling turn,substance-use counseling
1479,Provide a supportive motivational-interviewing counseling response for a person experiencing substance-use problems.,"Oh, really?","You know, and, um, that's actually, yeah, that's a-- I think it does become very paired with lots of different things. And, um, you might already know this, and so let me know if you do, um, because of the way cigarettes you're describing it and accurately is-- it is really what we call an almost perfect drug in a lot of ways. And-",AnnoMI-derived authentic counseling turn,substance-use counseling
1480,Use motivational interviewing principles to respond to this substance-use concern.,"I want to stop using drugs, but I keep going back to them.","It sounds like you genuinely want to stop, while something keeps pulling you back. What do you think makes stopping especially difficult for you? If you are comfortable, we can explore what matters most to you and identify a practical next step.",synthetic drug-recovery counseling augmentation,drug-use recovery counseling - ambivalence
1481,Provide a supportive motivational-interviewing counseling response for a person experiencing substance-use problems.,"I mean, it's just one-- I'm just one person against the voice of the mob.","You're a star player, who's going to pick on you?",AnnoMI-derived authentic counseling turn,substance-use counseling
1482,Act as a recovery-support counselor and encourage reflection and a realistic next step.,"I want to stop using drugs, but I keep going back to them.","It sounds like you genuinely want to stop, while something keeps pulling you back. What do you think makes stopping especially difficult for you? You do not have to figure everything out at once. We can focus on one manageable step.",synthetic drug-recovery counseling augmentation,drug-use recovery counseling - ambivalence
1483,Use motivational interviewing principles to respond to this substance-use concern.,I had a difficult day and immediately thought about using.,"It sounds like a difficult day quickly triggered the urge to use. What happened today, and what might help you respond differently if a similar situation happens again?",synthetic drug-recovery counseling augmentation,drug-use recovery counseling - trigger awareness
1484,Provide a supportive motivational-interviewing counseling response for a person experiencing substance-use problems.,Mm. Yeah. I-I-I do see that maybe me drinking not as much would possibly better my life to-to a certain degree. And I-- it does make a lot of sense. And I-I guess I can put more effort into sort of lowering the level of drinking that—,"Well, there's a lot of things that seem fun in the moment that we know aren't a good choice, right? That's some of the things we talk about all the time is making good choices for our life and-and really doing what's best for you. And I just, you know, I really think you should think about making a big change here.",AnnoMI-derived authentic counseling turn,substance-use counseling
1485,Provide a supportive motivational-interviewing counseling response for a person experiencing substance-use problems.,"I mean, I know if-if I lose my job, she leaving me. She's been getting after me about smoking weed for a long time, so—",Mm-hmm.,AnnoMI-derived authentic counseling turn,substance-use counseling
1486,"Give a brief, empathetic counseling response focused on recovery and safety.",I do not think my drug use is as serious as my family thinks.,"It sounds like you and your family see the situation differently. Rather than judging you, I would like to understand your view. What concerns, if any, do you have about your drug use? There is no need to judge yourself while we explore what happened. Understanding the pattern can help you make a different choice.",synthetic drug-recovery counseling augmentation,drug-use recovery counseling - readiness
1487,Provide a supportive motivational-interviewing counseling response for a person experiencing substance-use problems.,Thank you.,"Okay, here you go.",AnnoMI-derived authentic counseling turn,substance-use counseling
1488,Provide a supportive motivational-interviewing counseling response for a person experiencing substance-use problems.,Yes. What-what kind of health problems?,"Yeah, you're surprised to hear that?",AnnoMI-derived authentic counseling turn,substance-use counseling
1489,Provide a supportive motivational-interviewing counseling response for a person experiencing substance-use problems.,No.,You don't wanna let your baby down.,AnnoMI-derived authentic counseling turn,substance-use counseling
1490,Provide a supportive motivational-interviewing counseling response for a person experiencing substance-use problems.,"Well, I plan to apply to college and maybe, you know, have a good career and something like that, hopefully.","Oh, cool. What are your plans for after high school?",AnnoMI-derived authentic counseling turn,substance-use counseling
1491,Provide a supportive motivational-interviewing counseling response for a person experiencing substance-use problems.,Yeah.,-had some consequences-,AnnoMI-derived authentic counseling turn,substance-use counseling
1492,Provide a supportive motivational-interviewing counseling response for a person experiencing substance-use problems.,"Yeah. Yeah, 'cause, you know, I don't know. You know, you see on movies when people sort of intervene or say, ""You know, you need to go and get help."" And then-- I don't know. Like you know those characters and, they-they do need help, you know-",You were surprised?,AnnoMI-derived authentic counseling turn,substance-use counseling
1493,Provide a supportive motivational-interviewing counseling response for a person experiencing substance-use problems.,-discoloration that was there.,Yeah.,AnnoMI-derived authentic counseling turn,substance-use counseling
1494,Provide a supportive motivational-interviewing counseling response for a person experiencing substance-use problems.,Yeah. Yeah I do. Yeah.,"Okay, okay, so, uh, sounds like you really want to stop drinking, particularly during the weekdays?",AnnoMI-derived authentic counseling turn,substance-use counseling
1495,Provide a supportive motivational-interviewing counseling response for a person experiencing substance-use problems.,"- think that it would exist in your own country. Well, not if you grew up in Palmy.",Mm-hmm.,AnnoMI-derived authentic counseling turn,substance-use counseling
1496,Provide a supportive motivational-interviewing counseling response for a person experiencing substance-use problems.,-until recently.,Okay.,AnnoMI-derived authentic counseling turn,substance-use counseling
1497,Provide a supportive motivational-interviewing counseling response for a person experiencing substance-use problems.,Okay.,"Okay, so, yeah, just another reason why you probably need to just quit then. Um, okay, yeah. I-- Okay, so, like I said, I'm gonna right down here that you've decided to quit and, um, uh, you know, I'm gonna be meeting with you again probably in the next semester sometime, so we can kinda check-in and-and make sure that, you know, that's still going well-",AnnoMI-derived authentic counseling turn,substance-use counseling
1498,Provide a supportive motivational-interviewing counseling response for a person experiencing substance-use problems.,I don't smoke cigarettes.,"However, I'm pretty concerned about something I'm noticing in your mouth. Actually, if you look up here, the roof of your mouth, I'm noticing a lot of irritation that's really consistent with tobacco use. And you had said on your form that you're not a tobacco user, so I'm just wondering what's going on.",AnnoMI-derived authentic counseling turn,substance-use counseling
1499,Provide a supportive motivational-interviewing counseling response for a person experiencing substance-use problems.,A little bit.,"Mm, kind of feel like you're pulled between two worlds there.",AnnoMI-derived authentic counseling turn,substance-use counseling
1500,Provide a supportive motivational-interviewing counseling response for a person experiencing substance-use problems.,"Okay, okay, I'll give it a try.","[chuckles] Not necessarily the-the most exciting thing for you to do, but I appreciate you are willing to do that. Can I also ask you to do a little bit of homework between now and next week? I promise it's not too time-consuming. Um, we have a booklet that we like to give folks who are just thinking about changing, who aren't sure that this is something that they're ready to do, and one of the exercises is to write down your top three reasons for change, why you would even consider quitting smoking. And then to reflect on some of the good things as we talked about, as well as some of the less good things about quitting and about continuing to smoke. Is that something you'd be willing to do over the next few days?",AnnoMI-derived authentic counseling turn,substance-use counseling
1501,Provide a supportive motivational-interviewing counseling response for a person experiencing substance-use problems.,Mm-hmm. I'm letting my whole family down. They had such high hopes for me.,You feel like you're letting your family down.,AnnoMI-derived authentic counseling turn,substance-use counseling
1502,Provide a supportive motivational-interviewing counseling response for a person experiencing substance-use problems.,Yeah.,"So, you've been able to cut down by two or three cigarettes? That's amazing. I mean, given how much you were smoking.",AnnoMI-derived authentic counseling turn,substance-use counseling
1503,Provide a supportive motivational-interviewing counseling response for a person experiencing substance-use problems.,Yeah.,And you-- So they have their concerns and-and you are beginning to-to ask questions of this use as well and-,AnnoMI-derived authentic counseling turn,substance-use counseling
1504,Provide a supportive motivational-interviewing counseling response for a person experiencing substance-use problems.,Yeah.,"So, you've noticed that it's starting to call to you a little bit in the evenings.",AnnoMI-derived authentic counseling turn,substance-use counseling
1505,Provide a supportive motivational-interviewing counseling response for a person experiencing substance-use problems.,Okay.,-safer.,AnnoMI-derived authentic counseling turn,substance-use counseling
1506,Provide a supportive motivational-interviewing counseling response for a person experiencing substance-use problems.,E-exactly.,"So, on one hand, you like how beer tastes, uh, it's part of your social life to some extent, um, but on the other hand, you don't like the idea of it posing risks to your health over the long term?",AnnoMI-derived authentic counseling turn,substance-use counseling
1507,Provide a supportive motivational-interviewing counseling response for a person experiencing substance-use problems.,Thank you.,"Well, welcome, Ricky.",AnnoMI-derived authentic counseling turn,substance-use counseling
1508,Provide a supportive motivational-interviewing counseling response for a person experiencing substance-use problems.,"Yeah, yeah, I have. That's, uh, one of the main reasons that I don't like to drink that much.","You know, especially if you've been drinking, then, you know, you're at a lot more risk because a guy can take advantage of you. Did- have you thought about that?",AnnoMI-derived authentic counseling turn,substance-use counseling
1509,Provide a supportive motivational-interviewing counseling response for a person experiencing substance-use problems.,"Yeah, [laughs].","Oh, you have one?",AnnoMI-derived authentic counseling turn,substance-use counseling
1510,Provide a supportive motivational-interviewing counseling response for a person experiencing substance-use problems.,Nope.,Okay. Anything else?,AnnoMI-derived authentic counseling turn,substance-use counseling
1511,Provide a supportive motivational-interviewing counseling response for a person experiencing substance-use problems.,"Um, well, I've looked up, um, different articles. Um, and I- as I said, I personally know people who haven't had any problems. Um, so that's about the extent.","And it sounds like you-you've got some solid information already that alcohol, you know, has been safe to-to have during pregnancy. Tell me about that information that you've-you've explored.",AnnoMI-derived authentic counseling turn,substance-use counseling
1512,Provide a supportive motivational-interviewing counseling response for a person experiencing substance-use problems.,I really didn't think about how this would affect me playing sports.,"Well, you might not be drinking that much, and other kids are also trying alcohol. I'd like to share with you the risk of using. Alcohol and drugs could really harm you because your brain is still changing. It also-- you're very high risk for becoming addicted. Alcohol and drugs could also interfere with your role in life and your goals, especially in sports, and it could cause unintended sex. How do you feel about this information?",AnnoMI-derived authentic counseling turn,substance-use counseling
1513,Provide a supportive motivational-interviewing counseling response for a person experiencing substance-use problems.,Yeah.,"Okay. So a patch is something you've already seen, and-",AnnoMI-derived authentic counseling turn,substance-use counseling
1514,Provide a supportive motivational-interviewing counseling response for a person experiencing substance-use problems.,Yeah.,Do you think that's enough to make you say goodbye to cigarettes?,AnnoMI-derived authentic counseling turn,substance-use counseling
1515,Provide a supportive motivational-interviewing counseling response for a person experiencing substance-use problems.,"I don't know. I mean, this is all news to me. I've, I don't want to do anything to put myself at risk and I've always thought of myself as a pretty healthy guy. I guess I'd put myself right in the middle of the five.","That's why it's helpful to look at this and give some perspective. On a scale of 1-10, what is your readiness to change, 1 being I don't want to change at all, and 10 is I really want to change?",AnnoMI-derived authentic counseling turn,substance-use counseling
1516,Provide a supportive motivational-interviewing counseling response for a person experiencing substance-use problems.,"Like on Facebook, all the pictures that you saw on the internet. Like I w- I will avoid those situations where I have to go to a party where I feel pressured to actually drink alcohol and allow what I do in my own private time to put on the internet so others can see, even though.",What do you mean?,AnnoMI-derived authentic counseling turn,substance-use counseling
1517,Provide a supportive motivational-interviewing counseling response for a person experiencing substance-use problems.,"Well, if I'm stressed or unhappy, that's when I usually wanna vape.",How about this question? What might happen within a month that might make you want to vape?,AnnoMI-derived authentic counseling turn,substance-use counseling
1518,Provide a supportive motivational-interviewing counseling response for a person experiencing substance-use problems.,Mm-hmm.,"And it sounds like it's paired, like a coffee and a cigarette. I mean, you know, probably hard to think about, ""How will I have a cup of coffee without a cigarette?""",AnnoMI-derived authentic counseling turn,substance-use counseling
1519,Provide a supportive motivational-interviewing counseling response for a person experiencing substance-use problems.,"Um, I don't know. It's just fun to drink with my friends, like when we're at a party at someone else's house, and we're drinking with other people that we don't know. It tastes good.",Yeah.,AnnoMI-derived authentic counseling turn,substance-use counseling
1520,Provide a supportive motivational-interviewing counseling response for a person experiencing substance-use problems.,"Well, I definitely don't want to drink too much again.","So, when you think about what you like and not like about your drinking, where do you wanna go from here? What would you like to change about your drinking?",AnnoMI-derived authentic counseling turn,substance-use counseling
1521,Respond as a supportive addiction counselor using motivational interviewing.,"I want to stop using drugs, but I keep going back to them.","It sounds like you genuinely want to stop, while something keeps pulling you back. What do you think makes stopping especially difficult for you? You do not have to figure everything out at once. We can focus on one manageable step.",synthetic drug-recovery counseling augmentation,drug-use recovery counseling - ambivalence
1522,Provide a supportive motivational-interviewing counseling response for a person experiencing substance-use problems.,"Oh God, I would have to say, uh, three days.","Okay. So, what's the longest you've ever gone without a cigarette including being in the hospital?",AnnoMI-derived authentic counseling turn,substance-use counseling
1523,Provide a supportive motivational-interviewing counseling response for a person experiencing substance-use problems.,"Yeah, it could be.","Yeah, and-and maybe the meth use is-is compromising that.",AnnoMI-derived authentic counseling turn,substance-use counseling
1524,Provide a supportive motivational-interviewing counseling response for a person experiencing substance-use problems.,I'd probably say 10.,"How confident are you to do these two things? On a scale of 1 to 10, 1 meaning not ready at all and 10 meaning very ready, what number would you pick?",AnnoMI-derived authentic counseling turn,substance-use counseling
1525,Provide a supportive motivational-interviewing counseling response for a person experiencing substance-use problems.,"Um, yeah, I mean, I guess it's the thing to do at a party, so-",But you're still drinking.,AnnoMI-derived authentic counseling turn,substance-use counseling
1526,Provide a supportive motivational-interviewing counseling response for a person experiencing substance-use problems.,"Yeah, of course.",-and raising your baby well?,AnnoMI-derived authentic counseling turn,substance-use counseling
1527,Provide a supportive motivational-interviewing counseling response for a person experiencing substance-use problems.,Mm-hmm.,"Well, I'm glad to hear that you have a goal of quitting for a month and you are confident of reaching that goal. If you're willing to come back in a month or so, I would be curious to hear how your plan works out.",AnnoMI-derived authentic counseling turn,substance-use counseling
1528,Provide a supportive motivational-interviewing counseling response for a person experiencing substance-use problems.,"You know, and it's not- it's not cool to not pay the rent, obviously. It's not something I'm happy with.",Yeah. yeah.,AnnoMI-derived authentic counseling turn,substance-use counseling
1529,Provide a non-judgmental counseling response to a person struggling with drug use.,Part of me wants recovery and another part of me still wants to use.,"It is possible to have mixed feelings about recovery. What are the strongest reasons you want to stop, and what do you feel you would be giving up by stopping?",synthetic drug-recovery counseling augmentation,drug-use recovery counseling - mixed feelings
1530,Act as a recovery-support counselor and encourage reflection and a realistic next step.,"I am trying to change, but I do not know what triggers my drug use.","We can explore that together without judgment. Think about the moments before you usually use: where are you, who are you with, and what emotions or thoughts are present? You do not have to figure everything out at once. We can focus on one manageable step.",synthetic drug-recovery counseling augmentation,drug-use recovery counseling - trigger identification
1531,Act as a recovery-support counselor and encourage reflection and a realistic next step.,I use drugs when I feel stressed and overwhelmed.,"You have noticed a connection between stress and drug use, which is useful information. What are some safer ways you have handled stress in the past, even if they only helped a little? There is no need to judge yourself while we explore what happened. Understanding the pattern can help you make a different choice.",synthetic drug-recovery counseling augmentation,drug-use recovery counseling - stress trigger
1532,"Give a brief, empathetic counseling response focused on recovery and safety.",I feel like one relapse means I have failed completely.,One setback does not define your whole recovery. What did you learn from this experience that could help you make a different choice the next time you face a similar situation?,synthetic drug-recovery counseling augmentation,drug-use recovery counseling - reframing relapse
1533,Provide a supportive motivational-interviewing counseling response for a person experiencing substance-use problems.,Okay.,"Oh no, the smoking's going to cause you more problems than the-- than anything else. I can promise you that, David.",AnnoMI-derived authentic counseling turn,substance-use counseling
1534,"Give a brief, empathetic counseling response focused on recovery and safety.","I can stay away from drugs for a while, then the cravings become strong.","You have already shown that you can stay away for periods of time. What usually happens just before a craving becomes strongest, and what has helped you get through a craving safely? You do not have to figure everything out at once. We can focus on one manageable step.",synthetic drug-recovery counseling augmentation,drug-use recovery counseling - cravings
1535,Provide a supportive motivational-interviewing counseling response for a person experiencing substance-use problems.,Mm-hmm. I think so.,"""Um, media has said it's okay to drink during alcohol. And so that concern, um, just sort of, I don't have it and, and maybe the doctor might be wrong.""",AnnoMI-derived authentic counseling turn,substance-use counseling
1536,Provide a supportive motivational-interviewing counseling response for a person experiencing substance-use problems.,"Yeah, exactly and another thing is that sometimes in the morning, after I've had a couple of glasses of wine, I kinda feel tired or groggy or low on energy, so, even that I'm not sure is completely relaxing. Especially if I've had a cigarette the night before, I always feel so bad.","Okay, so, what I'm hearing you say is that, it sounds like a feasible short-term plan, not ideal and not comfortable because what you really enjoy is that cigarette with a glass of wine, kicking back up on the sofa and chilling out perhaps while you're watching TV. And to maintain that long-term outside smoking outside in Canadian winters where it's cold and snowy, not realistic.",AnnoMI-derived authentic counseling turn,substance-use counseling
1537,Respond as a supportive addiction counselor using motivational interviewing.,I want to recover but I am afraid of what life will be like without drugs.,"That fear makes sense because recovery can involve major changes. What parts of life without drugs worry you most, and what kind of support might make those changes feel safer?",synthetic drug-recovery counseling augmentation,drug-use recovery counseling - fear of recovery
1538,Provide a supportive motivational-interviewing counseling response for a person experiencing substance-use problems.,Yeah. I would've definitely told him to put on a condom if I was sober.,Sounds like drinking changes how you think in those moments?,AnnoMI-derived authentic counseling turn,substance-use counseling
1539,Provide a supportive motivational-interviewing counseling response for a person experiencing substance-use problems.,-I'm very concerned.,Mm-hmm.,AnnoMI-derived authentic counseling turn,substance-use counseling
1540,Act as a recovery-support counselor and encourage reflection and a realistic next step.,"I want to stop using drugs, but I keep going back to them.","It sounds like you genuinely want to stop, while something keeps pulling you back. What do you think makes stopping especially difficult for you? There is no need to judge yourself while we explore what happened. Understanding the pattern can help you make a different choice.",synthetic drug-recovery counseling augmentation,drug-use recovery counseling - ambivalence
1541,Provide a supportive motivational-interviewing counseling response for a person experiencing substance-use problems.,"Well, I mean, I just failed the UA at work. Uh, I think I failed UA at work. I don't know. I-I use- I use some stuff that was [inaudible 00:02:00] not my system. But-","Okay. And that's a very good reason for being here. Um, can you talk to me about maybe some of your-- the goals that you have?",AnnoMI-derived authentic counseling turn,substance-use counseling
1542,Act as a recovery-support counselor and encourage reflection and a realistic next step.,I am scared that my drug use is damaging my relationships.,"It sounds like your relationships are very important to you. How has your drug use affected the people you care about, and what change would you most like them to see? If you are comfortable, we can explore what matters most to you and identify a practical next step.",synthetic drug-recovery counseling augmentation,drug-use recovery counseling - relationships
1543,Respond as a supportive addiction counselor using motivational interviewing.,I am worried that I will never be able to stay in recovery.,"It sounds like you are worried about your ability to maintain recovery. What is one time when you managed a difficult situation without using, and what helped you then? You do not have to figure everything out at once. We can focus on one manageable step.",synthetic drug-recovery counseling augmentation,drug-use recovery counseling - confidence
1544,Provide a supportive motivational-interviewing counseling response for a person experiencing substance-use problems.,"-like, I just didn't ever really think about it, like, that I was-- like, if I try to actually count the drinks, it's, kind of, a lot, I mean, it's, kind of, a lot.",Hm.,AnnoMI-derived authentic counseling turn,substance-use counseling
1545,Provide a supportive motivational-interviewing counseling response for a person experiencing substance-use problems.,"Yeah, or well, not to that extent, you know what I mean? Like, I-I would-- l didn't think I was at anywhere near a point that I would need to be sat down and intervened with-",You're not sure that applies to you?,AnnoMI-derived authentic counseling turn,substance-use counseling
1546,Provide a supportive motivational-interviewing counseling response for a person experiencing substance-use problems.,"Yeah. That's an understatement. I mean, I'm supposed to be at work right now, too, right? So-","So, you're not too happy to be here. This is the last thing that you want to be doing this afternoon.",AnnoMI-derived authentic counseling turn,substance-use counseling
1547,Provide a supportive motivational-interviewing counseling response for a person experiencing substance-use problems.,"-instead of at work. And I found that, um, it was really hard to stop those urges.",Yeah.,AnnoMI-derived authentic counseling turn,substance-use counseling
1548,Provide a supportive motivational-interviewing counseling response for a person experiencing substance-use problems.,"Yeah. Uh-huh, uh-huh. Yeah.",Like a new beginning.,AnnoMI-derived authentic counseling turn,substance-use counseling
1549,Provide a supportive motivational-interviewing counseling response for a person experiencing substance-use problems.,Yeah.,"Mm-hmm. So, you know, the smoking is going to be related not just to some of the other negative consequences. You know, physically, it affects dental caries, dental cavities-",AnnoMI-derived authentic counseling turn,substance-use counseling
1550,Provide a supportive motivational-interviewing counseling response for a person experiencing substance-use problems.,"No, but that happened to someone I know, though.","Have you ever experienced a-a blackout, like when you've been drinking and you wake up and you don't remember what happened?",AnnoMI-derived authentic counseling turn,substance-use counseling
1551,"Give a brief, empathetic counseling response focused on recovery and safety.",I am scared that my drug use is damaging my relationships.,"It sounds like your relationships are very important to you. How has your drug use affected the people you care about, and what change would you most like them to see? There is no need to judge yourself while we explore what happened. Understanding the pattern can help you make a different choice.",synthetic drug-recovery counseling augmentation,drug-use recovery counseling - relationships
1552,Provide a supportive motivational-interviewing counseling response for a person experiencing substance-use problems.,Yeah.,"Okay, so at this point, you're not too concerned and you think that, you know, this is what the other students are doing?",AnnoMI-derived authentic counseling turn,substance-use counseling
1553,Provide a supportive motivational-interviewing counseling response for a person experiencing substance-use problems.,"Well, I don't really wanna quit. I mean, I like smoking. I like go-- after work, I have a beer with my friends, and I'll smoke cigarettes. I mean, it's not really a big deal. Cigarettes aren't that bad. I mean, I know that the-- it's popular to say that smoking is bad for you but, you know, I like it, so I'm gonna be doing it.","We don't really recommend that. The idea is you would use the nicotine replacement to actually quit, so then you wouldn't be smoking at work, but you also wouldn't be smoking the rest of the time either.",AnnoMI-derived authentic counseling turn,substance-use counseling
1554,Provide a supportive motivational-interviewing counseling response for a person experiencing substance-use problems.,"Right. And as being one of the leaders, my fellow teammates expect me to be-- I expect them to lead not only in the sports but also in social environments. And if that's a social- that's a social custom in our society. So it's like—","Yeah, but you're one of the leaders.",AnnoMI-derived authentic counseling turn,substance-use counseling
1555,Provide a supportive motivational-interviewing counseling response for a person experiencing substance-use problems.,"Yep. Um. Uh, I suppose money is quite a big thing. Like, I used to have a lot more money sorta last year. I had a, quite a good job, like a, quite a regular acting job.","So tell me then, um, Ricky, what- what's the other side of the good things that-that using meth or doing some smoking does for you? Is there a downside to it? Are there problems that you're experiencing?",AnnoMI-derived authentic counseling turn,substance-use counseling
1556,Provide a supportive motivational-interviewing counseling response for a person experiencing substance-use problems.,"Mm. S-surprised me to-to think about, you know, when there's stuff, and you don't really think about it, but then if someone asked you, you know, how often or-- and then you kind of have to quantify it, I suppose it kinda sound shocking, you know, if I- if I imagine myself sort of saying, ""I do this, you know, a few times a week."" It-it-",That surprised you?,AnnoMI-derived authentic counseling turn,substance-use counseling
1557,Provide a supportive motivational-interviewing counseling response for a person experiencing substance-use problems.,"Yeah, God, I don't think I could.","If you will. And that's if you decide you want to try a replacement therapy and that's what we call it and it-it kind of sounds from what you've described with your fear about you know, what it would be like of the withdrawal and everything like that. W-why you don't have to do it that way, you don't have to go cold-cold turkey.",AnnoMI-derived authentic counseling turn,substance-use counseling
1558,Provide a supportive motivational-interviewing counseling response for a person experiencing substance-use problems.,"Um, a nine.","How ready are you to not drink too much? If I asked you to pick a number on a scale of 0 to 10, and 10 being totally ready, what number would you pick?",AnnoMI-derived authentic counseling turn,substance-use counseling
1559,Provide a supportive motivational-interviewing counseling response for a person experiencing substance-use problems.,Good morning.,Good morning. It's really nice that you've come along to see me to talk about stopping smoking.,AnnoMI-derived authentic counseling turn,substance-use counseling
1560,Provide a supportive motivational-interviewing counseling response for a person experiencing substance-use problems.,Exactly. Just so I take part with the social convention but it's not. Hey guys.,"So your goal is kind of to do not drink at all or if you are at a party, uh, a maximum of one at the very most.",AnnoMI-derived authentic counseling turn,substance-use counseling
1561,Provide a supportive motivational-interviewing counseling response for a person experiencing substance-use problems.,No one wants to help me.,You feel like people aren't willing to help.,AnnoMI-derived authentic counseling turn,substance-use counseling
1562,Provide a supportive motivational-interviewing counseling response for a person experiencing substance-use problems.,Yeah.,"Yeah. And so, it sounds like there's a bit of a dilemma there, because-- And I guess we should be clear, it's not the occasional drink that's an issue. Um, it's-it's really the quantity of drinking, and-and whether your drinking is escalating and interfering with things that are, perhaps, more important.",AnnoMI-derived authentic counseling turn,substance-use counseling
1563,Use motivational interviewing principles to respond to this substance-use concern.,I want to recover but I am afraid of what life will be like without drugs.,"That fear makes sense because recovery can involve major changes. What parts of life without drugs worry you most, and what kind of support might make those changes feel safer? If you are comfortable, we can explore what matters most to you and identify a practical next step.",synthetic drug-recovery counseling augmentation,drug-use recovery counseling - fear of recovery
1564,Provide a supportive motivational-interviewing counseling response for a person experiencing substance-use problems.,And I had friends that it worked for-,Mm-hmm.,AnnoMI-derived authentic counseling turn,substance-use counseling
1565,Provide a supportive motivational-interviewing counseling response for a person experiencing substance-use problems.,"Check it, yeah.",Would you like to-,AnnoMI-derived authentic counseling turn,substance-use counseling
1566,Provide a supportive motivational-interviewing counseling response for a person experiencing substance-use problems.,"well, I was thinking to not use when basketball season start.","So when you think about these things, are there any things you would like to change about your marijuana use?",AnnoMI-derived authentic counseling turn,substance-use counseling
1567,Provide a supportive motivational-interviewing counseling response for a person experiencing substance-use problems.,Mm-hmm.,Okay. Kind of socializing?,AnnoMI-derived authentic counseling turn,substance-use counseling
1568,Provide a supportive motivational-interviewing counseling response for a person experiencing substance-use problems.,"Okay, cool.","Well, let's do some checking out.",AnnoMI-derived authentic counseling turn,substance-use counseling
1569,Provide a supportive motivational-interviewing counseling response for a person experiencing substance-use problems.,Okay.,"So, we'll do that so we'll-we'll talk about the hypnosis a little bit more, you know, you'll talk to your doc. Um, you'll do your research, you know, about programs and stuff, I'll give you any information I have and we'll take it from there. But it's sounding like the quit date might be coming up fairly-- like within the next two, three months.",AnnoMI-derived authentic counseling turn,substance-use counseling
1570,Use motivational interviewing principles to respond to this substance-use concern.,I have been avoiding people because I am embarrassed about my drug use.,"It sounds like embarrassment has been pushing you away from others. Is there one trusted person you would feel comfortable talking to, even if you are not ready to tell them everything? There is no need to judge yourself while we explore what happened. Understanding the pattern can help you make a different choice.",synthetic drug-recovery counseling augmentation,drug-use recovery counseling - isolation
1571,Provide a supportive motivational-interviewing counseling response for a person experiencing substance-use problems.,Yeah.,Mm. You kind of wanna have the best of both worlds.,AnnoMI-derived authentic counseling turn,substance-use counseling
1572,Use motivational interviewing principles to respond to this substance-use concern.,I am worried about going back to my old environment after treatment.,"Returning to a familiar environment can bring strong reminders and triggers. What people, places, or routines might make recovery harder, and what support could you arrange before returning?",synthetic drug-recovery counseling augmentation,drug-use recovery counseling - aftercare
1573,"Give a brief, empathetic counseling response focused on recovery and safety.",I want to recover but I am afraid of what life will be like without drugs.,"That fear makes sense because recovery can involve major changes. What parts of life without drugs worry you most, and what kind of support might make those changes feel safer? Your willingness to talk about this is already a meaningful step. We can work through it gradually.",synthetic drug-recovery counseling augmentation,drug-use recovery counseling - fear of recovery
1574,Provide a supportive motivational-interviewing counseling response for a person experiencing substance-use problems.,Okay.,"So, I would strongly recommend that you have the patch. I'll talk to you about how to use that and that we have another product that I leave you to use as when any of those feelings of irritation are coming up, particularly in that first week.",AnnoMI-derived authentic counseling turn,substance-use counseling
1575,Provide a supportive motivational-interviewing counseling response for a person experiencing substance-use problems.,Okay.,"Yeah. So I think just tell your friends you know, you realized there's always bad things about it and you don't want to do it anymore, so you're just not going to.",AnnoMI-derived authentic counseling turn,substance-use counseling
1576,Provide a supportive motivational-interviewing counseling response for a person experiencing substance-use problems.,"Right. Yeah. I mean, he doesn't have asthma. Yeah. He-- I don't-- he hasn't had a lot of other problems that his other friends have, so. And I've thought about quitting before in the past, but I just don't- I just don't see how it's possible right now.","So on the one hand, you're worried about how your smoking might be affecting him and on the other hand, you're not so sure if it's really the smoking that's causing these problems?",AnnoMI-derived authentic counseling turn,substance-use counseling
1577,Provide a supportive motivational-interviewing counseling response for a person experiencing substance-use problems.,Mm-hmm.,"I know you were here to get a prescription for birth control but while you were waiting to see Mrs. Smith, you filled out a healthy habits questionnaire-",AnnoMI-derived authentic counseling turn,substance-use counseling
1578,Provide a supportive motivational-interviewing counseling response for a person experiencing substance-use problems.,See you later.,All right. I'll see you later.,AnnoMI-derived authentic counseling turn,substance-use counseling
1579,Provide a supportive motivational-interviewing counseling response for a person experiencing substance-use problems.,"Well, I-I like beer. I like the way it tastes, I like the way it makes me feel. Uh, like when I'm around friends and it's not a problem for me.","Can I ask you, uh, what do you like about drinking alcohol?",AnnoMI-derived authentic counseling turn,substance-use counseling
1580,Provide a supportive motivational-interviewing counseling response for a person experiencing substance-use problems.,We can talk about it some more.,Okay. So I hear-- [crosstalk],AnnoMI-derived authentic counseling turn,substance-use counseling
1581,Provide a supportive motivational-interviewing counseling response for a person experiencing substance-use problems.,"Um, I think all my grades are A's and B's, so, yeah.",Okay. What classes are you not getting A's and B's in?,AnnoMI-derived authentic counseling turn,substance-use counseling
1582,Provide a supportive motivational-interviewing counseling response for a person experiencing substance-use problems.,"Okay. I'll have to talk to her as well because their schedule changes from week to week, she works shifts, so I'll call you back tomorrow and we'll set something up.","If you wanted to bring your wife along, I'd be more than happy to talk with both of you.",AnnoMI-derived authentic counseling turn,substance-use counseling
1583,Provide a supportive motivational-interviewing counseling response for a person experiencing substance-use problems.,Okay.,"Well, I think you can still have fun within these amounts. So that's what I'm gonna recommend. Um, I think this is a really good goal, and hopefully, we won't see any more injuries. Okay? So why don't you try that?",AnnoMI-derived authentic counseling turn,substance-use counseling
1584,Provide a supportive motivational-interviewing counseling response for a person experiencing substance-use problems.,Probably a six.,Correctly as it's prescribed.,AnnoMI-derived authentic counseling turn,substance-use counseling
1585,Provide a supportive motivational-interviewing counseling response for a person experiencing substance-use problems.,"Sure. Um, I guess, you know, maybe two or three weeks ago, I had sort of like this group of friends come around to my place, and um, you know, they-they were sort of saying that it was just like a night to hang out and watch DVDs and stuff, and then they sort of sat me down and were like, ""You know, maybe you need to get a bit of help for, you know, drug stuff."" Then, you know, I was sort of like, ""Well, mm."" And I was quite annoyed by that at first, but I-I suppose, you know, I thought about it for a bit and then I was like, ""Well, I guess it can't hurt to talk to someone about it, maybe.""","-um, but it's great to see you, and so maybe a good point to start with is, tell me why you're here.",AnnoMI-derived authentic counseling turn,substance-use counseling
1586,Provide a supportive motivational-interviewing counseling response for a person experiencing substance-use problems.,Exactly.,"So, on the one hand I'm hearing smoking and drinking at night as a way to chill out but at the same time the next day, you're not feeling so great.",AnnoMI-derived authentic counseling turn,substance-use counseling
1587,Respond as a supportive addiction counselor using motivational interviewing.,I have been avoiding people because I am embarrassed about my drug use.,"It sounds like embarrassment has been pushing you away from others. Is there one trusted person you would feel comfortable talking to, even if you are not ready to tell them everything? There is no need to judge yourself while we explore what happened. Understanding the pattern can help you make a different choice.",synthetic drug-recovery counseling augmentation,drug-use recovery counseling - isolation
1588,Use motivational interviewing principles to respond to this substance-use concern.,I do not think my drug use is as serious as my family thinks.,"It sounds like you and your family see the situation differently. Rather than judging you, I would like to understand your view. What concerns, if any, do you have about your drug use? You do not have to figure everything out at once. We can focus on one manageable step.",synthetic drug-recovery counseling augmentation,drug-use recovery counseling - readiness
1589,Provide a supportive motivational-interviewing counseling response for a person experiencing substance-use problems.,-and that kind of stuff.,Mm-hmm.,AnnoMI-derived authentic counseling turn,substance-use counseling
1590,Provide a supportive motivational-interviewing counseling response for a person experiencing substance-use problems.,Dealing with my grandma's loss.,"Okay. So you trusted him on that, and you tried it out and you found that it helped you in certain ways. What are some of the things that you said it's-- takes some of the pain away, it's not just-- you know.",AnnoMI-derived authentic counseling turn,substance-use counseling
1591,Provide a supportive motivational-interviewing counseling response for a person experiencing substance-use problems.,"Yeah. You know, I've looked it up to see, you know, kinda what I can say back, you know, to support my argument.","Okay. So you don't feel very comfortable with somebody telling you what you should be consuming, what kind of alcohol, and how much alcohol you should be consuming. And, um, it sounds like you've been getting some mixed messages, your doctor's saying there's no safe amount of alcohol you can drink, and asked you to come and see me. And then also, you've been checking- sounds like you've been checking things out a little bit.",AnnoMI-derived authentic counseling turn,substance-use counseling
1592,Provide a supportive motivational-interviewing counseling response for a person experiencing substance-use problems.,I didn't know it was such a big deal. I-I never thought that there would be any impacts on Jake because of it.,There's other ways to relax. There's yoga. There's deep breathing. You need to stop raising the roof and raise your kid. This is not okay. You're not just worrying about Hailey anymore. It's Hailey and Jake. You're a mom now.,AnnoMI-derived authentic counseling turn,substance-use counseling
1593,Provide a supportive motivational-interviewing counseling response for a person experiencing substance-use problems.,Yeah.,Hmm. Kind of like protecting your baby and-,AnnoMI-derived authentic counseling turn,substance-use counseling
1594,Provide a supportive motivational-interviewing counseling response for a person experiencing substance-use problems.,"Um, you know, probably my biggest problem is just childcare. You know, my mom normally watches my son, but she's been kind of backing out lately. And so, I'm worrying, am I going to have to call into work today, am-am I going to have to miss class? You know, so, you know, worrying about that really stresses me out, you know.","So, if you could somehow tackle some of these stressful issues, um, that could make a difference, and, what-what would that be, for example?",AnnoMI-derived authentic counseling turn,substance-use counseling
1595,Provide a supportive motivational-interviewing counseling response for a person experiencing substance-use problems.,Yeah.,"-reward or stress relief. Um, and then, on the other hand, you've noticed, um, that your drinking has increased a little bit over time. And also that the more stressed you're fe- you feel, the more you're inclined to drink.",AnnoMI-derived authentic counseling turn,substance-use counseling
1596,Provide a supportive motivational-interviewing counseling response for a person experiencing substance-use problems.,"Well, you're right. I-I did quit smoking when I was pregnant, but actually, um, a couple of weeks ago, I went out, my mom was able to take Jake for the night and my friends they were having a birthday party and we had a couple of glasses of wine and it felt like old times. So before I knew it, I was out having a cigarette with them. And since then I've been having a couple of cigarettes a day, you know, just at the end of the day after I put Jake to bed. But that sounds like it has nothing to do with what you're talking about, right?","Yeah. Well, the good news is he doesn't have pneumonia. It's just an upper re-respiratory tract infection and a cold. So there's some things you can do to make- to help him get better. You can avoid excessive dust. You can keep him hydrated, avoid over-the-counter cold remedies. Keep him away from people who have flu or cold-like symptoms and avoid smoke. And the last one should be easy because you quit smoking during your pregnancy.",AnnoMI-derived authentic counseling turn,substance-use counseling
1597,Respond as a supportive addiction counselor using motivational interviewing.,"I am trying to change, but I do not know what triggers my drug use.","We can explore that together without judgment. Think about the moments before you usually use: where are you, who are you with, and what emotions or thoughts are present? There is no need to judge yourself while we explore what happened. Understanding the pattern can help you make a different choice.",synthetic drug-recovery counseling augmentation,drug-use recovery counseling - trigger identification
1598,Provide a supportive motivational-interviewing counseling response for a person experiencing substance-use problems.,Of course.,Your mom is really important to you.,AnnoMI-derived authentic counseling turn,substance-use counseling
1599,Provide a supportive motivational-interviewing counseling response for a person experiencing substance-use problems.,"-unsuccessfully, uh,--",Mm-hmm.,AnnoMI-derived authentic counseling turn,substance-use counseling
1600,Use motivational interviewing principles to respond to this substance-use concern.,I feel ashamed because I promised myself I would stop.,It sounds like you are carrying a lot of shame. You deserve support rather than judgment. What would be one compassionate and realistic step you could take toward recovery today? There is no need to judge yourself while we explore what happened. Understanding the pattern can help you make a different choice.,synthetic drug-recovery counseling augmentation,drug-use recovery counseling - shame
1601,Provide a supportive motivational-interviewing counseling response for a person experiencing substance-use problems.,"So, if I [unintelligible 00:02:59] between two of them-",Right. [unintelligible 00:02:58],AnnoMI-derived authentic counseling turn,substance-use counseling
1602,Provide a supportive motivational-interviewing counseling response for a person experiencing substance-use problems.,"Yeah, but only on the weekend.","Okay. Uh, thanks for filling this out. Uh, looks like you use alcohol two to three days a week?",AnnoMI-derived authentic counseling turn,substance-use counseling
1603,Provide a supportive motivational-interviewing counseling response for a person experiencing substance-use problems.,"Let me think. Well, I just enjoy it. I think it's, uh-- it's not good for me, I know, but I'm so used to smoking. I don't really think about quitting too much.",Okay. So is there anything else that you like about it?,AnnoMI-derived authentic counseling turn,substance-use counseling
1604,Provide a supportive motivational-interviewing counseling response for a person experiencing substance-use problems.,Mm-hmm. I couldn't help myself.,You're feeling regretful.,AnnoMI-derived authentic counseling turn,substance-use counseling
1605,Respond as a supportive addiction counselor using motivational interviewing.,"I can stay away from drugs for a while, then the cravings become strong.","You have already shown that you can stay away for periods of time. What usually happens just before a craving becomes strongest, and what has helped you get through a craving safely? If you are comfortable, we can explore what matters most to you and identify a practical next step.",synthetic drug-recovery counseling augmentation,drug-use recovery counseling - cravings
1606,Provide a supportive motivational-interviewing counseling response for a person experiencing substance-use problems.,Yeah.,"That's very common. I mean, you go where you know, um, no one's gonna look down on you.",AnnoMI-derived authentic counseling turn,substance-use counseling
1607,Provide a supportive motivational-interviewing counseling response for a person experiencing substance-use problems.,Yeah.,-to ask are they—,AnnoMI-derived authentic counseling turn,substance-use counseling
1608,Use motivational interviewing principles to respond to this substance-use concern.,"I can stay away from drugs for a while, then the cravings become strong.","You have already shown that you can stay away for periods of time. What usually happens just before a craving becomes strongest, and what has helped you get through a craving safely? Your willingness to talk about this is already a meaningful step. We can work through it gradually.",synthetic drug-recovery counseling augmentation,drug-use recovery counseling - cravings
1609,Provide a supportive motivational-interviewing counseling response for a person experiencing substance-use problems.,"Well, um, It's just me and him and I do smoke. Um, I try really hard not to smoke around him, but I-I've been smoking for 10 years except when I was pregnant with him. But it-- everything is so stressful being a single mom and-and my having a full-time job. And so it's just-- that's why I started smoking again.","Um, I did wanna talk to you though. I'm a little bit concerned looking through his chart of how many ear infections he's had recently. And I-I noticed that you had checked the box that someone's smoking in the home. So I was wondering if you can tell me a little more about that.",AnnoMI-derived authentic counseling turn,substance-use counseling
1610,Provide a supportive motivational-interviewing counseling response for a person experiencing substance-use problems.,"Uh, I loved to lose weight but it's so hard giving up the things you enjoy.","Absolutely. Spot on. So stopping smoking would have a huge impact, that would have a big impact very early on. Losing weight would also have a big impact because that would help with your blood pressure, your cholesterol, and also lower your diabetes risk. So what-what'd you think about those things? Uh,",AnnoMI-derived authentic counseling turn,substance-use counseling
1611,Provide a supportive motivational-interviewing counseling response for a person experiencing substance-use problems.,Mm-hmm.,Amount of four.,AnnoMI-derived authentic counseling turn,substance-use counseling
1612,Provide a supportive motivational-interviewing counseling response for a person experiencing substance-use problems.,That's true. Yeah.,"So it sounds like it's a way to relax. It's a way to socialize with your friends from work, and it's hard to imagine what it would be like for you at work if you couldn't go outside and smoke.",AnnoMI-derived authentic counseling turn,substance-use counseling
1613,Provide a supportive motivational-interviewing counseling response for a person experiencing substance-use problems.,I don't- I don't think it's gonna work. And so I really liked to be able to keep my job.,Mm-hmm.,AnnoMI-derived authentic counseling turn,substance-use counseling
1614,Provide a supportive motivational-interviewing counseling response for a person experiencing substance-use problems.,"Well, definitely.",Okay and would you like to come back and see me again?,AnnoMI-derived authentic counseling turn,substance-use counseling
1615,Provide a supportive motivational-interviewing counseling response for a person experiencing substance-use problems.,-plus-,And-and you came-,AnnoMI-derived authentic counseling turn,substance-use counseling
1616,Provide a supportive motivational-interviewing counseling response for a person experiencing substance-use problems.,Not much.,"So, you're drinking, perhaps, two drinks a day. Um, and I'm wondering, what have you heard about the recommendations for drinking levels?",AnnoMI-derived authentic counseling turn,substance-use counseling
1617,Provide a supportive motivational-interviewing counseling response for a person experiencing substance-use problems.,"That would be a problem, yeah.",And that's a problem?,AnnoMI-derived authentic counseling turn,substance-use counseling
1618,Provide a supportive motivational-interviewing counseling response for a person experiencing substance-use problems.,And so be where I have fun.,Mm-hmm.,AnnoMI-derived authentic counseling turn,substance-use counseling
1619,Provide a supportive motivational-interviewing counseling response for a person experiencing substance-use problems.,"Hmm, I like to play video games.",What else could you do instead of vaping when you feel that way?,AnnoMI-derived authentic counseling turn,substance-use counseling
1620,Provide a supportive motivational-interviewing counseling response for a person experiencing substance-use problems.,Yeah.,Cool. And do you have a lot of friends who are in band with you or-,AnnoMI-derived authentic counseling turn,substance-use counseling
1621,Provide a supportive motivational-interviewing counseling response for a person experiencing substance-use problems.,They would be pretty upset. Yeah. They don't really condone alcohol use.,"Okay, so, um, that's great 'cause it pretty much covers all the stuff that I think I needed to go over with you. Um, let's see. I guess we didn't talk about what would happen if your parents found out you were drinking.",AnnoMI-derived authentic counseling turn,substance-use counseling
1622,Provide a supportive motivational-interviewing counseling response for a person experiencing substance-use problems.,Okay.,And make sure that you actually quit drinking.,AnnoMI-derived authentic counseling turn,substance-use counseling
1623,Provide a supportive motivational-interviewing counseling response for a person experiencing substance-use problems.,-or something.,Hm.,AnnoMI-derived authentic counseling turn,substance-use counseling
1624,Provide a supportive motivational-interviewing counseling response for a person experiencing substance-use problems.,So-,Mm-hmm.,AnnoMI-derived authentic counseling turn,substance-use counseling
1625,Respond as a supportive addiction counselor using motivational interviewing.,I am worried about going back to my old environment after treatment.,"Returning to a familiar environment can bring strong reminders and triggers. What people, places, or routines might make recovery harder, and what support could you arrange before returning? There is no need to judge yourself while we explore what happened. Understanding the pattern can help you make a different choice.",synthetic drug-recovery counseling augmentation,drug-use recovery counseling - aftercare
1626,Provide a non-judgmental counseling response to a person struggling with drug use.,I am scared that my drug use is damaging my relationships.,"It sounds like your relationships are very important to you. How has your drug use affected the people you care about, and what change would you most like them to see?",synthetic drug-recovery counseling augmentation,drug-use recovery counseling - relationships
1627,Provide a supportive motivational-interviewing counseling response for a person experiencing substance-use problems.,"Yeah. I feel alone, and I just, I miss her and, it does- it does help but,-","Okay, so that's helped you.",AnnoMI-derived authentic counseling turn,substance-use counseling
1628,Provide a non-judgmental counseling response to a person struggling with drug use.,"My friends use drugs, and it makes staying sober difficult.","That environment can make recovery harder. Which people or places feel safer for you, and how might you create more distance from situations that increase the urge to use?",synthetic drug-recovery counseling augmentation,drug-use recovery counseling - social environment
1629,Provide a non-judgmental counseling response to a person struggling with drug use.,I have been avoiding people because I am embarrassed about my drug use.,"It sounds like embarrassment has been pushing you away from others. Is there one trusted person you would feel comfortable talking to, even if you are not ready to tell them everything? There is no need to judge yourself while we explore what happened. Understanding the pattern can help you make a different choice.",synthetic drug-recovery counseling augmentation,drug-use recovery counseling - isolation
1630,Respond as a supportive addiction counselor using motivational interviewing.,I am scared that my drug use is damaging my relationships.,"It sounds like your relationships are very important to you. How has your drug use affected the people you care about, and what change would you most like them to see? You do not have to figure everything out at once. We can focus on one manageable step.",synthetic drug-recovery counseling augmentation,drug-use recovery counseling - relationships
1631,Provide a supportive motivational-interviewing counseling response for a person experiencing substance-use problems.,"Um, and it was like quite a lot of money that la-last year. So it wasn't such a problem then. And I suppose I sort of blew that money a little bit. Um, so now I don't have that acting income coming in as frequently and I'm working in a cafe like a sort of part-time and it's not bringing in as much. So now it's kinda like, and sometimes I need to borrow a bit of money or sorta need a bit of help with the rent sometimes.",Mm-hmm.,AnnoMI-derived authentic counseling turn,substance-use counseling
1632,Provide a supportive motivational-interviewing counseling response for a person experiencing substance-use problems.,Before I leave?,"Very good. So it looks like, um, you're using a good method of birth control, you're just not able to use it effectively. And you've linked it back here to the drinking. So would you like to develop a plan around your alcohol use at this-- today?",AnnoMI-derived authentic counseling turn,substance-use counseling
1633,Provide a supportive motivational-interviewing counseling response for a person experiencing substance-use problems.,"Definitely, that's right.","Not just authority, but respecting yourself, respecting your teammates or your bandmates and other people around you. Okay, that's great.",AnnoMI-derived authentic counseling turn,substance-use counseling
1634,Provide a supportive motivational-interviewing counseling response for a person experiencing substance-use problems.,Yeah.,"Okay. So about eight cigarettes. So over the course of a day, just under half a pack?",AnnoMI-derived authentic counseling turn,substance-use counseling
1635,"Give a brief, empathetic counseling response focused on recovery and safety.","My friends use drugs, and it makes staying sober difficult.","That environment can make recovery harder. Which people or places feel safer for you, and how might you create more distance from situations that increase the urge to use? There is no need to judge yourself while we explore what happened. Understanding the pattern can help you make a different choice.",synthetic drug-recovery counseling augmentation,drug-use recovery counseling - social environment
1636,Provide a supportive motivational-interviewing counseling response for a person experiencing substance-use problems.,So—,Nice.,AnnoMI-derived authentic counseling turn,substance-use counseling
1637,Provide a supportive motivational-interviewing counseling response for a person experiencing substance-use problems.,"But during the week, I was able to cut down at least two or three cigarettes a week, and that's just in one week. So-",Sure.,AnnoMI-derived authentic counseling turn,substance-use counseling
1638,Provide a supportive motivational-interviewing counseling response for a person experiencing substance-use problems.,"But I marked it in the book. Uh, that's one thing I said to myself, I'll be honest in my marking down.","-uh, and that you've noticed are more difficult than the others?",AnnoMI-derived authentic counseling turn,substance-use counseling
1639,Provide a supportive motivational-interviewing counseling response for a person experiencing substance-use problems.,"Okay. Well, can I go now?","Like, that's the, I think, thing to really consider.",AnnoMI-derived authentic counseling turn,substance-use counseling
1640,Provide a supportive motivational-interviewing counseling response for a person experiencing substance-use problems.,"I don't know. It-It's because I'm a very reserved person, for the most part, not when- not when I'm dealing with sports or like-- you know, like a social environment. I tend to keep to myself because I'm very self-conscious, I would say. And when I- when I drink, I feel, I don't know, like, it relaxes me. I'm able to talk or engage with other people more easily. I don't know it just—",It's really changed your focus. What do you like about drinking?,AnnoMI-derived authentic counseling turn,substance-use counseling
1641,Provide a supportive motivational-interviewing counseling response for a person experiencing substance-use problems.,It's just not done. I don't know. It's something for crazy people and we definitely do not have the money for it.,Can you tell me more?,AnnoMI-derived authentic counseling turn,substance-use counseling
1642,Provide a supportive motivational-interviewing counseling response for a person experiencing substance-use problems.,"- you know, I'm not gonna be so narrow-minded as to say for sure that, you know, they're entirely wrong 'cause there's a big group of them, you know? And they do care, so obviously, there's something there that I might have overlooked. But on the other hand, I'm sort of like, ""Well, was it that bad?"" And you know, ""Was that- was that really necessary?"" But I, you know, I thought I'd give them the benefit of the doubt and-",Mm-hmm.,AnnoMI-derived authentic counseling turn,substance-use counseling
1643,Provide a supportive motivational-interviewing counseling response for a person experiencing substance-use problems.,Yeah. Hmm.,And the choices that you might have about it.,AnnoMI-derived authentic counseling turn,substance-use counseling
1644,Provide a supportive motivational-interviewing counseling response for a person experiencing substance-use problems.,He's a Golden Retriever.,Cute. What kind of dog?,AnnoMI-derived authentic counseling turn,substance-use counseling
1645,Use motivational interviewing principles to respond to this substance-use concern.,"I am trying to change, but I do not know what triggers my drug use.","We can explore that together without judgment. Think about the moments before you usually use: where are you, who are you with, and what emotions or thoughts are present? There is no need to judge yourself while we explore what happened. Understanding the pattern can help you make a different choice.",synthetic drug-recovery counseling augmentation,drug-use recovery counseling - trigger identification
1646,Respond as a supportive addiction counselor using motivational interviewing.,"I was doing well in recovery, but I had a relapse.",A relapse does not erase the progress you made. Would you be willing to look at what was happening before the relapse so you can identify what might help next time? There is no need to judge yourself while we explore what happened. Understanding the pattern can help you make a different choice.,synthetic drug-recovery counseling augmentation,drug-use recovery counseling - relapse
1647,Provide a non-judgmental counseling response to a person struggling with drug use.,"I want to make healthier choices, but I feel stuck.",Feeling stuck can make change seem overwhelming. What is one small change that feels realistic this week and could move you a little closer to the life you want? Your willingness to talk about this is already a meaningful step. We can work through it gradually.,synthetic drug-recovery counseling augmentation,drug-use recovery counseling - small steps
1648,Provide a supportive motivational-interviewing counseling response for a person experiencing substance-use problems.,"And you kind of go, ""Woah. That's not me."" So it's about am I—",Mm-hmm.,AnnoMI-derived authentic counseling turn,substance-use counseling
1649,Provide a supportive motivational-interviewing counseling response for a person experiencing substance-use problems.,"That's the thing, isn't it? I am-- I don't know if it's the best place for me to be if I'm gonna make those changes.",What's your thinking around that?,AnnoMI-derived authentic counseling turn,substance-use counseling
1650,Act as a recovery-support counselor and encourage reflection and a realistic next step.,I feel ashamed because I promised myself I would stop.,"It sounds like you are carrying a lot of shame. You deserve support rather than judgment. What would be one compassionate and realistic step you could take toward recovery today? If you are comfortable, we can explore what matters most to you and identify a practical next step.",synthetic drug-recovery counseling augmentation,drug-use recovery counseling - shame
1651,"Give a brief, empathetic counseling response focused on recovery and safety.","I want to make healthier choices, but I feel stuck.",Feeling stuck can make change seem overwhelming. What is one small change that feels realistic this week and could move you a little closer to the life you want? Your willingness to talk about this is already a meaningful step. We can work through it gradually.,synthetic drug-recovery counseling augmentation,drug-use recovery counseling - small steps
1652,Provide a supportive motivational-interviewing counseling response for a person experiencing substance-use problems.,Yeah.,And it seems to you that methamphetamine may have clouded your judgment?,AnnoMI-derived authentic counseling turn,substance-use counseling
1653,Provide a supportive motivational-interviewing counseling response for a person experiencing substance-use problems.,Mm-hmm.,The side effects from the medications are nothing compared to what can happen from the smoking.,AnnoMI-derived authentic counseling turn,substance-use counseling
1654,Provide a supportive motivational-interviewing counseling response for a person experiencing substance-use problems.,That's what I'll shoot for.,And you think you're-you're able to cut down to those levels of no more than seven a week?,AnnoMI-derived authentic counseling turn,substance-use counseling
1655,Provide a supportive motivational-interviewing counseling response for a person experiencing substance-use problems.,"Yeah. Definitely, yeah.","And then their parents find out or the school finds out and, you know, we have a no-tolerance policy here about drugs and alcohol, and really can get you into trouble, and it could put your whole college career in jeopardy. Have you thought about that?",AnnoMI-derived authentic counseling turn,substance-use counseling
1656,Provide a supportive motivational-interviewing counseling response for a person experiencing substance-use problems.,"Um, maybe like once or twice a month at the most.",Okay. And how often do you think you drink?,AnnoMI-derived authentic counseling turn,substance-use counseling
1657,Provide a supportive motivational-interviewing counseling response for a person experiencing substance-use problems.,"Yeah, I guess that voice is just a little more stifled by the other one.","While this baby feels like this is your second chance, you're wondering, ""Do I deserve that second chance?"" And then this other part of you that says, ""Why not? It's here and I wanna go for it.""",AnnoMI-derived authentic counseling turn,substance-use counseling
1658,Provide a supportive motivational-interviewing counseling response for a person experiencing substance-use problems.,Yeah.,"Okay. So, from your family perspective, the drinking is not something that fits very well?",AnnoMI-derived authentic counseling turn,substance-use counseling
1659,Provide a supportive motivational-interviewing counseling response for a person experiencing substance-use problems.,"Sure. Yeah, just not on a Saturday morning. [chuckles]",-kind of explore this a little bit further and maybe some of those advantages of reducing to the safe limits. Is that something that we could do?,AnnoMI-derived authentic counseling turn,substance-use counseling
1660,"Give a brief, empathetic counseling response focused on recovery and safety.",Part of me wants recovery and another part of me still wants to use.,"It is possible to have mixed feelings about recovery. What are the strongest reasons you want to stop, and what do you feel you would be giving up by stopping?",synthetic drug-recovery counseling augmentation,drug-use recovery counseling - mixed feelings
1661,Provide a supportive motivational-interviewing counseling response for a person experiencing substance-use problems.,Yeah.,You care about them.,AnnoMI-derived authentic counseling turn,substance-use counseling
1662,Provide a supportive motivational-interviewing counseling response for a person experiencing substance-use problems.,"Yeah, I-I-I know I'm not an idiot and people know that smokers are, you know, ""How can you smoke today?"" [coughs] It's just not that easy to, uh, quit.","Mm, and I'm sorry, that's not how I mean to come across at all.",AnnoMI-derived authentic counseling turn,substance-use counseling
1663,Act as a recovery-support counselor and encourage reflection and a realistic next step.,I do not think my drug use is as serious as my family thinks.,"It sounds like you and your family see the situation differently. Rather than judging you, I would like to understand your view. What concerns, if any, do you have about your drug use?",synthetic drug-recovery counseling augmentation,drug-use recovery counseling - readiness
1664,Provide a supportive motivational-interviewing counseling response for a person experiencing substance-use problems.,"-and-and him having problems and stuff like that, all the stuff that they talk about with women who smoke. So I-- that was just enough to-to say, ""Okay, you know what, I'm-I'm not going to risk that."" so.",Mm-hmm.,AnnoMI-derived authentic counseling turn,substance-use counseling
1665,Provide a supportive motivational-interviewing counseling response for a person experiencing substance-use problems.,"Oh, I started playing about 10 years ago, actually.",When did you start?,AnnoMI-derived authentic counseling turn,substance-use counseling
1666,Provide a non-judgmental counseling response to a person struggling with drug use.,"I want to stop using drugs, but I keep going back to them.","It sounds like you genuinely want to stop, while something keeps pulling you back. What do you think makes stopping especially difficult for you? Your willingness to talk about this is already a meaningful step. We can work through it gradually.",synthetic drug-recovery counseling augmentation,drug-use recovery counseling - ambivalence
1667,Provide a supportive motivational-interviewing counseling response for a person experiencing substance-use problems.,"Well, I feel fine, but the-the doc said it could save my life.",You don't seem too happy about that.,AnnoMI-derived authentic counseling turn,substance-use counseling
1668,Respond as a supportive addiction counselor using motivational interviewing.,I feel like one relapse means I have failed completely.,One setback does not define your whole recovery. What did you learn from this experience that could help you make a different choice the next time you face a similar situation?,synthetic drug-recovery counseling augmentation,drug-use recovery counseling - reframing relapse
1669,Provide a non-judgmental counseling response to a person struggling with drug use.,I do not think my drug use is as serious as my family thinks.,"It sounds like you and your family see the situation differently. Rather than judging you, I would like to understand your view. What concerns, if any, do you have about your drug use?",synthetic drug-recovery counseling augmentation,drug-use recovery counseling - readiness
1670,Provide a supportive motivational-interviewing counseling response for a person experiencing substance-use problems.,Yeah. He's about eight years old now.,"Oh, cute. Have you had him a long time?",AnnoMI-derived authentic counseling turn,substance-use counseling
1671,Provide a supportive motivational-interviewing counseling response for a person experiencing substance-use problems.,Wow.,Yeah.,AnnoMI-derived authentic counseling turn,substance-use counseling
1672,Provide a supportive motivational-interviewing counseling response for a person experiencing substance-use problems.,"Um, I enjoy it. It just- it relaxes me. It's great after a meal, um, for me-",Okay. Is there anything I missed?,AnnoMI-derived authentic counseling turn,substance-use counseling
1673,Provide a supportive motivational-interviewing counseling response for a person experiencing substance-use problems.,-always good.,Yeah,AnnoMI-derived authentic counseling turn,substance-use counseling
1674,Respond as a supportive addiction counselor using motivational interviewing.,"My friends use drugs, and it makes staying sober difficult.","That environment can make recovery harder. Which people or places feel safer for you, and how might you create more distance from situations that increase the urge to use? You do not have to figure everything out at once. We can focus on one manageable step.",synthetic drug-recovery counseling augmentation,drug-use recovery counseling - social environment
1675,Provide a supportive motivational-interviewing counseling response for a person experiencing substance-use problems.,"Well, I-I love them, so I want them to think well of me-",What's important to you about your family?,AnnoMI-derived authentic counseling turn,substance-use counseling
1676,Provide a supportive motivational-interviewing counseling response for a person experiencing substance-use problems.,Maybe a five or six.,"Okay. How important is it to you to make some adjustments to your drinking, on a scale of 1 to 10? Where 1 is not at all important, not something you're thinking about, and 10 is most important thing.",AnnoMI-derived authentic counseling turn,substance-use counseling
1677,Provide a supportive motivational-interviewing counseling response for a person experiencing substance-use problems.,Mm-hmm.,"And again, thanks for your honesty in talking about this. I appreciate that this is a- this is a tough topic. This is a-a hard behavior to think about giving up. Um, I guess one thing that- one thing that doesn't make sense to me is that, you know, on the one hand, you talk about how being a good parent is your highest priority, it's really important to you to set a good example for your daughter-",AnnoMI-derived authentic counseling turn,substance-use counseling
1678,Provide a supportive motivational-interviewing counseling response for a person experiencing substance-use problems.,"Well, I know my drinking has increased a little since I got divorced and moved to Portland, but I-I don't think it's that much of a problem.","Mm-hmm. From this, uh, drinker's pyramid over on this side of the card, you can see that the-the score on your screening sheet shows that you're up in the harmful category of drinkers. So that it's likely you're drinking, you know, in quantities probably more than about 90% of the folks who come in to see me here at the clinic.",AnnoMI-derived authentic counseling turn,substance-use counseling
1679,Provide a supportive motivational-interviewing counseling response for a person experiencing substance-use problems.,But I'm healthy. What health problems are you talking about?,"Mm-hmm. Well, technically, we define binge drinking as having more than four drinks on one occasion.",AnnoMI-derived authentic counseling turn,substance-use counseling
1680,Provide a non-judgmental counseling response to a person struggling with drug use.,I want to rebuild trust with my family after my drug use.,"Rebuilding trust can take time, and your wish to repair those relationships is meaningful. What is one consistent action you could take that would show your family you are working toward recovery? There is no need to judge yourself while we explore what happened. Understanding the pattern can help you make a different choice.",synthetic drug-recovery counseling augmentation,drug-use recovery counseling - family trust
1681,Provide a supportive motivational-interviewing counseling response for a person experiencing substance-use problems.,"It's not a big deal. Sometimes with my friends, we'll drink a few beers and when we're hanging out or when we're at a party, and sometimes rum and cokes.","Okay. So, let's take a look. So I see that you have marked that you sometimes use alcohol, and that you have used alcohol to relax, feel better about yourself or fit in. Do you mind telling me a little bit more about your alcohol use?",AnnoMI-derived authentic counseling turn,substance-use counseling
1682,"Give a brief, empathetic counseling response focused on recovery and safety.",I feel like one relapse means I have failed completely.,One setback does not define your whole recovery. What did you learn from this experience that could help you make a different choice the next time you face a similar situation? Your willingness to talk about this is already a meaningful step. We can work through it gradually.,synthetic drug-recovery counseling augmentation,drug-use recovery counseling - reframing relapse
1683,Respond as a supportive addiction counselor using motivational interviewing.,I had a difficult day and immediately thought about using.,"It sounds like a difficult day quickly triggered the urge to use. What happened today, and what might help you respond differently if a similar situation happens again?",synthetic drug-recovery counseling augmentation,drug-use recovery counseling - trigger awareness
1684,Provide a supportive motivational-interviewing counseling response for a person experiencing substance-use problems.,-so from the beginning it was always there.,Right.,AnnoMI-derived authentic counseling turn,substance-use counseling
1685,Provide a supportive motivational-interviewing counseling response for a person experiencing substance-use problems.,Yeah.,"Good. Here, take a look, see what you think. And that feeling-",AnnoMI-derived authentic counseling turn,substance-use counseling
1686,Act as a recovery-support counselor and encourage reflection and a realistic next step.,I do not think my drug use is as serious as my family thinks.,"It sounds like you and your family see the situation differently. Rather than judging you, I would like to understand your view. What concerns, if any, do you have about your drug use? Your willingness to talk about this is already a meaningful step. We can work through it gradually.",synthetic drug-recovery counseling augmentation,drug-use recovery counseling - readiness
1687,Provide a supportive motivational-interviewing counseling response for a person experiencing substance-use problems.,Okay.,"Mm-hmm. Okay. Hmm. So, I mean, I guess what we need to do then is kinda talk about some goals for how to be-",AnnoMI-derived authentic counseling turn,substance-use counseling
1688,Provide a supportive motivational-interviewing counseling response for a person experiencing substance-use problems.,Hi.,"Hi, Laura.",AnnoMI-derived authentic counseling turn,substance-use counseling
1689,Provide a supportive motivational-interviewing counseling response for a person experiencing substance-use problems.,Yeah.,-for you?,AnnoMI-derived authentic counseling turn,substance-use counseling
1690,Provide a supportive motivational-interviewing counseling response for a person experiencing substance-use problems.,I think I'm gonna have to be successful. I don't really- I don't have any other choice. Like I have to- I have to take that path.,"When you think about, you know, embracing this new life, and taking that different path, turning away from path A and moving into path B, how confident are you that you can take path B and be successful in raising this baby, and letting go with the drinking and the life that you were in-in path A?",AnnoMI-derived authentic counseling turn,substance-use counseling
1691,Provide a supportive motivational-interviewing counseling response for a person experiencing substance-use problems.,"Um, probably four or five drinks.",Yes.,AnnoMI-derived authentic counseling turn,substance-use counseling
1692,Provide a supportive motivational-interviewing counseling response for a person experiencing substance-use problems.,"Yeah, but I only missed school once.","So more negative things about your drinking, like getting into trouble with your mom and missing a class at school when you had a hangover?",AnnoMI-derived authentic counseling turn,substance-use counseling
1693,Provide a supportive motivational-interviewing counseling response for a person experiencing substance-use problems.,"Uh, yeah, that's fine.","Thanks. Just so you know, when I talk to patients about drug use, my job is to be helpful. I'm not going to tell you what to do or what you should do. What I can do is share some information and be a resource. Does that make sense?",AnnoMI-derived authentic counseling turn,substance-use counseling
1694,Act as a recovery-support counselor and encourage reflection and a realistic next step.,I have been using drugs again and I feel like I am losing control.,Thank you for being honest about that. It sounds like the drug use is feeling increasingly difficult to control. What would you most like to change about your situation right now? There is no need to judge yourself while we explore what happened. Understanding the pattern can help you make a different choice.,synthetic drug-recovery counseling augmentation,drug-use recovery counseling - loss of control
1695,Provide a non-judgmental counseling response to a person struggling with drug use.,I am worried about going back to my old environment after treatment.,"Returning to a familiar environment can bring strong reminders and triggers. What people, places, or routines might make recovery harder, and what support could you arrange before returning?",synthetic drug-recovery counseling augmentation,drug-use recovery counseling - aftercare
1696,Provide a supportive motivational-interviewing counseling response for a person experiencing substance-use problems.,"Not really closely, like, I know who they are and I'll say hi, but not-- They're not really, like, close friends of mine.",And do you hang out with them?,AnnoMI-derived authentic counseling turn,substance-use counseling
1697,Use motivational interviewing principles to respond to this substance-use concern.,"My family keeps telling me to get help, but I do not know where to start.",Reaching out can be a strong first step. Would you be open to talking with a qualified addiction counselor or healthcare professional about support options that fit your situation? Your willingness to talk about this is already a meaningful step. We can work through it gradually.,synthetic drug-recovery counseling augmentation,drug-use recovery counseling - professional help
1698,Provide a supportive motivational-interviewing counseling response for a person experiencing substance-use problems.,"And I did fall earlier this year on my home from the bar and hurt my shoulder. I don't think the drinking made me fall, but it probably didn't help the situation.",Yeah.,AnnoMI-derived authentic counseling turn,substance-use counseling
1699,Provide a supportive motivational-interviewing counseling response for a person experiencing substance-use problems.,I don't know. I really don't know. I just don't really want it.,Right.,AnnoMI-derived authentic counseling turn,substance-use counseling
1700,Provide a supportive motivational-interviewing counseling response for a person experiencing substance-use problems.,Yeah.,"Okay. Yeah, it sounds kinda similar to your, um, your value of respect to yourself.",AnnoMI-derived authentic counseling turn,substance-use counseling
1701,Provide a supportive motivational-interviewing counseling response for a person experiencing substance-use problems.,"It's just up to me not to take it so far, where I can't remember the night before, if I'm puking. All I remember is the toilet-",Mm-hmm.,AnnoMI-derived authentic counseling turn,substance-use counseling
1702,Provide a supportive motivational-interviewing counseling response for a person experiencing substance-use problems.,"Well, I don't believe that they are cigars. And what I do believe is that it's a choice and it's my right, and it's something that I choose to do. And so I will think about cutting back, but I'm not at a point where I'm ready to do that. And I'm not really sure that I even believe that what you're telling me is real.","Okay, well, that's a good start, but cutting back isn't going to do it. If you actually quit the smoking, you can reverse all the damage you've done in your mouth, and you can stop yourself from- from being at risk for these other diseases. But as long as you're continuing to use these cigars you're really putting yourself in a lot of danger.",AnnoMI-derived authentic counseling turn,substance-use counseling
1703,Provide a supportive motivational-interviewing counseling response for a person experiencing substance-use problems.,"I'm pretty confident, especially.",How confident are you that you could actually change your drinking or-or even cut down or quit?,AnnoMI-derived authentic counseling turn,substance-use counseling
1704,Provide a supportive motivational-interviewing counseling response for a person experiencing substance-use problems.,"-three years, and all I could think about I was like obsessing about it.",Yeah.,AnnoMI-derived authentic counseling turn,substance-use counseling
1705,Provide a non-judgmental counseling response to a person struggling with drug use.,I feel like one relapse means I have failed completely.,One setback does not define your whole recovery. What did you learn from this experience that could help you make a different choice the next time you face a similar situation?,synthetic drug-recovery counseling augmentation,drug-use recovery counseling - reframing relapse
1706,Provide a supportive motivational-interviewing counseling response for a person experiencing substance-use problems.,Mm-hmm.,It has a lot of alcohol in it.,AnnoMI-derived authentic counseling turn,substance-use counseling
1707,Provide a supportive motivational-interviewing counseling response for a person experiencing substance-use problems.,"I don't know. I mean, I don't really get why you're asking me that. I mean, I just came here, you know, for a regular visit. I-I am not here to talk about my drinking.",Two max. How many drinks would you say you'd have over the course of a week?,AnnoMI-derived authentic counseling turn,substance-use counseling
1708,Provide a supportive motivational-interviewing counseling response for a person experiencing substance-use problems.,Yeah. [laughs],As long as I don't talk too much?,AnnoMI-derived authentic counseling turn,substance-use counseling
1709,Use motivational interviewing principles to respond to this substance-use concern.,I use drugs when I feel stressed and overwhelmed.,"You have noticed a connection between stress and drug use, which is useful information. What are some safer ways you have handled stress in the past, even if they only helped a little? You do not have to figure everything out at once. We can focus on one manageable step.",synthetic drug-recovery counseling augmentation,drug-use recovery counseling - stress trigger
1710,Provide a supportive motivational-interviewing counseling response for a person experiencing substance-use problems.,Yeah.,"Okay, yeah yeah sure, you're already taking a huge step forward in many ways by coming along to-to start talking about it.",AnnoMI-derived authentic counseling turn,substance-use counseling
1711,Provide a supportive motivational-interviewing counseling response for a person experiencing substance-use problems.,"Well, yeah, I mean, obviously I don't wanna keep pissing my flatmates off.","Alright, so it's back to the money thing again which is-",AnnoMI-derived authentic counseling turn,substance-use counseling
1712,Provide a supportive motivational-interviewing counseling response for a person experiencing substance-use problems.,"Sometimes, [chuckles] I'm gonna be honest sometimes.","Mm-hmm. When you're hanging out, is there ever alcohol?",AnnoMI-derived authentic counseling turn,substance-use counseling
1713,Act as a recovery-support counselor and encourage reflection and a realistic next step.,"I want to make healthier choices, but I feel stuck.",Feeling stuck can make change seem overwhelming. What is one small change that feels realistic this week and could move you a little closer to the life you want? There is no need to judge yourself while we explore what happened. Understanding the pattern can help you make a different choice.,synthetic drug-recovery counseling augmentation,drug-use recovery counseling - small steps
1714,Provide a supportive motivational-interviewing counseling response for a person experiencing substance-use problems.,"I wish my wife could have come today cause she's feels after like, just stop like right away. So do you think she could come with me at a future appointment or something and she could hear that message?",There are some medications and some different approaches that we can use that aren't so abrupt. Recognizing that it-it's going to take some time and practice to get to where you might want to be.,AnnoMI-derived authentic counseling turn,substance-use counseling
1715,Provide a supportive motivational-interviewing counseling response for a person experiencing substance-use problems.,"Yeah, it could be because, uh, I was high when I had unprotected sex and I would not do that if I were not high.","Well, as I think you know, Methamphetamine use is associated with some health risks. And the amount that you're using it-it puts you in a category that we consider a risky user. And that contrasts with someone who it says addicted, um, someone who's a heavy user but it's not in a healthy category because people who use Methamphetamine tend to run to a number of consequences. And actually one of them is, um, sexually transmitted diseases. Do you suppose that your STD might be associated with your Methamphetamine use?",AnnoMI-derived authentic counseling turn,substance-use counseling
1716,Use motivational interviewing principles to respond to this substance-use concern.,"My family keeps telling me to get help, but I do not know where to start.",Reaching out can be a strong first step. Would you be open to talking with a qualified addiction counselor or healthcare professional about support options that fit your situation? There is no need to judge yourself while we explore what happened. Understanding the pattern can help you make a different choice.,synthetic drug-recovery counseling augmentation,drug-use recovery counseling - professional help
1717,Act as a recovery-support counselor and encourage reflection and a realistic next step.,I want to recover but I am afraid of what life will be like without drugs.,"That fear makes sense because recovery can involve major changes. What parts of life without drugs worry you most, and what kind of support might make those changes feel safer? There is no need to judge yourself while we explore what happened. Understanding the pattern can help you make a different choice.",synthetic drug-recovery counseling augmentation,drug-use recovery counseling - fear of recovery
1718,Provide a supportive motivational-interviewing counseling response for a person experiencing substance-use problems.,"Uh, no.","Okay. Um, any questions or anything-",AnnoMI-derived authentic counseling turn,substance-use counseling
1719,Provide a supportive motivational-interviewing counseling response for a person experiencing substance-use problems.,Uh-huh.,"So, let me summarize a little bit what you've told me. It sounds like you have a pretty hectic, stressful life, and you really feel like you need some kind of-",AnnoMI-derived authentic counseling turn,substance-use counseling
1720,Provide a supportive motivational-interviewing counseling response for a person experiencing substance-use problems.,Yeah. I-I-I just-- I don't see the problem in it right now and maybe it's because I haven't really had that traumatic of an experience but I'm—,"I think you're wrong. You know, it really worries me. Anyway, um, I wish you would quit. If all you're going to do is cut down, that's better than nothing. You know, I appreciate you talking to me about this, but I'm gonna keep talking to you about it. It's really important.",AnnoMI-derived authentic counseling turn,substance-use counseling
1721,Provide a supportive motivational-interviewing counseling response for a person experiencing substance-use problems.,"Yeah, which is that, um, I'm going to do what I- do what I wanna do and what I know, right? So it's- yeah. I don't know, but, um, I'm here anyway. So-",Okay.,AnnoMI-derived authentic counseling turn,substance-use counseling
1722,Provide a supportive motivational-interviewing counseling response for a person experiencing substance-use problems.,Yeah.,"So, at the moment, it's been a case of the last six months, this is a pattern that you’ve been noticing more and more, um, a sign that it has had negative impacts on your lifestyle which you’re not happy with and you are in you're in a position where, you know what? I wanna do something about it.",AnnoMI-derived authentic counseling turn,substance-use counseling
1723,Provide a supportive motivational-interviewing counseling response for a person experiencing substance-use problems.,"Well, to be honest, I drink sometimes when I'm feeling down and I find it more interesting and not so blur.","Well, how do you think your drinking relates to the depression you've experienced?",AnnoMI-derived authentic counseling turn,substance-use counseling
1724,Provide a supportive motivational-interviewing counseling response for a person experiencing substance-use problems.,Yeah.,"Mm-hmm, and if it was as easy as the doctor is saying or your partner-",AnnoMI-derived authentic counseling turn,substance-use counseling
1725,Provide a supportive motivational-interviewing counseling response for a person experiencing substance-use problems.,-if I can quit or not?,Mm-hmm.,AnnoMI-derived authentic counseling turn,substance-use counseling
1726,Provide a non-judgmental counseling response to a person struggling with drug use.,"My family keeps telling me to get help, but I do not know where to start.",Reaching out can be a strong first step. Would you be open to talking with a qualified addiction counselor or healthcare professional about support options that fit your situation? There is no need to judge yourself while we explore what happened. Understanding the pattern can help you make a different choice.,synthetic drug-recovery counseling augmentation,drug-use recovery counseling - professional help
1727,Provide a supportive motivational-interviewing counseling response for a person experiencing substance-use problems.,"Um, sometimes we just, you know, go to the movies, go to the beach, like I had said, or sometimes we just get together at someone's house, play some good board games and hang out.","All right. Well, um, one of the things I wanted to talk to you about sort of relates to belonging and your friends. So what kinds of things do you like to do when you get together with your friends?",AnnoMI-derived authentic counseling turn,substance-use counseling
1728,Provide a supportive motivational-interviewing counseling response for a person experiencing substance-use problems.,"I wouldn't mind coming back in a week again because this is all new and-and a week, I can handle a week.","So, given what you're-you're attempting to do, when would it be good for you to come back and talk about this?",AnnoMI-derived authentic counseling turn,substance-use counseling
1729,Provide a supportive motivational-interviewing counseling response for a person experiencing substance-use problems.,"Yeah, I-- Yeah, I do smoke, but I don't smoke around him. I try really hard not to smoke around him.","Well, one of the primary risk factors for multiple ear infections in kids is actually smoke exposure. Are you smoking?",AnnoMI-derived authentic counseling turn,substance-use counseling
1730,Provide a supportive motivational-interviewing counseling response for a person experiencing substance-use problems.,"I don't know what to say, um, and I just, drinking helps.",Okay.,AnnoMI-derived authentic counseling turn,substance-use counseling
1731,Respond as a supportive addiction counselor using motivational interviewing.,"I want to stop using drugs, but I keep going back to them.","It sounds like you genuinely want to stop, while something keeps pulling you back. What do you think makes stopping especially difficult for you? Your willingness to talk about this is already a meaningful step. We can work through it gradually.",synthetic drug-recovery counseling augmentation,drug-use recovery counseling - ambivalence
1732,Provide a non-judgmental counseling response to a person struggling with drug use.,Part of me wants recovery and another part of me still wants to use.,"It is possible to have mixed feelings about recovery. What are the strongest reasons you want to stop, and what do you feel you would be giving up by stopping? There is no need to judge yourself while we explore what happened. Understanding the pattern can help you make a different choice.",synthetic drug-recovery counseling augmentation,drug-use recovery counseling - mixed feelings
1733,Provide a supportive motivational-interviewing counseling response for a person experiencing substance-use problems.,That sounds bad.,"Yes, always happy to hear that. I do have some concerns though because I'm seeing some irritation in your mouth in the palate that's called nicotinic stomatitis and-",AnnoMI-derived authentic counseling turn,substance-use counseling
1734,Provide a supportive motivational-interviewing counseling response for a person experiencing substance-use problems.,"Well, a friend and I would snuck out one night to go to the park, and we got a couple of beers from his house, but the cop came by, and so we threw them in the bushes. He was originally gonna give us a curfew ticket but ended up not to. Luckily, he didn't see the beer.","sI see from the questionnaire, did you have got in trouble while using alcohol? Can you tell me more about that?",AnnoMI-derived authentic counseling turn,substance-use counseling
1735,Respond as a supportive addiction counselor using motivational interviewing.,Part of me wants recovery and another part of me still wants to use.,"It is possible to have mixed feelings about recovery. What are the strongest reasons you want to stop, and what do you feel you would be giving up by stopping? If you are comfortable, we can explore what matters most to you and identify a practical next step.",synthetic drug-recovery counseling augmentation,drug-use recovery counseling - mixed feelings
1736,Provide a supportive motivational-interviewing counseling response for a person experiencing substance-use problems.,"Um, I mean education is really important to me and-and also my family. My parents are always talking about it and I really- I really wanna be an international journalist, to be on the news like, I mean, I have the face for it, um. So I guess if I reprioritize my- if I reprioritize what I need to do I and I won't drink so much. I probably wouldn't be disappointing my parents and I'd be able to get a really good education.",College is all about making choices. Can you tell me about your beliefs and values that influenced your decision-making and how do those beliefs and values align with the decisions you plan to make about drinking?,AnnoMI-derived authentic counseling turn,substance-use counseling
1737,Use motivational interviewing principles to respond to this substance-use concern.,I feel like one relapse means I have failed completely.,One setback does not define your whole recovery. What did you learn from this experience that could help you make a different choice the next time you face a similar situation? You do not have to figure everything out at once. We can focus on one manageable step.,synthetic drug-recovery counseling augmentation,drug-use recovery counseling - reframing relapse
1738,Provide a non-judgmental counseling response to a person struggling with drug use.,"I want to make healthier choices, but I feel stuck.","Feeling stuck can make change seem overwhelming. What is one small change that feels realistic this week and could move you a little closer to the life you want? If you are comfortable, we can explore what matters most to you and identify a practical next step.",synthetic drug-recovery counseling augmentation,drug-use recovery counseling - small steps
1739,Provide a supportive motivational-interviewing counseling response for a person experiencing substance-use problems.,You're welcome.,"Hi, Nick. Thank you for completing the CRAFFT questionnaire. I also appreciate you sharing some information about yourself.",AnnoMI-derived authentic counseling turn,substance-use counseling
1740,Provide a supportive motivational-interviewing counseling response for a person experiencing substance-use problems.,£50 a week.,£50 a week.,AnnoMI-derived authentic counseling turn,substance-use counseling
1741,Provide a supportive motivational-interviewing counseling response for a person experiencing substance-use problems.,"No, I mean, no. I mean, like I said, I only do it in clubs, you know, with my friends, uh, two or three times a month at-at the most. Um, uh, I don't think it's really having other impacts. But I'm-I'm concerned about this one. I never expected to get gonorrhea.",Anything else happening with Methamphetamine in your life? Is it affecting you in any way?,AnnoMI-derived authentic counseling turn,substance-use counseling
1742,Provide a supportive motivational-interviewing counseling response for a person experiencing substance-use problems.,Okay. I guess I'll think about it.,"Well, uh, we can go into some more specifics if you decide to see the counselor about what-what privacy rules there are, but for the most part, you wouldn't need to worry about us sharing anything with your parents.",AnnoMI-derived authentic counseling turn,substance-use counseling
1743,Provide a supportive motivational-interviewing counseling response for a person experiencing substance-use problems.,No.,"Do you, um, do you ever use any prescription medicines that were not prescribed for you, or ever use your own prescriptions in a way on which they were not prescribed?",AnnoMI-derived authentic counseling turn,substance-use counseling
1744,Provide a supportive motivational-interviewing counseling response for a person experiencing substance-use problems.,"Um, dr-drugs, I guess.","So tell me a little bit about what you're doing, what is- what is the concern that they are raising.",AnnoMI-derived authentic counseling turn,substance-use counseling
1745,Act as a recovery-support counselor and encourage reflection and a realistic next step.,I feel like one relapse means I have failed completely.,One setback does not define your whole recovery. What did you learn from this experience that could help you make a different choice the next time you face a similar situation? There is no need to judge yourself while we explore what happened. Understanding the pattern can help you make a different choice.,synthetic drug-recovery counseling augmentation,drug-use recovery counseling - reframing relapse
1746,Provide a supportive motivational-interviewing counseling response for a person experiencing substance-use problems.,"Um, no, I mean, I've never, you know, been friends with anybody that's gotten into like a serious accident and stuff. It's just-","Got it. I-I can understand that. [chuckles] Uh, any other things that you can think of?",AnnoMI-derived authentic counseling turn,substance-use counseling
1747,Provide a supportive motivational-interviewing counseling response for a person experiencing substance-use problems.,"-you know, for breathing, um, and, um, I was trying to stick my head out the window to gasp for air-",Mm-hmm.,AnnoMI-derived authentic counseling turn,substance-use counseling
1748,Respond as a supportive addiction counselor using motivational interviewing.,I do not think my drug use is as serious as my family thinks.,"It sounds like you and your family see the situation differently. Rather than judging you, I would like to understand your view. What concerns, if any, do you have about your drug use? Your willingness to talk about this is already a meaningful step. We can work through it gradually.",synthetic drug-recovery counseling augmentation,drug-use recovery counseling - readiness
1749,Provide a supportive motivational-interviewing counseling response for a person experiencing substance-use problems.,"Sure. Um, as you know, I'm Andrea, I, uh, I'm a junior I'm in the marching band. I play the tenor sax.",All right. So why don't we start by you telling me a little bit about yourself?,AnnoMI-derived authentic counseling turn,substance-use counseling
1750,Provide a supportive motivational-interviewing counseling response for a person experiencing substance-use problems.,"Yeah. I mean, I'm ready to consider changing my drinking, but, as far as actually doing it, I-I don't know. I mean, I have a lot of problems that I'm trying to work out right now.","Um, we started off talking about how your drinking has sort of drifted into a risky area, and it would be advisable to cut back. Um, but it sounds like you feel like that's fairly important to you and not something you necessarily want to do. But on the other hand, we've talked about ways in which that perhaps could be made a bit easier, but I'm not sure if you're ready to tackle that or pursue that right now. I'm just kind of wondering where you are.",AnnoMI-derived authentic counseling turn,substance-use counseling
1751,Provide a supportive motivational-interviewing counseling response for a person experiencing substance-use problems.,"Um, well, it's-it's really important to me. That's a big priority of mine is to have a healthy baby and bring him or her up well and-and, you know, be a good parent.","Okay. And I'm wondering as far as, um, bringing the baby into the world and, you know, your future as a parent, ho-how important is it to have a healthy baby to you?",AnnoMI-derived authentic counseling turn,substance-use counseling
1752,Provide a supportive motivational-interviewing counseling response for a person experiencing substance-use problems.,"Uh, I vape. I have a pen, but I don't smoke it though.","Okay. When students and I talk about their substance use, the first thing I always say, I don't like to tell anyone what to do. That's not my job. Instead, I like to see if there's anything they would like to do, if anything, about their use. So what can you tell me about your marijuana use?",AnnoMI-derived authentic counseling turn,substance-use counseling
1753,Provide a supportive motivational-interviewing counseling response for a person experiencing substance-use problems.,"Uh, geez. Yeah, I mean, it's the obvious stuff like my stomach feels sick, I get the body aches, uh, cold, hot, chills. Uh, everything hurts. Everything is in extremes. My emotions are in extremes. Uh, yeah, it sucks. I don't want to do anything. I just want to stay home and just stay in bed.",What does that feel like?,AnnoMI-derived authentic counseling turn,substance-use counseling
1754,Respond as a supportive addiction counselor using motivational interviewing.,Part of me wants recovery and another part of me still wants to use.,"It is possible to have mixed feelings about recovery. What are the strongest reasons you want to stop, and what do you feel you would be giving up by stopping? Your willingness to talk about this is already a meaningful step. We can work through it gradually.",synthetic drug-recovery counseling augmentation,drug-use recovery counseling - mixed feelings
1755,Provide a supportive motivational-interviewing counseling response for a person experiencing substance-use problems.,"And so many people, when they have kids, they just vanish from their friends. And I don't wanna be that person. I don't wanna be that person that just has a kid and they're completely-completely different.","So, you kind of have this identity, dual identity going on. I wanna be that person, yet, that person-",AnnoMI-derived authentic counseling turn,substance-use counseling
1756,Use motivational interviewing principles to respond to this substance-use concern.,I have been using drugs again and I feel like I am losing control.,Thank you for being honest about that. It sounds like the drug use is feeling increasingly difficult to control. What would you most like to change about your situation right now? There is no need to judge yourself while we explore what happened. Understanding the pattern can help you make a different choice.,synthetic drug-recovery counseling augmentation,drug-use recovery counseling - loss of control
1757,Provide a supportive motivational-interviewing counseling response for a person experiencing substance-use problems.,"Uh, I don't know. Um, I use maybe a few times a week.",Right. What else can you tell me about your heroin use?,AnnoMI-derived authentic counseling turn,substance-use counseling
1758,Provide a supportive motivational-interviewing counseling response for a person experiencing substance-use problems.,"No, I don't think it's a problem at all. It's something I do to help me relax. In fact, I think it's something that is good for me, but—","Okay. Um, so you said that your wife said it's a problem. Um, so do you not feel like it's a problem for you?",AnnoMI-derived authentic counseling turn,substance-use counseling
1759,Provide a supportive motivational-interviewing counseling response for a person experiencing substance-use problems.,"Every time,-","An eight. Okay. And on a scale of 1 to 10, how confident are you at the present time that you- that you can use effective birth control?",AnnoMI-derived authentic counseling turn,substance-use counseling
1760,Use motivational interviewing principles to respond to this substance-use concern.,"I want to stop using drugs, but I keep going back to them.","It sounds like you genuinely want to stop, while something keeps pulling you back. What do you think makes stopping especially difficult for you? You do not have to figure everything out at once. We can focus on one manageable step.",synthetic drug-recovery counseling augmentation,drug-use recovery counseling - ambivalence
1761,Provide a supportive motivational-interviewing counseling response for a person experiencing substance-use problems.,Yeah.,"Yeah, looking ahead, you can't keep drinking this way and reach the goals that you have for yourself.",AnnoMI-derived authentic counseling turn,substance-use counseling
1762,Provide a supportive motivational-interviewing counseling response for a person experiencing substance-use problems.,Mm-hmm.,"Yeah. So, these are not problems that are going to go away in a week. It's going to take some time to resolve. Okay, great. So, um, it sounds like we have a couple of things, uh, to pursue.",AnnoMI-derived authentic counseling turn,substance-use counseling
1763,Provide a supportive motivational-interviewing counseling response for a person experiencing substance-use problems.,"Well, I like to watch movies, read a book, and take a bath but sometimes I drink when I take a bath.",What else besides drinking helps you relax and unwind in the evenings?,AnnoMI-derived authentic counseling turn,substance-use counseling
1764,Provide a supportive motivational-interviewing counseling response for a person experiencing substance-use problems.,"And even then I-I snuck out and had a cigarette, you know.",Okay.,AnnoMI-derived authentic counseling turn,substance-use counseling
1765,Use motivational interviewing principles to respond to this substance-use concern.,I have been avoiding people because I am embarrassed about my drug use.,"It sounds like embarrassment has been pushing you away from others. Is there one trusted person you would feel comfortable talking to, even if you are not ready to tell them everything? If you are comfortable, we can explore what matters most to you and identify a practical next step.",synthetic drug-recovery counseling augmentation,drug-use recovery counseling - isolation
1766,Provide a supportive motivational-interviewing counseling response for a person experiencing substance-use problems.,"You're-you're right. I-I don't want- I don't wanna be too far gone before it's too late. Like I-I can imagine something possibly happening where it's to a degree where I can't escape. And I-I guess I've never really had any-any real experience where the alcohol has really affected me that much or affected anybody close to me that much. So I guess it's something that I feel like I'm control of, but in reality, I might not have as much control as I think.",Do you wanna wait for that happen? Do you wanna wait for a dramatic experience?,AnnoMI-derived authentic counseling turn,substance-use counseling
1767,Provide a supportive motivational-interviewing counseling response for a person experiencing substance-use problems.,Discussing things helps me. I always feel better when I get things out.,Okay.,AnnoMI-derived authentic counseling turn,substance-use counseling
1768,Provide a supportive motivational-interviewing counseling response for a person experiencing substance-use problems.,"No, that’s good, that’s-that's, yeah, that's- that is definitely what I’m gonna do.","Okay, how does that sound like a first step goal for you?",AnnoMI-derived authentic counseling turn,substance-use counseling
1769,Provide a supportive motivational-interviewing counseling response for a person experiencing substance-use problems.,"My girlfriend quit smoking. She quit drinking. She quit doing everything with this Wellbutrin. Now I- I- I am on some medications, like some, like I think that's an antidepressant.",Okay.,AnnoMI-derived authentic counseling turn,substance-use counseling
1770,Provide a supportive motivational-interviewing counseling response for a person experiencing substance-use problems.,"Um, I had nightmares-",Mm-hmm. Mm-hmm. Wh-What sort of if-if you are willing to talk about what kind of side effect—,AnnoMI-derived authentic counseling turn,substance-use counseling
1771,Provide a supportive motivational-interviewing counseling response for a person experiencing substance-use problems.,"A little bit. I think if I- if I talk to them, it would be fine, but it's-it's weird, right? Like I'm the only one of my friends that's, like, taking this step and having a kid, and they don't really know how to handle that.","Mm-hmm. So, there's this external pressure coming from the people you care about to sort of stay in the scene.",AnnoMI-derived authentic counseling turn,substance-use counseling
1772,Provide a supportive motivational-interviewing counseling response for a person experiencing substance-use problems.,I wanna stay friends with them. I don't want- I don't want them to just-,And you want them to support you.,AnnoMI-derived authentic counseling turn,substance-use counseling
1773,Provide a supportive motivational-interviewing counseling response for a person experiencing substance-use problems.,"-and I want them to, um, be accepting and love me.",Hm.,AnnoMI-derived authentic counseling turn,substance-use counseling
1774,Provide a supportive motivational-interviewing counseling response for a person experiencing substance-use problems.,Yes-,It sounds like you're ready to move up to something that was different.,AnnoMI-derived authentic counseling turn,substance-use counseling
1775,Provide a supportive motivational-interviewing counseling response for a person experiencing substance-use problems.,Mm-hmm. I really want to get off the program.,You're willing to take steps to improve on that.,AnnoMI-derived authentic counseling turn,substance-use counseling
1776,"Give a brief, empathetic counseling response focused on recovery and safety.","My friends use drugs, and it makes staying sober difficult.","That environment can make recovery harder. Which people or places feel safer for you, and how might you create more distance from situations that increase the urge to use? You do not have to figure everything out at once. We can focus on one manageable step.",synthetic drug-recovery counseling augmentation,drug-use recovery counseling - social environment
1777,Provide a supportive motivational-interviewing counseling response for a person experiencing substance-use problems.,-that made me rethink-,Mm-hmm.,AnnoMI-derived authentic counseling turn,substance-use counseling
1778,Provide a supportive motivational-interviewing counseling response for a person experiencing substance-use problems.,"Yep. Yeah, a couple.","Hmm. But Ricky, let me just check, 'cause I may got this wrong, just check with you that um, there are some friends that you've got who do use who are still concerned about you. Did I get that right from what you said earlier that-that those who are concerned about you and were part of this intervention some of them use.",AnnoMI-derived authentic counseling turn,substance-use counseling
1779,Provide a non-judgmental counseling response to a person struggling with drug use.,"I was doing well in recovery, but I had a relapse.",A relapse does not erase the progress you made. Would you be willing to look at what was happening before the relapse so you can identify what might help next time?,synthetic drug-recovery counseling augmentation,drug-use recovery counseling - relapse
1780,Provide a supportive motivational-interviewing counseling response for a person experiencing substance-use problems.,Sure.,"So now that we've discussed a little bit of your medical history and- and taking your vitals, I'd like to ask you a few more questions. The-",AnnoMI-derived authentic counseling turn,substance-use counseling
1781,Provide a supportive motivational-interviewing counseling response for a person experiencing substance-use problems.,-not- going through life without smoking.,Mm-hmm.,AnnoMI-derived authentic counseling turn,substance-use counseling
1782,Provide a supportive motivational-interviewing counseling response for a person experiencing substance-use problems.,"I'd say, um, on a not busy month, for instance, I'd say about like two weekends out of the month. Two or three.",Okay. And how often do you think you would say you're drinking?,AnnoMI-derived authentic counseling turn,substance-use counseling
1783,Provide a supportive motivational-interviewing counseling response for a person experiencing substance-use problems.,"Yeah. People can get a little like sloppy, I guess. Like they're all loose, like with people in corners doing things that should be done in private-","-because you have to make sure that you're doing it safely or as safe as you can. And then, um, there can be some other consequences like throwing up or even if it's not you, that sometimes you're stuck your-your fun is sort of ruined when you're stuck dealing with a friend who drunk too much. Okay. And the other not so good things about the alcohol?",AnnoMI-derived authentic counseling turn,substance-use counseling
1784,Provide a non-judgmental counseling response to a person struggling with drug use.,I am worried that I will never be able to stay in recovery.,"It sounds like you are worried about your ability to maintain recovery. What is one time when you managed a difficult situation without using, and what helped you then? You do not have to figure everything out at once. We can focus on one manageable step.",synthetic drug-recovery counseling augmentation,drug-use recovery counseling - confidence
1785,Provide a supportive motivational-interviewing counseling response for a person experiencing substance-use problems.,"Well, I'm- I guess I'm still a fighter, and I-I-I- it's starting to- I'm starting to realize it and I do feel pretty good that I came to see you. I-I- it was a step and a couple of people who care about me actually, uh, gave me a pat on the back that I came to see you. So-","Okay. Now, help me understand why you said 40 and not something like 10 or zero because you mentioned that you don't even want to quit.",AnnoMI-derived authentic counseling turn,substance-use counseling
1786,Provide a supportive motivational-interviewing counseling response for a person experiencing substance-use problems.,"Yeah, and a couple of my friends drink too.",Are you surprised what that might be true?,AnnoMI-derived authentic counseling turn,substance-use counseling
1787,Provide a supportive motivational-interviewing counseling response for a person experiencing substance-use problems.,"I usually-- Well, I start off like I make sure that I make my own drink so I know what's in it and how much is in it. So in that way I control how much I drink. So, I usually just, you know, get one of those cups and then make one drink. And then I'll try to make it last as long as possible. And I'll be like, ""All right, this is my one drink"" and I'm good in that way. I still have something in my cup so people aren't gonna be like, ""Oh, here. Have some more."" I'd be like, ""No, I'm good. I have mine,"" and I'll still be, you know, having some to like let loose a little.",Okay. And what have you come up with at this point? Do you have sort of a-a limit that you stick to or are you--?,AnnoMI-derived authentic counseling turn,substance-use counseling
1788,Provide a supportive motivational-interviewing counseling response for a person experiencing substance-use problems.,"Well, food really doesn't taste good, but they say it tastes much better-",Mm.,AnnoMI-derived authentic counseling turn,substance-use counseling
1789,Provide a supportive motivational-interviewing counseling response for a person experiencing substance-use problems.,"Well, I was going to ask you about, um, whitening my teeth because I've noticed that they have more stains on them up than a few years ago, and so I imagine that has something to do with the smoking.",Okay. How about the other side? Have you noticed any not-so-good things about the smoking?,AnnoMI-derived authentic counseling turn,substance-use counseling
1790,Provide a supportive motivational-interviewing counseling response for a person experiencing substance-use problems.,"And, uh, whatever else you can do just to get me to go smoke-free.","Absolutely, we're in the right place for that.",AnnoMI-derived authentic counseling turn,substance-use counseling
1791,Provide a supportive motivational-interviewing counseling response for a person experiencing substance-use problems.,Okay.,"Okay, so I'm just gonna ask you a couple of more background questions.",AnnoMI-derived authentic counseling turn,substance-use counseling
1792,Provide a supportive motivational-interviewing counseling response for a person experiencing substance-use problems.,Mm-hmm.,"On the one hand, you- the drinking maybe helps with the belonging community to start.",AnnoMI-derived authentic counseling turn,substance-use counseling
1793,Provide a supportive motivational-interviewing counseling response for a person experiencing substance-use problems.,Yeah.,"Okay. So, the-the absolute most-",AnnoMI-derived authentic counseling turn,substance-use counseling
1794,"Respond as a safe, supportive substance-use counselor. Prioritize immediate safety when there is overdose or self-harm risk.",I want help before my drug use gets worse.,Reaching out now is a positive step. A qualified addiction counselor or healthcare professional can help assess your situation and create a recovery plan that fits your needs.,synthetic safety counseling augmentation,drug-use safety
1795,Provide a supportive motivational-interviewing counseling response for a person experiencing substance-use problems.,It really wasn't that big of a deal.,"Science fair project or not, don't you know what happens when someone drives under the influence of marijuana or alcohol? It's bad. They can wreck the car, you can lose your life. I thought you were smart, you're taking AP classes, you wanna get into a Ivy League school. This is not the way you do that.",AnnoMI-derived authentic counseling turn,substance-use counseling
1796,Provide a supportive motivational-interviewing counseling response for a person experiencing substance-use problems.,"Yeah, the tenor sax.",That's awesome. And you play tenor sax?,AnnoMI-derived authentic counseling turn,substance-use counseling
1797,Provide a supportive motivational-interviewing counseling response for a person experiencing substance-use problems.,That'd be wonderful. Thank you.,"Okay, well, I'd be happy to talk to you more about that and give you some tips and advice and give you some suggestions about where you can get some support with quitting.",AnnoMI-derived authentic counseling turn,substance-use counseling
1798,Provide a supportive motivational-interviewing counseling response for a person experiencing substance-use problems.,Okay.,"Hi, Laura. So, thanks for coming in. I'm not sure how much you know about why you're here or what we're supposed to talk about. So, basically, I'm going to be meeting with all the students in the school usually once or twice per semester. And we're going to talk about, you know, whatever's kind of going on in your life. I'll ask you some questions about, you know, your goals and what you like to do for fun and those sorts of things. And then we'll talk a little bit about, you know, different behaviors and-and stuff like that. And so, it's-it's pretty casual, pretty informal, just sort of a chance for me to get to know you if that's all right.",AnnoMI-derived authentic counseling turn,substance-use counseling
1799,Provide a supportive motivational-interviewing counseling response for a person experiencing substance-use problems.,Mm. I just feel helpless about this whole deal.,You're hopeless about what's going on.,AnnoMI-derived authentic counseling turn,substance-use counseling
1800,Provide a supportive motivational-interviewing counseling response for a person experiencing substance-use problems.,That's right.,"Sure. So, Jean, I want to make sure that I've understood what you've told me of what you find good about smoking. So it helps you calm down. It gives you something to do. It's been part of your image. You know, you feel sophisticated. You feel like a movie style. In fact, the way you talk about it, it seems like that's what it makes you feel like. Is that right?",AnnoMI-derived authentic counseling turn,substance-use counseling
1801,Provide a supportive motivational-interviewing counseling response for a person experiencing substance-use problems.,"Mm, yeah. Sort of kind of do a bit of P now and again-",Mm-hmm.,AnnoMI-derived authentic counseling turn,substance-use counseling
1802,Provide a supportive motivational-interviewing counseling response for a person experiencing substance-use problems.,"Um, my wife might leave me. Uh, might lose the house. Um, can't pay my bills.","Okay. Um, and if you lost your job, what do you see being the consequences of that?",AnnoMI-derived authentic counseling turn,substance-use counseling
1803,Provide a supportive motivational-interviewing counseling response for a person experiencing substance-use problems.,"Yeah, you know, it's hard trying to please customers all day. And then, at the same time, I'm-I'm worrying, am I making enough money to support my son, you know?",It's pretty exhausting work.,AnnoMI-derived authentic counseling turn,substance-use counseling
1804,Provide a supportive motivational-interviewing counseling response for a person experiencing substance-use problems.,"I believe 80, I mean I guess that’s why I’m here so—","-as to why you’re-you're drinking. In terms of looking at cutting back on-on drinking, you know, on a scale of 0 to 100 and 100, uh, meaning it’s tremendously important for you and 0 not important at all. How important is it for you to cut back on the drinking?",AnnoMI-derived authentic counseling turn,substance-use counseling
1805,Provide a supportive motivational-interviewing counseling response for a person experiencing substance-use problems.,Yeah. Absolutely it's not my quote but he actually he would mind.,I've never heard of Union break. I love it how you said. I love it.,AnnoMI-derived authentic counseling turn,substance-use counseling
1806,Provide a supportive motivational-interviewing counseling response for a person experiencing substance-use problems.,"I could, but that could also backfire on me. I feel that I could be ridiculed for being, having a stick up my butt, you know.","Yeah. Well, maybe you can start leading as a non-drinker then.",AnnoMI-derived authentic counseling turn,substance-use counseling
1807,Provide a non-judgmental counseling response to a person struggling with drug use.,"I am trying to change, but I do not know what triggers my drug use.","We can explore that together without judgment. Think about the moments before you usually use: where are you, who are you with, and what emotions or thoughts are present? If you are comfortable, we can explore what matters most to you and identify a practical next step.",synthetic drug-recovery counseling augmentation,drug-use recovery counseling - trigger identification
1808,Provide a supportive motivational-interviewing counseling response for a person experiencing substance-use problems.,I'd say about like-like a six or a seven.,"-goals. Okay. So, you-you have a goal it sounds like, of actually cutting back on your drinking. How important is it to you to work on that goal and on a scale of one to ten, where one is not at all important and ten is it's the most important thing right now?",AnnoMI-derived authentic counseling turn,substance-use counseling
1809,Provide a supportive motivational-interviewing counseling response for a person experiencing substance-use problems.,And then maybe set up another appointment with you.,Okay.,AnnoMI-derived authentic counseling turn,substance-use counseling
1810,Respond as a supportive addiction counselor using motivational interviewing.,"My friends use drugs, and it makes staying sober difficult.","That environment can make recovery harder. Which people or places feel safer for you, and how might you create more distance from situations that increase the urge to use?",synthetic drug-recovery counseling augmentation,drug-use recovery counseling - social environment
1811,Provide a supportive motivational-interviewing counseling response for a person experiencing substance-use problems.,"Yeah. I mean, she watches him so much. I think she's just probably getting stressed out too. And, I feel bad because, you know, it's not her son, so i-it shouldn't be her problem, but, I need something that I can rely on better.","And it sounds like your mom has been an option in the past, but perhaps not so much anymore.",AnnoMI-derived authentic counseling turn,substance-use counseling
1812,Provide a supportive motivational-interviewing counseling response for a person experiencing substance-use problems.,Yeah.,It sounds like you might be better off without them though. They’re-,AnnoMI-derived authentic counseling turn,substance-use counseling
1813,Provide a non-judgmental counseling response to a person struggling with drug use.,I am worried about going back to my old environment after treatment.,"Returning to a familiar environment can bring strong reminders and triggers. What people, places, or routines might make recovery harder, and what support could you arrange before returning? Your willingness to talk about this is already a meaningful step. We can work through it gradually.",synthetic drug-recovery counseling augmentation,drug-use recovery counseling - aftercare
1814,Provide a supportive motivational-interviewing counseling response for a person experiencing substance-use problems.,Yeah. I think that sounds okay.,"Okay. So, you're gonna try to reduce the drinking, not sure about the smoking, what the plan is but I think we did agree upon earlier that you would move it outside, at least while he's sick?",AnnoMI-derived authentic counseling turn,substance-use counseling
1815,Provide a supportive motivational-interviewing counseling response for a person experiencing substance-use problems.,-everything.,Mm.,AnnoMI-derived authentic counseling turn,substance-use counseling
1816,Act as a recovery-support counselor and encourage reflection and a realistic next step.,I feel ashamed because I promised myself I would stop.,It sounds like you are carrying a lot of shame. You deserve support rather than judgment. What would be one compassionate and realistic step you could take toward recovery today? Your willingness to talk about this is already a meaningful step. We can work through it gradually.,synthetic drug-recovery counseling augmentation,drug-use recovery counseling - shame
1817,Provide a supportive motivational-interviewing counseling response for a person experiencing substance-use problems.,Oxy.,"So with his encouragement, you-you tried some drugs.",AnnoMI-derived authentic counseling turn,substance-use counseling
1818,Provide a supportive motivational-interviewing counseling response for a person experiencing substance-use problems.,Okay.,"It's a big deal. You can't drink either. You're 16. The drinking age is 21. I think you know that. You could get into an auto crash. Uh, I just wanted you to hear this. I don't' tolerate it as a doctor drinking or driving with somebody who's under the influence, and if you do it again, I'm gonna tell your parents.",AnnoMI-derived authentic counseling turn,substance-use counseling
1819,Provide a supportive motivational-interviewing counseling response for a person experiencing substance-use problems.,Yeah.,"Okay. Well, we do know that an increase in smoking and alcohol is associated with certain kinds of cancer; colon cancer, cervical cancer, breast cancer, lung cancer, and, um, also pancreatic cancer. It's also associated with liver and lung disease as well as heart disease, diabetes, and hypertension. So that's a lot of information, but I'm-",AnnoMI-derived authentic counseling turn,substance-use counseling
1820,Provide a supportive motivational-interviewing counseling response for a person experiencing substance-use problems.,"Uh, I would never do that.",Exactly.,AnnoMI-derived authentic counseling turn,substance-use counseling
1821,Provide a supportive motivational-interviewing counseling response for a person experiencing substance-use problems.,"I definitely agree. I know that there are some other risks involved in alcohol, they are the ones you mentioned, like, health-wise and things like that, so, I agree that alcohol may not be the best thing.","Um, obviously, you shouldn't be drinking at all. Um, what do you think about that?",AnnoMI-derived authentic counseling turn,substance-use counseling
1822,Respond as a supportive addiction counselor using motivational interviewing.,I want to recover but I am afraid of what life will be like without drugs.,"That fear makes sense because recovery can involve major changes. What parts of life without drugs worry you most, and what kind of support might make those changes feel safer? If you are comfortable, we can explore what matters most to you and identify a practical next step.",synthetic drug-recovery counseling augmentation,drug-use recovery counseling - fear of recovery
1823,Provide a supportive motivational-interviewing counseling response for a person experiencing substance-use problems.,"-as possible. So we'll like sleep over at a friend's house. And so that, you know, we're not driving and it's mostly within our friend group. So we're not worried about strangers putting weird things in our drinks.",Mm-hmm.,AnnoMI-derived authentic counseling turn,substance-use counseling
1824,Provide a supportive motivational-interviewing counseling response for a person experiencing substance-use problems.,"-it seemed, as just, yeah, for the reasons I was saying, just seeing like I need to do something about it now.",Okay.,AnnoMI-derived authentic counseling turn,substance-use counseling
1825,Act as a recovery-support counselor and encourage reflection and a realistic next step.,I have been avoiding people because I am embarrassed about my drug use.,"It sounds like embarrassment has been pushing you away from others. Is there one trusted person you would feel comfortable talking to, even if you are not ready to tell them everything? There is no need to judge yourself while we explore what happened. Understanding the pattern can help you make a different choice.",synthetic drug-recovery counseling augmentation,drug-use recovery counseling - isolation
1826,Provide a supportive motivational-interviewing counseling response for a person experiencing substance-use problems.,"-I don't feel like I'm like you know, it's gonna be-- I think gradually getting my- wrapping my brain around it will help, you know, before I just do, you know.",You get to decide.,AnnoMI-derived authentic counseling turn,substance-use counseling
1827,Provide a supportive motivational-interviewing counseling response for a person experiencing substance-use problems.,"Um, maybe like a five.","I have a readiness ruler in my pocket here, 0 means not ready to stop smoking at all and 10 means absolutely ready to stop smoking. Where do you see yourself on that scale?",AnnoMI-derived authentic counseling turn,substance-use counseling
1828,Provide a supportive motivational-interviewing counseling response for a person experiencing substance-use problems.,Okay.,"Okay. So, like I said, I'll plan to meet with you again in a couple weeks.",AnnoMI-derived authentic counseling turn,substance-use counseling
1829,Provide a non-judgmental counseling response to a person struggling with drug use.,I do not think my drug use is as serious as my family thinks.,"It sounds like you and your family see the situation differently. Rather than judging you, I would like to understand your view. What concerns, if any, do you have about your drug use? There is no need to judge yourself while we explore what happened. Understanding the pattern can help you make a different choice.",synthetic drug-recovery counseling augmentation,drug-use recovery counseling - readiness
1830,Act as a recovery-support counselor and encourage reflection and a realistic next step.,I have been using drugs again and I feel like I am losing control.,Thank you for being honest about that. It sounds like the drug use is feeling increasingly difficult to control. What would you most like to change about your situation right now?,synthetic drug-recovery counseling augmentation,drug-use recovery counseling - loss of control
1831,Use motivational interviewing principles to respond to this substance-use concern.,I do not think my drug use is as serious as my family thinks.,"It sounds like you and your family see the situation differently. Rather than judging you, I would like to understand your view. What concerns, if any, do you have about your drug use? Your willingness to talk about this is already a meaningful step. We can work through it gradually.",synthetic drug-recovery counseling augmentation,drug-use recovery counseling - readiness
1832,Provide a supportive motivational-interviewing counseling response for a person experiencing substance-use problems.,Okay.,"Mm-hmm. So, um, so I think we should set a goal that you're gonna stop drinking.",AnnoMI-derived authentic counseling turn,substance-use counseling
1833,Provide a supportive motivational-interviewing counseling response for a person experiencing substance-use problems.,-you know-,Mm-hmm.,AnnoMI-derived authentic counseling turn,substance-use counseling
1834,Provide a supportive motivational-interviewing counseling response for a person experiencing substance-use problems.,"Um, it probably will have a very small role, if any-","Okay. Well, when you think about your drinking and, sort of, looking forward in 5 years or 10 years, how do you think that drinking might fit in with your life?",AnnoMI-derived authentic counseling turn,substance-use counseling
1835,Provide a supportive motivational-interviewing counseling response for a person experiencing substance-use problems.,No. I think- I think I'm good.,Yeah. Yeah. Exactly. All right. Any other questions or anything else I can help with?,AnnoMI-derived authentic counseling turn,substance-use counseling
1836,Provide a supportive motivational-interviewing counseling response for a person experiencing substance-use problems.,Yeah. Yeah. A little bit.,Quite a lot's changed over the last year from—,AnnoMI-derived authentic counseling turn,substance-use counseling
1837,Provide a supportive motivational-interviewing counseling response for a person experiencing substance-use problems.,So just switching my addiction. [laughs],Yeah.,AnnoMI-derived authentic counseling turn,substance-use counseling
1838,Provide a supportive motivational-interviewing counseling response for a person experiencing substance-use problems.,Okay.,"Well, great. I recommend that you not use Methamphetamine at all but what you do is up to you.",AnnoMI-derived authentic counseling turn,substance-use counseling
1839,Provide a supportive motivational-interviewing counseling response for a person experiencing substance-use problems.,Yeah.,Sounds like a wild night.,AnnoMI-derived authentic counseling turn,substance-use counseling
1840,Provide a supportive motivational-interviewing counseling response for a person experiencing substance-use problems.,Yes.,"Mm-hmm. Okay. Well, that's a good place to start. So, I heard you say your health is important, and you're getting ready to run a marathon, so you wanna be able to do what you can to make that successful. And you also were a little bit surprised that you fell into this risky or hazardous category.",AnnoMI-derived authentic counseling turn,substance-use counseling
1841,Provide a supportive motivational-interviewing counseling response for a person experiencing substance-use problems.,-because they're fucked.,Yep.,AnnoMI-derived authentic counseling turn,substance-use counseling
1842,Provide a supportive motivational-interviewing counseling response for a person experiencing substance-use problems.,Yeah.,"Yeah. Yeah. And there are things that have gotta work for you, so that-",AnnoMI-derived authentic counseling turn,substance-use counseling
1843,Provide a supportive motivational-interviewing counseling response for a person experiencing substance-use problems.,Yeah.,Right.,AnnoMI-derived authentic counseling turn,substance-use counseling
1844,Provide a supportive motivational-interviewing counseling response for a person experiencing substance-use problems.,"Yeah, that's right.","Mm-hmm. So on one hand, using heroin feels like an escape from things you don't want to think about. On the other hand, it puts you at risk for an overdose in infections.",AnnoMI-derived authentic counseling turn,substance-use counseling
1845,Provide a supportive motivational-interviewing counseling response for a person experiencing substance-use problems.,It's actually been a fabulous week.,You're nervous that you've lost control of your behaviors.,AnnoMI-derived authentic counseling turn,substance-use counseling
1846,Provide a supportive motivational-interviewing counseling response for a person experiencing substance-use problems.,"It's just because I know that once I make the decision, I know I can do it. It's making the decision in the first place.","Oh, wow. Okay. Why do you say 10?",AnnoMI-derived authentic counseling turn,substance-use counseling
1847,Provide a supportive motivational-interviewing counseling response for a person experiencing substance-use problems.,Okay.,"Okay. Just so you know, my role, um, when we talk about alcohol use, is just to share information about risk and to help patients who want help. This is different than telling them what I think they should do. I don't do that.",AnnoMI-derived authentic counseling turn,substance-use counseling
1848,"Give a brief, empathetic counseling response focused on recovery and safety.","I can stay away from drugs for a while, then the cravings become strong.","You have already shown that you can stay away for periods of time. What usually happens just before a craving becomes strongest, and what has helped you get through a craving safely? Your willingness to talk about this is already a meaningful step. We can work through it gradually.",synthetic drug-recovery counseling augmentation,drug-use recovery counseling - cravings
1849,Provide a supportive motivational-interviewing counseling response for a person experiencing substance-use problems.,"Um, withdrawal.",I'm wondering what else might be on that list.,AnnoMI-derived authentic counseling turn,substance-use counseling
1850,Provide a supportive motivational-interviewing counseling response for a person experiencing substance-use problems.,"Well, I guess, I drank, you know, like most people do before, um, but I broke up with my boyfriend, uh, about a year ago and then six months ago I guess I wanted to go out again and see if I can meet people.",Okay. Wh-What makes you say that it's gotten worse?,AnnoMI-derived authentic counseling turn,substance-use counseling
1851,Use motivational interviewing principles to respond to this substance-use concern.,I have been using drugs again and I feel like I am losing control.,Thank you for being honest about that. It sounds like the drug use is feeling increasingly difficult to control. What would you most like to change about your situation right now?,synthetic drug-recovery counseling augmentation,drug-use recovery counseling - loss of control
1852,Provide a supportive motivational-interviewing counseling response for a person experiencing substance-use problems.,"-alcohol use, but, friendships, I mean, when I'm hanging out with my friends, or we're at a party or something, there's usually alcohol involved.",Okay.,AnnoMI-derived authentic counseling turn,substance-use counseling
1853,Provide a non-judgmental counseling response to a person struggling with drug use.,"I can stay away from drugs for a while, then the cravings become strong.","You have already shown that you can stay away for periods of time. What usually happens just before a craving becomes strongest, and what has helped you get through a craving safely? There is no need to judge yourself while we explore what happened. Understanding the pattern can help you make a different choice.",synthetic drug-recovery counseling augmentation,drug-use recovery counseling - cravings
1854,Provide a supportive motivational-interviewing counseling response for a person experiencing substance-use problems.,"So, I'm not-- Yeah.","Okay, so you don't even know.",AnnoMI-derived authentic counseling turn,substance-use counseling
1855,Provide a supportive motivational-interviewing counseling response for a person experiencing substance-use problems.,"Yeah, I-I guess. Like, I don't wanna- I don't wanna lose my friends because of this. And I don't wanna put pressure on them to change because they're, I mean, they're good people. They're just—","So, you don't wanna be that- that- that woman that's just sort of living in this house with the baby carriage, and at the same time, that world's kind of saying it's behind you.",AnnoMI-derived authentic counseling turn,substance-use counseling
1856,Provide a supportive motivational-interviewing counseling response for a person experiencing substance-use problems.,Mm-hmm.,"Yeah. And your worry is that if you stop, you will end up gaining weight. So I'm hearing this kind of list of things that don't feel so positive about stopping.",AnnoMI-derived authentic counseling turn,substance-use counseling
1857,Provide a supportive motivational-interviewing counseling response for a person experiencing substance-use problems.,Yeah.,Okay. So there's sort of pros and cons on both sides?,AnnoMI-derived authentic counseling turn,substance-use counseling
1858,Respond as a supportive addiction counselor using motivational interviewing.,I want to recover but I am afraid of what life will be like without drugs.,"That fear makes sense because recovery can involve major changes. What parts of life without drugs worry you most, and what kind of support might make those changes feel safer? There is no need to judge yourself while we explore what happened. Understanding the pattern can help you make a different choice.",synthetic drug-recovery counseling augmentation,drug-use recovery counseling - fear of recovery
1859,Provide a supportive motivational-interviewing counseling response for a person experiencing substance-use problems.,Thank you.,"Oh, you're welcome. My pleasure, thank you.",AnnoMI-derived authentic counseling turn,substance-use counseling
1860,Provide a supportive motivational-interviewing counseling response for a person experiencing substance-use problems.,"No, not really.",[chuckles] Have you ever tried not drinking or stopping drinking?,AnnoMI-derived authentic counseling turn,substance-use counseling
1861,Provide a supportive motivational-interviewing counseling response for a person experiencing substance-use problems.,I just get irritable.,"You've got the time at the end of the day when you finish work, which might be the first time you've gone without a cigarette. So, what I'd like to recommend is that you use two products perhaps and I'm thinking of you're having a patch and then suggesting that you might use something that you can top up with. Often, a person who smokes knows exactly what it feels like when they're craving for a cigarette. What does it feel like to you, when you can't have a cigarette and you want one?",AnnoMI-derived authentic counseling turn,substance-use counseling
1862,Provide a supportive motivational-interviewing counseling response for a person experiencing substance-use problems.,I mean-,"Okay. What about in terms of talking to your friends about it, have you thought about how you might approach with them or is that something else you'd like some tips about, about telling them about your plan to-",AnnoMI-derived authentic counseling turn,substance-use counseling
1863,Provide a supportive motivational-interviewing counseling response for a person experiencing substance-use problems.,"Yeah, uh, on the weekends?",Does that sound realistic?,AnnoMI-derived authentic counseling turn,substance-use counseling
1864,Act as a recovery-support counselor and encourage reflection and a realistic next step.,I feel like one relapse means I have failed completely.,One setback does not define your whole recovery. What did you learn from this experience that could help you make a different choice the next time you face a similar situation?,synthetic drug-recovery counseling augmentation,drug-use recovery counseling - reframing relapse
1865,Provide a supportive motivational-interviewing counseling response for a person experiencing substance-use problems.,"Yeah, I hope so. Um, my workplace has just gone smoke-free. I-I'm not-not very happy about it. I'm gonna keep smoking, but I was wondering if there's anything that-that can help me like get through the day. It's like, you know, go get my beer and smoke cigarettes after work.","Hey, can I help you?",AnnoMI-derived authentic counseling turn,substance-use counseling
1866,Provide a supportive motivational-interviewing counseling response for a person experiencing substance-use problems.,"He doesn't-- I don't know if he can really understand what it means to me. Um, he's a good mate.",Right.,AnnoMI-derived authentic counseling turn,substance-use counseling
1867,Provide a supportive motivational-interviewing counseling response for a person experiencing substance-use problems.,Shake.,All right. Shake.,AnnoMI-derived authentic counseling turn,substance-use counseling
1868,Provide a supportive motivational-interviewing counseling response for a person experiencing substance-use problems.,No one wants to help me.,You seem at a loss of where to go from here.,AnnoMI-derived authentic counseling turn,substance-use counseling
1869,Provide a supportive motivational-interviewing counseling response for a person experiencing substance-use problems.,"Uh, well, my name is Andrea, as you know, I'm, uh, in the marching band. I play the tenor sax.",So why don't you start by telling me a little bit about yourself?,AnnoMI-derived authentic counseling turn,substance-use counseling
1870,Provide a supportive motivational-interviewing counseling response for a person experiencing substance-use problems.,"Well, I suppose you're gonna give me a row and tell me it's all self-inflicted and I've got to change my ways and give up the things I enjoy.","Hello, again, Mr. Green. It's really nice to see you again. If you remember last week, we looked at your results here and you've got impaired glucose tolerance and you were a bit worried about type two diabetes, your blood pressure and your cholesterol are up a bit too. So today, we're meeting up to talk through some of the things that you could do for yourself that might improve the situation. And as you know, there's all sorts of things can affect your health. So can we just have a bit of a general chat, but how are you getting on?",AnnoMI-derived authentic counseling turn,substance-use counseling
1871,Provide a supportive motivational-interviewing counseling response for a person experiencing substance-use problems.,Yeah.,"Even more mess, you see.",AnnoMI-derived authentic counseling turn,substance-use counseling
1872,Provide a supportive motivational-interviewing counseling response for a person experiencing substance-use problems.,A little bit.,"-last night, are you?",AnnoMI-derived authentic counseling turn,substance-use counseling
1873,Act as a recovery-support counselor and encourage reflection and a realistic next step.,I have been using drugs again and I feel like I am losing control.,Thank you for being honest about that. It sounds like the drug use is feeling increasingly difficult to control. What would you most like to change about your situation right now? Your willingness to talk about this is already a meaningful step. We can work through it gradually.,synthetic drug-recovery counseling augmentation,drug-use recovery counseling - loss of control
1874,Provide a supportive motivational-interviewing counseling response for a person experiencing substance-use problems.,"Um, I mean, I have some friends that drink some more than others, like, my close group of friends don't really drink as much because I'm not really interested in that, but I know that there are people that drink a lot more.","Okay. Uh, how much do your friends drink?",AnnoMI-derived authentic counseling turn,substance-use counseling
1875,Respond as a supportive addiction counselor using motivational interviewing.,"I want to make healthier choices, but I feel stuck.",Feeling stuck can make change seem overwhelming. What is one small change that feels realistic this week and could move you a little closer to the life you want?,synthetic drug-recovery counseling augmentation,drug-use recovery counseling - small steps
1876,Provide a supportive motivational-interviewing counseling response for a person experiencing substance-use problems.,-system is really good.,"Okay, yeah.",AnnoMI-derived authentic counseling turn,substance-use counseling
1877,Provide a supportive motivational-interviewing counseling response for a person experiencing substance-use problems.,Thanks.,"Okay. So that's an improvement. So you're headed in the right direction. I do wanna let you know that with 18 drinks a week, you're still falling above this low-level risk category, and that it would be my recommendation that at some point you would fall below into this 14 or less a week. But it's an improvement, and it's a great place to start, and I really commend you for your willingness to take a look at this and try to make some improvements.",AnnoMI-derived authentic counseling turn,substance-use counseling
1878,Provide a supportive motivational-interviewing counseling response for a person experiencing substance-use problems.,"Like I-I-- You know, it is nice to let loose and have fun, but I'd also like it to be so, you know, I'm not damaging my body, you know.",Okay.,AnnoMI-derived authentic counseling turn,substance-use counseling
1879,Provide a supportive motivational-interviewing counseling response for a person experiencing substance-use problems.,-to have a cigarette.,Sure.,AnnoMI-derived authentic counseling turn,substance-use counseling
1880,Provide a supportive motivational-interviewing counseling response for a person experiencing substance-use problems.,"Yeah, lecture my-- Yeah.","Oh, oh, you're talking about your friends.",AnnoMI-derived authentic counseling turn,substance-use counseling
1881,Provide a supportive motivational-interviewing counseling response for a person experiencing substance-use problems.,Yeah.,That creates problems?,AnnoMI-derived authentic counseling turn,substance-use counseling
1882,Provide a supportive motivational-interviewing counseling response for a person experiencing substance-use problems.,I think I can do that.,And then-,AnnoMI-derived authentic counseling turn,substance-use counseling
1883,Provide a supportive motivational-interviewing counseling response for a person experiencing substance-use problems.,-if you [unintelligible 00:01:34] was gonna make it like that.,Yeah.,AnnoMI-derived authentic counseling turn,substance-use counseling
1884,Provide a supportive motivational-interviewing counseling response for a person experiencing substance-use problems.,"Yeah, definitely.","So, having more reliable childcare could make a big difference.",AnnoMI-derived authentic counseling turn,substance-use counseling
1885,Provide a non-judgmental counseling response to a person struggling with drug use.,"I was doing well in recovery, but I had a relapse.",A relapse does not erase the progress you made. Would you be willing to look at what was happening before the relapse so you can identify what might help next time? You do not have to figure everything out at once. We can focus on one manageable step.,synthetic drug-recovery counseling augmentation,drug-use recovery counseling - relapse
1886,Provide a supportive motivational-interviewing counseling response for a person experiencing substance-use problems.,"Okay. Well, that’s good information. I mean, I'm not gonna do anything today. I just need to know my options, but that's encouraging. If I decided to quit smoking, I-I do have at least tools to help me.","Well, there are a lot of products available now that can actually help you curb that urge to smoke. We have products that can help to replace nicotine, which can help to decrease withdrawal symptoms that you might experience when quitting or cutting down and also some medications that your doctor could prescribe for you that might take away even some of the desire to smoke.",AnnoMI-derived authentic counseling turn,substance-use counseling
1887,Provide a supportive motivational-interviewing counseling response for a person experiencing substance-use problems.,"Well, I'm more ready than a six because I'm ready to cut back on my drinking and I don't wanna make my depression any worse.",Okay. Why do you think it's not something less like a six?,AnnoMI-derived authentic counseling turn,substance-use counseling
1888,Provide a supportive motivational-interviewing counseling response for a person experiencing substance-use problems.,"Yeah, probably.",Do you think you could go two months without drinking?,AnnoMI-derived authentic counseling turn,substance-use counseling
1889,Provide a supportive motivational-interviewing counseling response for a person experiencing substance-use problems.,I don't chug a lot of beers in a row. I have about five or six beers throughout the entire evening.,Why is that?,AnnoMI-derived authentic counseling turn,substance-use counseling
1890,"Give a brief, empathetic counseling response focused on recovery and safety.",I have been avoiding people because I am embarrassed about my drug use.,"It sounds like embarrassment has been pushing you away from others. Is there one trusted person you would feel comfortable talking to, even if you are not ready to tell them everything? If you are comfortable, we can explore what matters most to you and identify a practical next step.",synthetic drug-recovery counseling augmentation,drug-use recovery counseling - isolation
1891,Provide a supportive motivational-interviewing counseling response for a person experiencing substance-use problems.,"And, um, I still live in Palmy and, so as you can imagine, it's sort of a bit different down there. And, um, kind of just when I first got here I was sorta introduced a little bit to, um, like do you know Family Bar on-on [unintelligible 00:06:49]?",Mm-hmm.,AnnoMI-derived authentic counseling turn,substance-use counseling
1892,Act as a recovery-support counselor and encourage reflection and a realistic next step.,I had a difficult day and immediately thought about using.,"It sounds like a difficult day quickly triggered the urge to use. What happened today, and what might help you respond differently if a similar situation happens again? If you are comfortable, we can explore what matters most to you and identify a practical next step.",synthetic drug-recovery counseling augmentation,drug-use recovery counseling - trigger awareness
1893,Provide a supportive motivational-interviewing counseling response for a person experiencing substance-use problems.,Yeah. That's true.,So—,AnnoMI-derived authentic counseling turn,substance-use counseling
1894,Provide a supportive motivational-interviewing counseling response for a person experiencing substance-use problems.,"Yeah. I mean, I-I don't know how it's going to go, especially with trying to cut back on smoking already, but, I mean, I can try.",Okay. Try to cut back a bit and see how that goes.,AnnoMI-derived authentic counseling turn,substance-use counseling
1895,Provide a supportive motivational-interviewing counseling response for a person experiencing substance-use problems.,"-and then they fight it, but [sighs] it's my choice-",Mm-hmm.,AnnoMI-derived authentic counseling turn,substance-use counseling
1896,Provide a supportive motivational-interviewing counseling response for a person experiencing substance-use problems.,Yep.,"And at the same time, it's-it's linked closely with the- with the drug scene with the meth scene for you?",AnnoMI-derived authentic counseling turn,substance-use counseling
1897,Use motivational interviewing principles to respond to this substance-use concern.,"I want to stop using drugs, but I keep going back to them.","It sounds like you genuinely want to stop, while something keeps pulling you back. What do you think makes stopping especially difficult for you? There is no need to judge yourself while we explore what happened. Understanding the pattern can help you make a different choice.",synthetic drug-recovery counseling augmentation,drug-use recovery counseling - ambivalence
1898,Provide a non-judgmental counseling response to a person struggling with drug use.,"I was doing well in recovery, but I had a relapse.","A relapse does not erase the progress you made. Would you be willing to look at what was happening before the relapse so you can identify what might help next time? If you are comfortable, we can explore what matters most to you and identify a practical next step.",synthetic drug-recovery counseling augmentation,drug-use recovery counseling - relapse
1899,Provide a supportive motivational-interviewing counseling response for a person experiencing substance-use problems.,Right- right.,"But it might be helpful if you- if you quit or it's, you know, it did if you were gonna decrease or whatever, to see how much better you're doing with the ball going up and your lung capacity increasing, is it?",AnnoMI-derived authentic counseling turn,substance-use counseling
1900,Provide a supportive motivational-interviewing counseling response for a person experiencing substance-use problems.,"Uh, no. That's okay. How's that?","Do you mind if I take a look at your arm, please?",AnnoMI-derived authentic counseling turn,substance-use counseling
1901,Provide a supportive motivational-interviewing counseling response for a person experiencing substance-use problems.,"It was, um-- To be honest, it was stress from an argument with my partner I remember.",Okay. And what got you back?,AnnoMI-derived authentic counseling turn,substance-use counseling
1902,Respond as a supportive addiction counselor using motivational interviewing.,"My family keeps telling me to get help, but I do not know where to start.","Reaching out can be a strong first step. Would you be open to talking with a qualified addiction counselor or healthcare professional about support options that fit your situation? If you are comfortable, we can explore what matters most to you and identify a practical next step.",synthetic drug-recovery counseling augmentation,drug-use recovery counseling - professional help
1903,Provide a supportive motivational-interviewing counseling response for a person experiencing substance-use problems.,Mm-hmm.,"Okay, great. So sort of being a part of a group and being a part of a team gives you a sense of, um, uh, belonging, like you said.",AnnoMI-derived authentic counseling turn,substance-use counseling
1904,Provide a supportive motivational-interviewing counseling response for a person experiencing substance-use problems.,"Um, well, I have a group of friends that doesn't drink that I hang out with. And I think when I hang out with them, it's not an issue. So that also helps me.",Okay. So that gives you a good reason not to drink. Okay. Anything else?,AnnoMI-derived authentic counseling turn,substance-use counseling
1905,Provide a supportive motivational-interviewing counseling response for a person experiencing substance-use problems.,Not more than two drinks.,"So, you mentioned, you pretty much will like hold a drink or maybe have a drink or two. What do you thinks is the most alcohol you've ever had in-in one day?",AnnoMI-derived authentic counseling turn,substance-use counseling
1906,Respond as a supportive addiction counselor using motivational interviewing.,"I want to stop using drugs, but I keep going back to them.","It sounds like you genuinely want to stop, while something keeps pulling you back. What do you think makes stopping especially difficult for you? If you are comfortable, we can explore what matters most to you and identify a practical next step.",synthetic drug-recovery counseling augmentation,drug-use recovery counseling - ambivalence
1907,Provide a supportive motivational-interviewing counseling response for a person experiencing substance-use problems.,You mean the whole time I'm there?,How much do you think you usually drink at a party?,AnnoMI-derived authentic counseling turn,substance-use counseling
1908,Provide a supportive motivational-interviewing counseling response for a person experiencing substance-use problems.,"Um, I'm thinking of maybe like trying to convince my friends without sounding, you know, dorky or something and be like, hey, you know, let's just stay in today. Like, let's not go out or something. Or just be like, hey, I'm not like-- I'm not going to drink today. And then even if my friends do, like being okay with them, drinking around me and not doing it, and then them being okay with me drinking-- Me not drinking and them doing whatever they want.","Okay. And so you mentioned the- you know, quite a few reasons why you would like to cut down. Um, have you thought at all about how you might go about doing that?",AnnoMI-derived authentic counseling turn,substance-use counseling
1909,Provide a supportive motivational-interviewing counseling response for a person experiencing substance-use problems.,"Well, uh, I don't want to have an overdose and I don't want to get an infection. Seems like easy things to do.",Okay. You're very ready. Why do you think you picked a 10 instead of a lower number like 8?,AnnoMI-derived authentic counseling turn,substance-use counseling
1910,Provide a supportive motivational-interviewing counseling response for a person experiencing substance-use problems.,Sounds good.,All right?,AnnoMI-derived authentic counseling turn,substance-use counseling
1911,Provide a supportive motivational-interviewing counseling response for a person experiencing substance-use problems.,Mm-hmm.,"Yeah, it does. It sounds like a lot that you're trying to deal with, and it makes sense that you feel like you need some kind of break or reward.",AnnoMI-derived authentic counseling turn,substance-use counseling
1912,Provide a supportive motivational-interviewing counseling response for a person experiencing substance-use problems.,"No, I would bum cigarettes in college, but I was never a smoker.","Do you use any tobacco products, or smoke cigarettes?",AnnoMI-derived authentic counseling turn,substance-use counseling
1913,Provide a supportive motivational-interviewing counseling response for a person experiencing substance-use problems.,"Well, usually I'm having more than two glasses but if you're saying that's gonna minimize some risk and I guess some of the grogginess I'm feeling the next morning, then maybe I should just try and have one glass of wine in the evenings?","Okay. Well, Hailey, what they suggest is that women don't have more than one to two standard drinks a day or a total of nine standard drinks in a week. How does that fit for you?",AnnoMI-derived authentic counseling turn,substance-use counseling
1914,Provide a supportive motivational-interviewing counseling response for a person experiencing substance-use problems.,"Um, well I suppose the acting thing is a really big concern.","I'm happy with that. What do you think will happen, what might happen if you can turn your-your uses- you're on now? What-what concerns do you have about not making any kind of change?",AnnoMI-derived authentic counseling turn,substance-use counseling
1915,Provide a supportive motivational-interviewing counseling response for a person experiencing substance-use problems.,"-you're talking about £40, uh—",So your pack a day—,AnnoMI-derived authentic counseling turn,substance-use counseling
1916,Provide a supportive motivational-interviewing counseling response for a person experiencing substance-use problems.,"Yeah, I don't think it would be easy but I'm not saying that I'm not willing to try.","So you recognize Methamphetamine has some problems associated with it and you also on the balance see that a lot of your social life and your sex life involves Methamphetamine, it would be difficult to quit using?",AnnoMI-derived authentic counseling turn,substance-use counseling
1917,Provide a supportive motivational-interviewing counseling response for a person experiencing substance-use problems.,I-I think so because I feel a little better that I just came to see you today.,"So if you got help, that would help you say that you went from 40% to 45%.",AnnoMI-derived authentic counseling turn,substance-use counseling
1918,Provide a supportive motivational-interviewing counseling response for a person experiencing substance-use problems.,"-obviously. So, I think it would be possible to stop drinking.",Uh-huh.,AnnoMI-derived authentic counseling turn,substance-use counseling
1919,Act as a recovery-support counselor and encourage reflection and a realistic next step.,"I was doing well in recovery, but I had a relapse.",A relapse does not erase the progress you made. Would you be willing to look at what was happening before the relapse so you can identify what might help next time?,synthetic drug-recovery counseling augmentation,drug-use recovery counseling - relapse
1920,Provide a supportive motivational-interviewing counseling response for a person experiencing substance-use problems.,"Um, I could probably drink something else when my friends are drinking, like just coke.",Okay. What things would make it easier for you to not drink?,AnnoMI-derived authentic counseling turn,substance-use counseling
1921,Use motivational interviewing principles to respond to this substance-use concern.,"I was doing well in recovery, but I had a relapse.",A relapse does not erase the progress you made. Would you be willing to look at what was happening before the relapse so you can identify what might help next time? You do not have to figure everything out at once. We can focus on one manageable step.,synthetic drug-recovery counseling augmentation,drug-use recovery counseling - relapse
1922,Provide a non-judgmental counseling response to a person struggling with drug use.,I feel ashamed because I promised myself I would stop.,It sounds like you are carrying a lot of shame. You deserve support rather than judgment. What would be one compassionate and realistic step you could take toward recovery today? You do not have to figure everything out at once. We can focus on one manageable step.,synthetic drug-recovery counseling augmentation,drug-use recovery counseling - shame
1923,Provide a supportive motivational-interviewing counseling response for a person experiencing substance-use problems.,Right.,"So-so, uh, have-- last time we talked, you know, you were kind of cutting the-the ex-boyfriend out. This is because he was your dealer, so--",AnnoMI-derived authentic counseling turn,substance-use counseling
1924,Provide a supportive motivational-interviewing counseling response for a person experiencing substance-use problems.,Right.,"Since the-- since you used, uh-- since the last time you used meth, right?",AnnoMI-derived authentic counseling turn,substance-use counseling
1925,Provide a non-judgmental counseling response to a person struggling with drug use.,"I am trying to change, but I do not know what triggers my drug use.","We can explore that together without judgment. Think about the moments before you usually use: where are you, who are you with, and what emotions or thoughts are present?",synthetic drug-recovery counseling augmentation,drug-use recovery counseling - trigger identification
1926,Act as a recovery-support counselor and encourage reflection and a realistic next step.,I feel ashamed because I promised myself I would stop.,It sounds like you are carrying a lot of shame. You deserve support rather than judgment. What would be one compassionate and realistic step you could take toward recovery today?,synthetic drug-recovery counseling augmentation,drug-use recovery counseling - shame
1927,Provide a supportive motivational-interviewing counseling response for a person experiencing substance-use problems.,"Well, I don't think that I'm ready to cut down to seven drinks a week. That seems like a lot but I would consider cutting back to two drinks a night. I think that would be my goal.",Where do you wanna go from here? What do you wanna change about your drinking habits?,AnnoMI-derived authentic counseling turn,substance-use counseling
1928,Provide a supportive motivational-interviewing counseling response for a person experiencing substance-use problems.,Mm-hmm.,"Well, Dr. Kirtley is one of our counselors and he is an expert in-- at discussing the association between alcohol and stress. I want to share something with you. The National Guidelines recommend that women have no more than seven drinks of alcohol per week to-to stay at that low risk level, to avoid the healthcare concerns that we spoke of earlier.",AnnoMI-derived authentic counseling turn,substance-use counseling
1929,Provide a supportive motivational-interviewing counseling response for a person experiencing substance-use problems.,Yeah.,"Maybe we can kind of put that on the shelf for a moment, and we'll come back to it and sort of look at, you know, what is- what does the guidelines have to say about why. And, um, and-and I'm wondering if we can kind of just have a look for a moment at, um, your pregnancy, and is this something that you were- you were hoping to have a baby?",AnnoMI-derived authentic counseling turn,substance-use counseling
1930,Provide a supportive motivational-interviewing counseling response for a person experiencing substance-use problems.,Okay.,"Okay, sounds good.",AnnoMI-derived authentic counseling turn,substance-use counseling
1931,Provide a non-judgmental counseling response to a person struggling with drug use.,"I want to stop using drugs, but I keep going back to them.","It sounds like you genuinely want to stop, while something keeps pulling you back. What do you think makes stopping especially difficult for you?",synthetic drug-recovery counseling augmentation,drug-use recovery counseling - ambivalence
1932,Provide a supportive motivational-interviewing counseling response for a person experiencing substance-use problems.,"Oh, I mean, e-even just now, you know, when you asked me how often.",Tell me about those things you're noticing that you hadn't noticed before.,AnnoMI-derived authentic counseling turn,substance-use counseling
1933,Provide a supportive motivational-interviewing counseling response for a person experiencing substance-use problems.,Yeah.,"So that might be something that we can look at but later if you're interested in is maybe what are some of those other parts of the gay scene, whose still party and party medley, but when meth is not a- is not a dominant-",AnnoMI-derived authentic counseling turn,substance-use counseling
1934,Provide a supportive motivational-interviewing counseling response for a person experiencing substance-use problems.,"So, I-I wouldn't be able to tell you.",Mm-hmm.,AnnoMI-derived authentic counseling turn,substance-use counseling
1935,Provide a supportive motivational-interviewing counseling response for a person experiencing substance-use problems.,Thank you.,Great.,AnnoMI-derived authentic counseling turn,substance-use counseling
1936,Provide a supportive motivational-interviewing counseling response for a person experiencing substance-use problems.,"I don't know, like being in a sports team, y-you feel very, you have to like be unified with the group.","Yeah. Chris, come on. You're getting peer pressure?",AnnoMI-derived authentic counseling turn,substance-use counseling
1937,Provide a supportive motivational-interviewing counseling response for a person experiencing substance-use problems.,Yeah.,"-that's your ideas on there which are really important. But again there are some options, that if you wanted to look at, you know, just to at least be able to know what they are.",AnnoMI-derived authentic counseling turn,substance-use counseling
1938,Provide a supportive motivational-interviewing counseling response for a person experiencing substance-use problems.,"Yeah, I would also like to get scholarships.",That's a great goal to have for yourself.,AnnoMI-derived authentic counseling turn,substance-use counseling
1939,Use motivational interviewing principles to respond to this substance-use concern.,"I can stay away from drugs for a while, then the cravings become strong.","You have already shown that you can stay away for periods of time. What usually happens just before a craving becomes strongest, and what has helped you get through a craving safely? If you are comfortable, we can explore what matters most to you and identify a practical next step.",synthetic drug-recovery counseling augmentation,drug-use recovery counseling - cravings
1940,Provide a supportive motivational-interviewing counseling response for a person experiencing substance-use problems.,"A little, yeah.","Oh, so you're drinking a lot?",AnnoMI-derived authentic counseling turn,substance-use counseling
1941,Provide a supportive motivational-interviewing counseling response for a person experiencing substance-use problems.,"Yeah. I-I know that I need to, and I, you know, keep every new year I say, ""Okay, this year I'm gonna quit smoking"" but then something happens and it-it just doesn't. And quitting doesn't happen.",Okay. But it sounds to me too like part of you really does want to quit?,AnnoMI-derived authentic counseling turn,substance-use counseling
1942,Provide a supportive motivational-interviewing counseling response for a person experiencing substance-use problems.,Oh okay.,"-of course, that's harder if you're not the one planning. So, some of the things that can be useful if you're at a party say, um, and there's already alcohol there, and there are other kids that maybe aren't your closest friends, um, some of the things that I would recommend since you're interested are, you know, carrying around a different drink that looks like it has alcohol in it. So, you know, even carrying an empty beer bottle or beer can or, you know, if people are having a mixed drink, just having the coke, say-",AnnoMI-derived authentic counseling turn,substance-use counseling
1943,Provide a supportive motivational-interviewing counseling response for a person experiencing substance-use problems.,"Yeah, I mean, I guess it has. Probably just with being so stressed out every day, you know. I mean, I'm in my second semester of school right now, and so, adding that to everything, uh, it's a lot. And, you know, I'm trying to figure out child carry. Um, normally, my mom will watch my son, but, lately, she can't always. And so, I'm always kind of worrying like, will she be able to, you know. So, i-it's just stressful.","And then it also sounds like, um, your drinking has perhaps increased a little bit over time?",AnnoMI-derived authentic counseling turn,substance-use counseling
1944,Provide a supportive motivational-interviewing counseling response for a person experiencing substance-use problems.,"Well, you know I'm training for the marathon, and that's why I'm coming in, is because I need to be able to get my sleep back on track, but I also don't think of myself as a hazardous drinker, and I'm certainly not an alcoholic. So, that's-that's why the middle-ground, five.","Well, that's great. That's halfway there. What kept you from just giving it a one or two, something lower?",AnnoMI-derived authentic counseling turn,substance-use counseling
1945,Provide a supportive motivational-interviewing counseling response for a person experiencing substance-use problems.,"Because, um, it's not something I do not care about at all, but it's not something that's just constantly on my mind that I want to change about myself.",And why did you say five or six rather than like two or three?,AnnoMI-derived authentic counseling turn,substance-use counseling
1946,Provide a supportive motivational-interviewing counseling response for a person experiencing substance-use problems.,"And then in terms of respect, I-I kind of view that as one of like my major like rules. Like, I-I really do think respect is important, to respect myself and respect those around me, so.",Mm-hmm.,AnnoMI-derived authentic counseling turn,substance-use counseling
1947,Act as a recovery-support counselor and encourage reflection and a realistic next step.,"I can stay away from drugs for a while, then the cravings become strong.","You have already shown that you can stay away for periods of time. What usually happens just before a craving becomes strongest, and what has helped you get through a craving safely? Your willingness to talk about this is already a meaningful step. We can work through it gradually.",synthetic drug-recovery counseling augmentation,drug-use recovery counseling - cravings
1948,Act as a recovery-support counselor and encourage reflection and a realistic next step.,Part of me wants recovery and another part of me still wants to use.,"It is possible to have mixed feelings about recovery. What are the strongest reasons you want to stop, and what do you feel you would be giving up by stopping? If you are comfortable, we can explore what matters most to you and identify a practical next step.",synthetic drug-recovery counseling augmentation,drug-use recovery counseling - mixed feelings
1949,Act as a recovery-support counselor and encourage reflection and a realistic next step.,I feel ashamed because I promised myself I would stop.,It sounds like you are carrying a lot of shame. You deserve support rather than judgment. What would be one compassionate and realistic step you could take toward recovery today? You do not have to figure everything out at once. We can focus on one manageable step.,synthetic drug-recovery counseling augmentation,drug-use recovery counseling - shame
1950,Provide a supportive motivational-interviewing counseling response for a person experiencing substance-use problems.,"Not really. I mean, I just normally see if my mom can watch my son, so, you know, I haven't really looked around.","Okay. Yeah. It sounds like from everything you're saying, that keeps coming up as one of the main issues. Um, so there may be some resources I can point you towards, but I'm- guess I'm wondering, have you looked into alternatives, more affordable, reliable childcare?",AnnoMI-derived authentic counseling turn,substance-use counseling
1951,Provide a supportive motivational-interviewing counseling response for a person experiencing substance-use problems.,I guess I can cut down some.,"My perspective as a doctor, it would be good if you could think about cutting back a little bit or doing something different about your drinking. What-what do you think about that?",AnnoMI-derived authentic counseling turn,substance-use counseling
1952,Provide a supportive motivational-interviewing counseling response for a person experiencing substance-use problems.,Yeah.,"Mm-hmm, mm-hmm. And so when you go to parties, most of the time there's alcohol there?",AnnoMI-derived authentic counseling turn,substance-use counseling
1953,Provide a supportive motivational-interviewing counseling response for a person experiencing substance-use problems.,"Yeah, like I-I know I just can't cut off my friends altogether.","I want the friends and the relationship that I get from my friends, and at the same time, I don't want the party scene that goes with that.",AnnoMI-derived authentic counseling turn,substance-use counseling
1954,Provide a supportive motivational-interviewing counseling response for a person experiencing substance-use problems.,"I guess, it sounds like a lot when you say [chuckles] like that. But yeah.","Okay. So it sounds like you're drinking about four times a week, anywhere between three and eight drinks on a given day. So, maybe around 20 drinks a week?",AnnoMI-derived authentic counseling turn,substance-use counseling
1955,Provide a supportive motivational-interviewing counseling response for a person experiencing substance-use problems.,"Yeah, so, that was the thing that, like, was really the most weird about doing those-",Mm-hmm.,AnnoMI-derived authentic counseling turn,substance-use counseling
1956,Provide a supportive motivational-interviewing counseling response for a person experiencing substance-use problems.,I would say an eight.,"Okay. So we're working on a 10 point of scale 1 to 10, 1 being not important, 10 being very important. One being not confident, one being very confident. So on a scale of 1 to 10, which number best reflects how important it is to you to drink the-- what risk limits?",AnnoMI-derived authentic counseling turn,substance-use counseling
1957,Provide a supportive motivational-interviewing counseling response for a person experiencing substance-use problems.,"Mm-hmm. Yes, sometimes I feel worse after drinking.","Right. By the way, binge drinking is defined for women as having more than, uh, three drinks and there are about five drinks in a bottle. So, you enjoy drinking wine because it helps make things, uh, a little bit more interesting when you're feeling down but at the same time you don't like drinking when you have more than you want it to and then the depression returns after you drink.",AnnoMI-derived authentic counseling turn,substance-use counseling
1958,Provide a supportive motivational-interviewing counseling response for a person experiencing substance-use problems.,"I think it's important because I've-- I feel I'm a bad role model for my children, and my daughter's turning 12, and already, some of her friends have tried smoking, so I don't want her to think it's a good thing.","So I get the impression that there are some things that you're concerned about, but that overall, coming in here wasn't necessarily the first thing that was on your mind when you came to the hospital with your daughter. Um, so can you tell me, what was it that made it possible for you to even come in? What-what were some of the things you were thinking about?",AnnoMI-derived authentic counseling turn,substance-use counseling
1959,Provide a supportive motivational-interviewing counseling response for a person experiencing substance-use problems.,Definitely.,"So it really depends on what the activity is, whether or not alcohol is gonna be there?",AnnoMI-derived authentic counseling turn,substance-use counseling
1960,Act as a recovery-support counselor and encourage reflection and a realistic next step.,I want to rebuild trust with my family after my drug use.,"Rebuilding trust can take time, and your wish to repair those relationships is meaningful. What is one consistent action you could take that would show your family you are working toward recovery? There is no need to judge yourself while we explore what happened. Understanding the pattern can help you make a different choice.",synthetic drug-recovery counseling augmentation,drug-use recovery counseling - family trust
1961,Provide a supportive motivational-interviewing counseling response for a person experiencing substance-use problems.,"Well, I mean exercise, but really, you know, I have the mindset, you know, like, okay, tomorrow I'm going to get up and I'm going to do this, but I really am not a follow-through type of person with this.","Yes, it is true. Yeah. It is. I mean, people don't come walking through the door who are not interested in it, you know? So, um, yeah, so that's-- So you'd be interested in something like that and, um, what- what other ideas have you thought about that would work for you?",AnnoMI-derived authentic counseling turn,substance-use counseling
1962,Provide a supportive motivational-interviewing counseling response for a person experiencing substance-use problems.,"Hmm, I like to have a cigarette after I eat. It sort of tells my brain I'm finished, stop eating, I'm full. So it's a- it's a way to-- you know, sometimes I'll have a cigarette instead of a snack, so it's a way to control my weight.",What else? Tell me what else is good about it.,AnnoMI-derived authentic counseling turn,substance-use counseling
1963,Provide a supportive motivational-interviewing counseling response for a person experiencing substance-use problems.,Sound good.,All right.,AnnoMI-derived authentic counseling turn,substance-use counseling
1964,Provide a non-judgmental counseling response to a person struggling with drug use.,Part of me wants recovery and another part of me still wants to use.,"It is possible to have mixed feelings about recovery. What are the strongest reasons you want to stop, and what do you feel you would be giving up by stopping? You do not have to figure everything out at once. We can focus on one manageable step.",synthetic drug-recovery counseling augmentation,drug-use recovery counseling - mixed feelings
1965,Use motivational interviewing principles to respond to this substance-use concern.,I have been using drugs again and I feel like I am losing control.,Thank you for being honest about that. It sounds like the drug use is feeling increasingly difficult to control. What would you most like to change about your situation right now? You do not have to figure everything out at once. We can focus on one manageable step.,synthetic drug-recovery counseling augmentation,drug-use recovery counseling - loss of control
1966,Provide a supportive motivational-interviewing counseling response for a person experiencing substance-use problems.,"Well, I don't think it's going to hurt me.","We know marijuana has effects on the developing brain. For example, it can make it harder for you to concentrate, it can make it harder for you to remember things, and vaping can seriously hurt your lungs. About one in six people who begin using marijuana as a teenager, later on, become addicted. So what do you think about all this information that I've shared?",AnnoMI-derived authentic counseling turn,substance-use counseling
1967,Provide a non-judgmental counseling response to a person struggling with drug use.,I feel ashamed because I promised myself I would stop.,"It sounds like you are carrying a lot of shame. You deserve support rather than judgment. What would be one compassionate and realistic step you could take toward recovery today? If you are comfortable, we can explore what matters most to you and identify a practical next step.",synthetic drug-recovery counseling augmentation,drug-use recovery counseling - shame
1968,Provide a supportive motivational-interviewing counseling response for a person experiencing substance-use problems.,Right.,"So, here you are. You're an honors student. You're a star athlete. You've, kind of, been doing everything you've been told for all these years, and maybe last month sometime, you started getting more involved in the party scene.",AnnoMI-derived authentic counseling turn,substance-use counseling
1969,Provide a supportive motivational-interviewing counseling response for a person experiencing substance-use problems.,Yep.,-it's just that that we're gonna try and drill down a little more into just to pick up for you what-what you think might be going on and what you think might be some of the options for you.,AnnoMI-derived authentic counseling turn,substance-use counseling
1970,Act as a recovery-support counselor and encourage reflection and a realistic next step.,I do not think my drug use is as serious as my family thinks.,"It sounds like you and your family see the situation differently. Rather than judging you, I would like to understand your view. What concerns, if any, do you have about your drug use? If you are comfortable, we can explore what matters most to you and identify a practical next step.",synthetic drug-recovery counseling augmentation,drug-use recovery counseling - readiness
1971,Provide a supportive motivational-interviewing counseling response for a person experiencing substance-use problems.,"Um, on a scale of 1 to 10-","So, what number do you think you'd say?",AnnoMI-derived authentic counseling turn,substance-use counseling
1972,Provide a supportive motivational-interviewing counseling response for a person experiencing substance-use problems.,"Just to, uh, but um-- I is-is-- I think the weekdays is what I really need to do.",Yeah.,AnnoMI-derived authentic counseling turn,substance-use counseling
1973,Provide a supportive motivational-interviewing counseling response for a person experiencing substance-use problems.,"I like that piece of jewelry, can I? [laughs]","-whereas like, you can't go up to him and say, ""Hey, can I have some of your McDonald's French fries,"" and take them out—",AnnoMI-derived authentic counseling turn,substance-use counseling
1974,Act as a recovery-support counselor and encourage reflection and a realistic next step.,I feel like one relapse means I have failed completely.,One setback does not define your whole recovery. What did you learn from this experience that could help you make a different choice the next time you face a similar situation? Your willingness to talk about this is already a meaningful step. We can work through it gradually.,synthetic drug-recovery counseling augmentation,drug-use recovery counseling - reframing relapse
1975,Provide a supportive motivational-interviewing counseling response for a person experiencing substance-use problems.,"Um, I pretty much just have a drink to just have it like, so it looks like I'm drinking, even though I'm not.",Okay. Can you tell me a little bit about how alcohol fits into your overall social scene?,AnnoMI-derived authentic counseling turn,substance-use counseling
1976,Provide a supportive motivational-interviewing counseling response for a person experiencing substance-use problems.,Okay.,"Great. So, let's see how well you're doing with these new meds.",AnnoMI-derived authentic counseling turn,substance-use counseling
1977,Provide a non-judgmental counseling response to a person struggling with drug use.,I want to rebuild trust with my family after my drug use.,"Rebuilding trust can take time, and your wish to repair those relationships is meaningful. What is one consistent action you could take that would show your family you are working toward recovery? Your willingness to talk about this is already a meaningful step. We can work through it gradually.",synthetic drug-recovery counseling augmentation,drug-use recovery counseling - family trust
1978,Respond as a supportive addiction counselor using motivational interviewing.,I want to rebuild trust with my family after my drug use.,"Rebuilding trust can take time, and your wish to repair those relationships is meaningful. What is one consistent action you could take that would show your family you are working toward recovery?",synthetic drug-recovery counseling augmentation,drug-use recovery counseling - family trust
1979,Provide a supportive motivational-interviewing counseling response for a person experiencing substance-use problems.,Yeah.,"So, you were thinking because your-your friends weren't pressuring you to stop drinking, that-that it must be okay.",AnnoMI-derived authentic counseling turn,substance-use counseling
1980,Provide a non-judgmental counseling response to a person struggling with drug use.,I use drugs when I feel stressed and overwhelmed.,"You have noticed a connection between stress and drug use, which is useful information. What are some safer ways you have handled stress in the past, even if they only helped a little? You do not have to figure everything out at once. We can focus on one manageable step.",synthetic drug-recovery counseling augmentation,drug-use recovery counseling - stress trigger
1981,Provide a supportive motivational-interviewing counseling response for a person experiencing substance-use problems.,Over a long-- over a period of time.,Okay. Okay.,AnnoMI-derived authentic counseling turn,substance-use counseling
1982,Provide a supportive motivational-interviewing counseling response for a person experiencing substance-use problems.,Maybe one or two weekends a month at the most?,-often do you think that you are around alcohol.,AnnoMI-derived authentic counseling turn,substance-use counseling
1983,Provide a supportive motivational-interviewing counseling response for a person experiencing substance-use problems.,"Well, I didn't know about those things.","Well, uh, we know if someone binge drinks over time, there's kind of two categories of risk. There's the short-term risk where someone who binge drinks is more likely to fall down, hurt themselves through an accident, uh, they're more likely to drive while under the influence. Uh, but over the long term, binge drinking can also, uh, cause things like heart disease, uh, different kinds of cancer, liver problems obviously, and then even mental health issues like depression and anxiety are more likely to happen.",AnnoMI-derived authentic counseling turn,substance-use counseling
1984,Provide a supportive motivational-interviewing counseling response for a person experiencing substance-use problems.,Mm-hmm.,"Generally, it works well if you find a time when you're not under a huge amount of other stresses and strains.",AnnoMI-derived authentic counseling turn,substance-use counseling
1985,Provide a supportive motivational-interviewing counseling response for a person experiencing substance-use problems.,"Okay, yeah, definitely.","Um, and then, then you'll be better set for college too because, you know, the issue is you're getting good grades now, but when you get to college, it's a lot harder and, you know, if you're needing really good grades to get into law school, which you will need, then you really can't be distracted by alcohol.",AnnoMI-derived authentic counseling turn,substance-use counseling
1986,Provide a supportive motivational-interviewing counseling response for a person experiencing substance-use problems.,Yeah.,Mm-hmm.,AnnoMI-derived authentic counseling turn,substance-use counseling
1987,Provide a supportive motivational-interviewing counseling response for a person experiencing substance-use problems.,"Well, I didn't realize that drinking was related to my blood pressure problems.","Okay. Okay, so that sounds-- I think that's great. So why would you be up at a six and not down at a two level? What kinds of thing would push you to be there?",AnnoMI-derived authentic counseling turn,substance-use counseling
1988,Provide a supportive motivational-interviewing counseling response for a person experiencing substance-use problems.,My parents or my friends?,You're concerned that they're gonna kind of treat you like a child.,AnnoMI-derived authentic counseling turn,substance-use counseling
1989,"Give a brief, empathetic counseling response focused on recovery and safety.",I have been avoiding people because I am embarrassed about my drug use.,"It sounds like embarrassment has been pushing you away from others. Is there one trusted person you would feel comfortable talking to, even if you are not ready to tell them everything? You do not have to figure everything out at once. We can focus on one manageable step.",synthetic drug-recovery counseling augmentation,drug-use recovery counseling - isolation
1990,Provide a supportive motivational-interviewing counseling response for a person experiencing substance-use problems.,"If they didn't wanna hang out, well, then what have I got, I suppose?",Why?,AnnoMI-derived authentic counseling turn,substance-use counseling
1991,Act as a recovery-support counselor and encourage reflection and a realistic next step.,"I can stay away from drugs for a while, then the cravings become strong.","You have already shown that you can stay away for periods of time. What usually happens just before a craving becomes strongest, and what has helped you get through a craving safely? If you are comfortable, we can explore what matters most to you and identify a practical next step.",synthetic drug-recovery counseling augmentation,drug-use recovery counseling - cravings
1992,Provide a supportive motivational-interviewing counseling response for a person experiencing substance-use problems.,"Yeah. The-- My friends who don't drink would probably be happy that I'm not drinking either and yes, they'd support me.","Okay. Is there anybody in your life that you can talk to about this, who give you some support for not drinking?",AnnoMI-derived authentic counseling turn,substance-use counseling
1993,Provide a supportive motivational-interviewing counseling response for a person experiencing substance-use problems.,"Um, I think a sense of community and belonging.","Like belonging or sense of community. Again, cultural identity or family, friendship, modesty, religion, respect, self-determination and spirituality. So, when you think about yourself, which of these are kind of most important to you in terms of your life?",AnnoMI-derived authentic counseling turn,substance-use counseling
1994,Provide a supportive motivational-interviewing counseling response for a person experiencing substance-use problems.,Yeah. I think I can do that.,"Okay, great. So, the plan is gonna be that you're gonna quit and, um, the friends that you have that you don't think are supportive, you're just gonna, I guess, not hang out with anymore.",AnnoMI-derived authentic counseling turn,substance-use counseling
1995,Provide a non-judgmental counseling response to a person struggling with drug use.,I had a difficult day and immediately thought about using.,"It sounds like a difficult day quickly triggered the urge to use. What happened today, and what might help you respond differently if a similar situation happens again? You do not have to figure everything out at once. We can focus on one manageable step.",synthetic drug-recovery counseling augmentation,drug-use recovery counseling - trigger awareness
1996,Provide a supportive motivational-interviewing counseling response for a person experiencing substance-use problems.,I couldn't help myself.,"Uh, it's something that just happened.",AnnoMI-derived authentic counseling turn,substance-use counseling
1997,Provide a supportive motivational-interviewing counseling response for a person experiencing substance-use problems.,"Mm-hmm. Yeah, and—","Okay. So it's not something you wanna rely on, you don't see yourself continuing to use this. It's something that you'v found at least for the moment very helpful?",AnnoMI-derived authentic counseling turn,substance-use counseling
1998,Provide a supportive motivational-interviewing counseling response for a person experiencing substance-use problems.,"Um, liquor, whenever people are mixing, um, vodka, sometimes beer, but I don't like beer very much. Um, the drinks at parties are usually like vodka and orange juice or gin and tonics.",Okay. What kind of alcohol do you drink at parties?,AnnoMI-derived authentic counseling turn,substance-use counseling
1999,Respond as a supportive addiction counselor using motivational interviewing.,I want to rebuild trust with my family after my drug use.,"Rebuilding trust can take time, and your wish to repair those relationships is meaningful. What is one consistent action you could take that would show your family you are working toward recovery? There is no need to judge yourself while we explore what happened. Understanding the pattern can help you make a different choice.",synthetic drug-recovery counseling augmentation,drug-use recovery counseling - family trust
2000,Provide a supportive motivational-interviewing counseling response for a person experiencing substance-use problems.,Because I don't know I feel deter-determined to-to make sure this happens because I don't like how I felt after I-I betrayed my mother. I don't like remembering that the feeling of like vomiting.,Why did you say eight or nine rather than six or seven?,AnnoMI-derived authentic counseling turn,substance-use counseling
2001,"Give a brief, empathetic counseling response focused on recovery and safety.",I use drugs when I feel stressed and overwhelmed.,"You have noticed a connection between stress and drug use, which is useful information. What are some safer ways you have handled stress in the past, even if they only helped a little?",synthetic drug-recovery counseling augmentation,drug-use recovery counseling - stress trigger
2002,Use motivational interviewing principles to respond to this substance-use concern.,I am worried that I will never be able to stay in recovery.,"It sounds like you are worried about your ability to maintain recovery. What is one time when you managed a difficult situation without using, and what helped you then? Your willingness to talk about this is already a meaningful step. We can work through it gradually.",synthetic drug-recovery counseling augmentation,drug-use recovery counseling - confidence
2003,Provide a supportive motivational-interviewing counseling response for a person experiencing substance-use problems.,"I-I never thought of it that way, but probably you're right.",So it's hard for you to quit smoking when everybody else around you is smoking. And it's so easy to go out and take a break and have a cigarette.,AnnoMI-derived authentic counseling turn,substance-use counseling
2004,Provide a non-judgmental counseling response to a person struggling with drug use.,I want to recover but I am afraid of what life will be like without drugs.,"That fear makes sense because recovery can involve major changes. What parts of life without drugs worry you most, and what kind of support might make those changes feel safer? If you are comfortable, we can explore what matters most to you and identify a practical next step.",synthetic drug-recovery counseling augmentation,drug-use recovery counseling - fear of recovery
2005,Provide a supportive motivational-interviewing counseling response for a person experiencing substance-use problems.,"Right, do my homework and set up my like to have everything available to me.",Okay. Do your homework.,AnnoMI-derived authentic counseling turn,substance-use counseling
2006,Provide a supportive motivational-interviewing counseling response for a person experiencing substance-use problems.,Yeah.,"Who-who-who, boys?",AnnoMI-derived authentic counseling turn,substance-use counseling
2007,Provide a supportive motivational-interviewing counseling response for a person experiencing substance-use problems.,Okay.,"Okay. So, you know, as we said before, you're drinking-- it sounds like you're drinking about 20 drinks a week, over the course of a few days. And I did want to point out to you that the recommended limit for women is actually no more than seven drinks a week, and no more than three on a given day.",AnnoMI-derived authentic counseling turn,substance-use counseling
2008,Provide a supportive motivational-interviewing counseling response for a person experiencing substance-use problems.,I've managed for a couple of weeks.,Have you managed to stop smoking in the past?,AnnoMI-derived authentic counseling turn,substance-use counseling
2009,Provide a supportive motivational-interviewing counseling response for a person experiencing substance-use problems.,"So it's provided you don't-- you're not stupid with it. Then it's just a bit of fun but you can't really explain that to people who are-- have their walls up. So it's hard not to sit in this room full of people kind of going, ""Oh, you know, you really should stop the drugs, they're bad."" It's like, ""Well actually, you don't know what you're talking about.""",YHmm.,AnnoMI-derived authentic counseling turn,substance-use counseling
2010,Act as a recovery-support counselor and encourage reflection and a realistic next step.,I want to rebuild trust with my family after my drug use.,"Rebuilding trust can take time, and your wish to repair those relationships is meaningful. What is one consistent action you could take that would show your family you are working toward recovery? Your willingness to talk about this is already a meaningful step. We can work through it gradually.",synthetic drug-recovery counseling augmentation,drug-use recovery counseling - family trust
2011,Provide a supportive motivational-interviewing counseling response for a person experiencing substance-use problems.,I can try each day to count.,And any thoughts about what concretely you could do to make that happen?,AnnoMI-derived authentic counseling turn,substance-use counseling
2012,Provide a supportive motivational-interviewing counseling response for a person experiencing substance-use problems.,"Right, right. Just like [inaudible 00:04:06] Or your chocolate and all that.","Yeah. And, um, the same with the Nicorette gum, because it- nicotine is an appetite suppressant.",AnnoMI-derived authentic counseling turn,substance-use counseling
2013,Provide a supportive motivational-interviewing counseling response for a person experiencing substance-use problems.,"Well, I'd like to see my children settled and my grandchildren growing up and I should,suppose I should be an example to them.",How important is it for you then to lose weight?,AnnoMI-derived authentic counseling turn,substance-use counseling
2014,Provide a non-judgmental counseling response to a person struggling with drug use.,I have been using drugs again and I feel like I am losing control.,"Thank you for being honest about that. It sounds like the drug use is feeling increasingly difficult to control. What would you most like to change about your situation right now? If you are comfortable, we can explore what matters most to you and identify a practical next step.",synthetic drug-recovery counseling augmentation,drug-use recovery counseling - loss of control
2015,Provide a supportive motivational-interviewing counseling response for a person experiencing substance-use problems.,Yeah.,And that's led you to being here today?,AnnoMI-derived authentic counseling turn,substance-use counseling
2016,Use motivational interviewing principles to respond to this substance-use concern.,I feel like one relapse means I have failed completely.,One setback does not define your whole recovery. What did you learn from this experience that could help you make a different choice the next time you face a similar situation? Your willingness to talk about this is already a meaningful step. We can work through it gradually.,synthetic drug-recovery counseling augmentation,drug-use recovery counseling - reframing relapse
2017,Provide a supportive motivational-interviewing counseling response for a person experiencing substance-use problems.,"Yeah, yeah. I definitely wanted to get away from something. I didn't know what too, but then I arrived here and found this thing that was like actually, this was obviously, fate or whatever was pulling me to this thing-",-here to Auckland.,AnnoMI-derived authentic counseling turn,substance-use counseling
2018,"Give a brief, empathetic counseling response focused on recovery and safety.",Part of me wants recovery and another part of me still wants to use.,"It is possible to have mixed feelings about recovery. What are the strongest reasons you want to stop, and what do you feel you would be giving up by stopping? There is no need to judge yourself while we explore what happened. Understanding the pattern can help you make a different choice.",synthetic drug-recovery counseling augmentation,drug-use recovery counseling - mixed feelings
2019,Provide a supportive motivational-interviewing counseling response for a person experiencing substance-use problems.,I don't know. I'll do anything to get my kids back.,Mm-hmm.,AnnoMI-derived authentic counseling turn,substance-use counseling
2020,Provide a supportive motivational-interviewing counseling response for a person experiencing substance-use problems.,"Uh, I do drink beer, I drink, you know, two to three pints on weekdays, sometimes on weekends, maybe four or five.","Okay, great. Um, do you drink alcohol, including beer or wine?",AnnoMI-derived authentic counseling turn,substance-use counseling
2021,"Give a brief, empathetic counseling response focused on recovery and safety.",I had a difficult day and immediately thought about using.,"It sounds like a difficult day quickly triggered the urge to use. What happened today, and what might help you respond differently if a similar situation happens again? There is no need to judge yourself while we explore what happened. Understanding the pattern can help you make a different choice.",synthetic drug-recovery counseling augmentation,drug-use recovery counseling - trigger awareness
2022,Provide a supportive motivational-interviewing counseling response for a person experiencing substance-use problems.,"Well, you know, if there was some way that I could relieve some of my stress, I think I would feel better, and, you know, maybe at night, I wouldn't feel like I had to unwind in the same way.","So, I guess I'm wondering if you've given any thought to other ways in which you could cope with stress without relying on the drinking so much.",AnnoMI-derived authentic counseling turn,substance-use counseling
2023,Provide a supportive motivational-interviewing counseling response for a person experiencing substance-use problems.,"Right. Actually, I do want to speak to you about something that happened during this past weekend. Usually, as, you know, I'm, um, I'm an honor student. I-I usually I'm studying over the weekend and my parents don't let me go out to parties, but I kind of use that to my advantage, to convince my parents to go to this party that my friends were pressuring me to go to. And when I- when I got there, like I'm not used to this like party environment where everything you see in the movies is kind of what happens, where you have people just drinking out of the bottle-","All right, Chris, so I need to talk to you because as you know, we have a zero-tolerance policy for drugs and alcohol at this school. And as-as athletic director, it's my job to check in with our student-athletes and make sure everyone's adhering to that rule. And I've been hearing some chatter from some of the other kids about a party this weekend, and from what I hear, where you were there and, you know, I can't confirm or deny anything. So I'm not at the point where I can give you consequences, but I did want to talk to you about whether or not you're drinking and how, you know, you really can't be doing this as a member of one of our teams.",AnnoMI-derived authentic counseling turn,substance-use counseling
2024,Provide a supportive motivational-interviewing counseling response for a person experiencing substance-use problems.,"And, I mean, I love her, you know, but I'm here because she's making me be here.",Mm-hmm.,AnnoMI-derived authentic counseling turn,substance-use counseling
2025,Provide a supportive motivational-interviewing counseling response for a person experiencing substance-use problems.,"Um, definitely, yeah. I mean, when I'm at parties and stuff and it's getting a little later, some people, um, that drink-- Like, drank too much, they start throwing up, or they get hurt, or they're really loud and obnoxious, and that's not fun for anybody.","Okay. And, any not-so-good things about alcohol?",AnnoMI-derived authentic counseling turn,substance-use counseling
2026,Use motivational interviewing principles to respond to this substance-use concern.,I feel like one relapse means I have failed completely.,One setback does not define your whole recovery. What did you learn from this experience that could help you make a different choice the next time you face a similar situation? There is no need to judge yourself while we explore what happened. Understanding the pattern can help you make a different choice.,synthetic drug-recovery counseling augmentation,drug-use recovery counseling - reframing relapse
2027,Provide a supportive motivational-interviewing counseling response for a person experiencing substance-use problems.,"No, I don't- I don't, uh, really like the idea of taking pills. Uh, as a matter of fact, a couple of years ago, I had this jaw surgery. They gave me a prescription for Percocet. I took one, maybe feel weird. I think they're still sitting in the medicine cabinet.",Okay. Have you ever used any prescription medications that weren't prescribed for you or in a way that wasn't prescribed?,AnnoMI-derived authentic counseling turn,substance-use counseling
2028,Provide a supportive motivational-interviewing counseling response for a person experiencing substance-use problems.,"I understand that. I know it is. I mean, everybody has problems, right? It's just really-- It's really, really hard.","There's no reason why you shouldn't be able to quit, this is really important.",AnnoMI-derived authentic counseling turn,substance-use counseling
2029,Provide a supportive motivational-interviewing counseling response for a person experiencing substance-use problems.,"I know, I know. I've heard-- People have told me before, I've heard all that. I just don't know how to do it. How am I supposed to quit? It's-it's so hard.","Well, now's the time to quit. It's really gotten to the point where you can't keep smoking. Not only for him, like I said, but also for you. You're putting yourself at risk for lung cancer, for emphysema, for oral cancers, for heart disease, for all kinds of things-",AnnoMI-derived authentic counseling turn,substance-use counseling
2030,Provide a non-judgmental counseling response to a person struggling with drug use.,I want to recover but I am afraid of what life will be like without drugs.,"That fear makes sense because recovery can involve major changes. What parts of life without drugs worry you most, and what kind of support might make those changes feel safer?",synthetic drug-recovery counseling augmentation,drug-use recovery counseling - fear of recovery
2031,Provide a supportive motivational-interviewing counseling response for a person experiencing substance-use problems.,"Well, it's just something that I do to relax, and I don't do it that often. And so I probably could cut back.","What's there to think about? [chuckles] You said it's not that something you do all that often, and there's all these negative side effects, there's all these risks that you're putting yourself in.",AnnoMI-derived authentic counseling turn,substance-use counseling
2032,Provide a supportive motivational-interviewing counseling response for a person experiencing substance-use problems.,It's very cool.,Okay.,AnnoMI-derived authentic counseling turn,substance-use counseling
2033,Provide a supportive motivational-interviewing counseling response for a person experiencing substance-use problems.,And kind of see how that goes. Because—,Uh-huh.,AnnoMI-derived authentic counseling turn,substance-use counseling
2034,Act as a recovery-support counselor and encourage reflection and a realistic next step.,I am worried that I will never be able to stay in recovery.,"It sounds like you are worried about your ability to maintain recovery. What is one time when you managed a difficult situation without using, and what helped you then? If you are comfortable, we can explore what matters most to you and identify a practical next step.",synthetic drug-recovery counseling augmentation,drug-use recovery counseling - confidence
2035,Provide a supportive motivational-interviewing counseling response for a person experiencing substance-use problems.,"The-- Um, it takes away a lot of my stresses.",Okay. What do you think you'll miss most about it?,AnnoMI-derived authentic counseling turn,substance-use counseling
2036,Provide a supportive motivational-interviewing counseling response for a person experiencing substance-use problems.,I understand.,"All right. Well, yeah. So the issue again is I can't be hearing reports about you drinking. I can't be hearing that you're at parties and you can't be seeing pictures on Facebook. You know, there-there are rules at this school and in my job, I have to enforce them. So, you know, like I said, I get it, you know-",AnnoMI-derived authentic counseling turn,substance-use counseling
2037,Provide a supportive motivational-interviewing counseling response for a person experiencing substance-use problems.,"Um, well, me and my friends kinda, uh, we party on the weekend and, you know, we're all university students and so it's just normal, um, to have a few drinks.",So what is a typical week for you as far as your alcohol use?,AnnoMI-derived authentic counseling turn,substance-use counseling
2038,Provide a supportive motivational-interviewing counseling response for a person experiencing substance-use problems.,"I don't wanna hang on to freedom if it this- if it means that I lose my kids. Um, I'm just, uh, I'm just worried about-- I'm worried about if I move in with family, that they, even if their intentions are good-","In terms of that freedom and in charge of yourself, and the changes that we're talking about, and building your own family, and to enable you to do that, where do some of that freedom stuff sit with re-engaging back with your whānau and your children, your partner? Is it something you're gonna wanna hang on to, or how you're going to manage that?",AnnoMI-derived authentic counseling turn,substance-use counseling
2039,Provide a supportive motivational-interviewing counseling response for a person experiencing substance-use problems.,No matter what kinda talk I get or what they come up with.,Mm-hmm.,AnnoMI-derived authentic counseling turn,substance-use counseling
2040,Provide a supportive motivational-interviewing counseling response for a person experiencing substance-use problems.,"And it has, but I don't do it as often, it's just sometimes.",Yeah.,AnnoMI-derived authentic counseling turn,substance-use counseling
2041,Provide a supportive motivational-interviewing counseling response for a person experiencing substance-use problems.,Yeah.,You like to have a good time?,AnnoMI-derived authentic counseling turn,substance-use counseling
2042,Use motivational interviewing principles to respond to this substance-use concern.,I do not think my drug use is as serious as my family thinks.,"It sounds like you and your family see the situation differently. Rather than judging you, I would like to understand your view. What concerns, if any, do you have about your drug use? If you are comfortable, we can explore what matters most to you and identify a practical next step.",synthetic drug-recovery counseling augmentation,drug-use recovery counseling - readiness
2043,Provide a supportive motivational-interviewing counseling response for a person experiencing substance-use problems.,Mm-hmm.,And so that-that can't feel a little uncomfortable being by yourself. So that sounds like one of the reasons you have to quit is it's a little getting smelly and it's getting embarrassing.,AnnoMI-derived authentic counseling turn,substance-use counseling
2044,Provide a supportive motivational-interviewing counseling response for a person experiencing substance-use problems.,"I still, you know. Like I said, I don't want to hurt my body. Especially going to med school like I know how things affect your body and also affect your-your social and your school work and things like. I know that once I get to college, it's not- it's not gonna-gonna work out being, you know, drinking every weekend and then like trying to wake up early and go to school, take an exam. Like I know that's not- that's not feasible. It's not a good idea.",Uh-huh.,AnnoMI-derived authentic counseling turn,substance-use counseling
2045,Provide a supportive motivational-interviewing counseling response for a person experiencing substance-use problems.,"I mean, yeah, I guess- I guess if I think about it, that's kind of the common theme.","Okay. Um, do you see your substance use as being, um, maybe a cause of those other issues at all? Do you see them linked at all?",AnnoMI-derived authentic counseling turn,substance-use counseling
2046,Provide a supportive motivational-interviewing counseling response for a person experiencing substance-use problems.,Wow. I knew my doctor didn't like me drinking the amount that I did but I didn't know that seven was the limit.,Seven.,AnnoMI-derived authentic counseling turn,substance-use counseling
2047,Provide a supportive motivational-interviewing counseling response for a person experiencing substance-use problems.,Something like that.,"All right. So here, it looks like you wrote that you drank alcohol on a few occasions in the last year, and you have used marijuana more often, 30 days in last year.",AnnoMI-derived authentic counseling turn,substance-use counseling
2048,Respond as a supportive addiction counselor using motivational interviewing.,"I am trying to change, but I do not know what triggers my drug use.","We can explore that together without judgment. Think about the moments before you usually use: where are you, who are you with, and what emotions or thoughts are present? If you are comfortable, we can explore what matters most to you and identify a practical next step.",synthetic drug-recovery counseling augmentation,drug-use recovery counseling - trigger identification
2049,Provide a non-judgmental counseling response to a person struggling with drug use.,I am worried about going back to my old environment after treatment.,"Returning to a familiar environment can bring strong reminders and triggers. What people, places, or routines might make recovery harder, and what support could you arrange before returning? If you are comfortable, we can explore what matters most to you and identify a practical next step.",synthetic drug-recovery counseling augmentation,drug-use recovery counseling - aftercare
2050,Provide a supportive motivational-interviewing counseling response for a person experiencing substance-use problems.,"Yeah, I just guess it's easier said than done though. Like, it's, like, great, I can make all these changes and I can be a completely new person, but it's, like, at the end of the day, I'm still just who I am.","You put your heart there that the baby is really- it was almost kind of like a sign for you that was saying, ""This baby is giving you a kind of a new chance at life, or giving you a plan B,"" and you guys both get to decide what plan B is gonna look like.",AnnoMI-derived authentic counseling turn,substance-use counseling
2051,Provide a supportive motivational-interviewing counseling response for a person experiencing substance-use problems.,Yep.,"Okay. And I'm wondering if that concern is coming from, ""It's been okay. I've got these messages from friends.""",AnnoMI-derived authentic counseling turn,substance-use counseling
2052,Act as a recovery-support counselor and encourage reflection and a realistic next step.,"I want to make healthier choices, but I feel stuck.","Feeling stuck can make change seem overwhelming. What is one small change that feels realistic this week and could move you a little closer to the life you want? If you are comfortable, we can explore what matters most to you and identify a practical next step.",synthetic drug-recovery counseling augmentation,drug-use recovery counseling - small steps
2053,Provide a supportive motivational-interviewing counseling response for a person experiencing substance-use problems.,Yeah.,They were concerned for you?,AnnoMI-derived authentic counseling turn,substance-use counseling
2054,Respond as a supportive addiction counselor using motivational interviewing.,Part of me wants recovery and another part of me still wants to use.,"It is possible to have mixed feelings about recovery. What are the strongest reasons you want to stop, and what do you feel you would be giving up by stopping? There is no need to judge yourself while we explore what happened. Understanding the pattern can help you make a different choice.",synthetic drug-recovery counseling augmentation,drug-use recovery counseling - mixed feelings
2055,Provide a supportive motivational-interviewing counseling response for a person experiencing substance-use problems.,"Yeah, I think I could. I don't need it. For instance, it-it is-- it is used as a kind of, like, let's get the party going.","So, um, do you think you could quit drinking or?",AnnoMI-derived authentic counseling turn,substance-use counseling
2056,"Give a brief, empathetic counseling response focused on recovery and safety.",I do not think my drug use is as serious as my family thinks.,"It sounds like you and your family see the situation differently. Rather than judging you, I would like to understand your view. What concerns, if any, do you have about your drug use? You do not have to figure everything out at once. We can focus on one manageable step.",synthetic drug-recovery counseling augmentation,drug-use recovery counseling - readiness
2057,Provide a supportive motivational-interviewing counseling response for a person experiencing substance-use problems.,"Um, well, definitely not in my family life, because my parents don't really condone-","It's just there? Okay. And, I'm curious, you mentioned, you know, your friends are important to you, and your family's important to you, and, sort of fitting in is important to you. How does alcohol play a role with that?",AnnoMI-derived authentic counseling turn,substance-use counseling
2058,Provide a supportive motivational-interviewing counseling response for a person experiencing substance-use problems.,"Yeah, yeah. Yep.","Okay, okay, so you’re thinking about perhaps looking at trying to keep weekdays free of alcohol? Was that what you were saying?",AnnoMI-derived authentic counseling turn,substance-use counseling
2059,Provide a supportive motivational-interviewing counseling response for a person experiencing substance-use problems.,Yeah.,"Okay, so I wrote a prescription for an antibiotic for Aiden and that should help with the ear infection, but in looking through the chart, I mean, it seems like he's had six or seven of these just in the past year or so.",AnnoMI-derived authentic counseling turn,substance-use counseling
2060,Use motivational interviewing principles to respond to this substance-use concern.,I do not think my drug use is as serious as my family thinks.,"It sounds like you and your family see the situation differently. Rather than judging you, I would like to understand your view. What concerns, if any, do you have about your drug use?",synthetic drug-recovery counseling augmentation,drug-use recovery counseling - readiness
2061,Respond as a supportive addiction counselor using motivational interviewing.,I am worried about going back to my old environment after treatment.,"Returning to a familiar environment can bring strong reminders and triggers. What people, places, or routines might make recovery harder, and what support could you arrange before returning? If you are comfortable, we can explore what matters most to you and identify a practical next step.",synthetic drug-recovery counseling augmentation,drug-use recovery counseling - aftercare
2062,Provide a supportive motivational-interviewing counseling response for a person experiencing substance-use problems.,"Um, not-not really. The ones that drink more are the ones like my class friends. My band friends, we’re focused on band-","Okay. And then, um, you know, like, are your friends in band drinking?",AnnoMI-derived authentic counseling turn,substance-use counseling
2063,Act as a recovery-support counselor and encourage reflection and a realistic next step.,"I was doing well in recovery, but I had a relapse.",A relapse does not erase the progress you made. Would you be willing to look at what was happening before the relapse so you can identify what might help next time? Your willingness to talk about this is already a meaningful step. We can work through it gradually.,synthetic drug-recovery counseling augmentation,drug-use recovery counseling - relapse
2064,"Give a brief, empathetic counseling response focused on recovery and safety.",I had a difficult day and immediately thought about using.,"It sounds like a difficult day quickly triggered the urge to use. What happened today, and what might help you respond differently if a similar situation happens again? If you are comfortable, we can explore what matters most to you and identify a practical next step.",synthetic drug-recovery counseling augmentation,drug-use recovery counseling - trigger awareness
2065,Provide a supportive motivational-interviewing counseling response for a person experiencing substance-use problems.,"Yeah, and then, you know, with going back to school, you know, I have to figure out how I'm going to pay for everything. So, you know, i-it's just a lot right now.","So, you're not only doing really tiring work and going to school, but you're also worrying about your finances.",AnnoMI-derived authentic counseling turn,substance-use counseling
2066,Act as a recovery-support counselor and encourage reflection and a realistic next step.,"I was doing well in recovery, but I had a relapse.",A relapse does not erase the progress you made. Would you be willing to look at what was happening before the relapse so you can identify what might help next time? You do not have to figure everything out at once. We can focus on one manageable step.,synthetic drug-recovery counseling augmentation,drug-use recovery counseling - relapse
2067,Provide a supportive motivational-interviewing counseling response for a person experiencing substance-use problems.,And I suppose I could cut out the crisps and pies at works.,So I think it should be really supportive of that then.,AnnoMI-derived authentic counseling turn,substance-use counseling
2068,Provide a supportive motivational-interviewing counseling response for a person experiencing substance-use problems.,"I just-- I don't know how keen I am to move in with my- with my aunty and uncle, though.",Right.,AnnoMI-derived authentic counseling turn,substance-use counseling
2069,Provide a supportive motivational-interviewing counseling response for a person experiencing substance-use problems.,"Well, I came today because my daughter's in the hospital as well. I think it's important to quit, but I enjoy smoking. I'm not ready to give it up right now. My life is too much in turmoil.","Thanks for coming in and talking with me for a couple of minutes. I understand you don't have very much time, but I really appreciate you stopping by.",AnnoMI-derived authentic counseling turn,substance-use counseling
2070,Respond as a supportive addiction counselor using motivational interviewing.,"I want to stop using drugs, but I keep going back to them.","It sounds like you genuinely want to stop, while something keeps pulling you back. What do you think makes stopping especially difficult for you?",synthetic drug-recovery counseling augmentation,drug-use recovery counseling - ambivalence
2071,Provide a supportive motivational-interviewing counseling response for a person experiencing substance-use problems.,"Well, I, yeah, I guess I do have abo-about 2:00 AM, I tend to wake up on the nights I drink too much.","Well, you're not alone, a lot of people think that drinking helps them sleep better, and in reality, drinking might make you fall asleep faster, but it has what's called this rebound effect, and this rebound effect means that you wake up, may, might wake up in the middle of the night or early in the morning and have a hard time falling back asleep.",AnnoMI-derived authentic counseling turn,substance-use counseling
2072,Use motivational interviewing principles to respond to this substance-use concern.,"I am trying to change, but I do not know what triggers my drug use.","We can explore that together without judgment. Think about the moments before you usually use: where are you, who are you with, and what emotions or thoughts are present? You do not have to figure everything out at once. We can focus on one manageable step.",synthetic drug-recovery counseling augmentation,drug-use recovery counseling - trigger identification
2073,Provide a supportive motivational-interviewing counseling response for a person experiencing substance-use problems.,No.,"So, Jacob, everything looks very normal on your physical exam. Do you have any questions for me?",AnnoMI-derived authentic counseling turn,substance-use counseling
2074,Act as a recovery-support counselor and encourage reflection and a realistic next step.,I am worried about going back to my old environment after treatment.,"Returning to a familiar environment can bring strong reminders and triggers. What people, places, or routines might make recovery harder, and what support could you arrange before returning?",synthetic drug-recovery counseling augmentation,drug-use recovery counseling - aftercare
2075,Provide a supportive motivational-interviewing counseling response for a person experiencing substance-use problems.,I don't like medicine.,"Sure. Well, if you'd be interested, that's something I can definitely talk to you about. There are a lot of new options that can actually help people be way more successful in their attempt at quitting. There's different medications you can try.",AnnoMI-derived authentic counseling turn,substance-use counseling
2076,Provide a supportive motivational-interviewing counseling response for a person experiencing substance-use problems.,I promise.,All right. You promise?,AnnoMI-derived authentic counseling turn,substance-use counseling
2077,Provide a supportive motivational-interviewing counseling response for a person experiencing substance-use problems.,I have gotten blackout drunk before-,Mm-hmm.,AnnoMI-derived authentic counseling turn,substance-use counseling
2078,"Give a brief, empathetic counseling response focused on recovery and safety.",I feel like one relapse means I have failed completely.,One setback does not define your whole recovery. What did you learn from this experience that could help you make a different choice the next time you face a similar situation? You do not have to figure everything out at once. We can focus on one manageable step.,synthetic drug-recovery counseling augmentation,drug-use recovery counseling - reframing relapse
2079,Provide a supportive motivational-interviewing counseling response for a person experiencing substance-use problems.,Yeah.,Hm.,AnnoMI-derived authentic counseling turn,substance-use counseling
2080,Provide a supportive motivational-interviewing counseling response for a person experiencing substance-use problems.,"Um, health concerns, I guess. I know alcohol is bad for your health.",Uh-huh. Anything else?,AnnoMI-derived authentic counseling turn,substance-use counseling
2081,Provide a supportive motivational-interviewing counseling response for a person experiencing substance-use problems.,"Mm-hmm, yap.",And you showed up today to take care of your migraines.,AnnoMI-derived authentic counseling turn,substance-use counseling
2082,Provide a supportive motivational-interviewing counseling response for a person experiencing substance-use problems.,I-I just hear it every day.,Yeah.,AnnoMI-derived authentic counseling turn,substance-use counseling
2083,Provide a supportive motivational-interviewing counseling response for a person experiencing substance-use problems.,"Well, right now, if I'm having like five or six, I could try to smoke three in the evening plus, you know, still the couple during the day.","Okay, great. Let's quantify that a little bit. So how many cigarettes would that be?",AnnoMI-derived authentic counseling turn,substance-use counseling
2084,Provide a supportive motivational-interviewing counseling response for a person experiencing substance-use problems.,"Yeah, definitely.","So, kind of keeping your options open.",AnnoMI-derived authentic counseling turn,substance-use counseling
2085,Provide a supportive motivational-interviewing counseling response for a person experiencing substance-use problems.,"All right, great. Good. Great.","So, that would be can- the Cancer Society. So, we can look into that.",AnnoMI-derived authentic counseling turn,substance-use counseling
2086,Provide a supportive motivational-interviewing counseling response for a person experiencing substance-use problems.,"Yeah, it's pretty stressful for both of us. He gets really upset.",That's really a big problem.,AnnoMI-derived authentic counseling turn,substance-use counseling
2087,Provide a supportive motivational-interviewing counseling response for a person experiencing substance-use problems.,"In fact, I think I'll try and cut out the booze altogether. My wife says I drink too much at the weekends.","Yeah. That would be a really good place to start, mm-hmm.",AnnoMI-derived authentic counseling turn,substance-use counseling
2088,Provide a supportive motivational-interviewing counseling response for a person experiencing substance-use problems.,"-or sometimes I go out, but as I said, I'm the only one kind of outside.",Mm-hmm.,AnnoMI-derived authentic counseling turn,substance-use counseling
2089,Provide a supportive motivational-interviewing counseling response for a person experiencing substance-use problems.,Mm-hmm.,"-so it took you back into it. All right. Let me just make sure I've understood what's going on here. You really want to stop smoking because you're kind of the last guy in your group still smoking, it costs a lot of money, and you don't really like the smell.",AnnoMI-derived authentic counseling turn,substance-use counseling
2090,Respond as a supportive addiction counselor using motivational interviewing.,I had a difficult day and immediately thought about using.,"It sounds like a difficult day quickly triggered the urge to use. What happened today, and what might help you respond differently if a similar situation happens again? Your willingness to talk about this is already a meaningful step. We can work through it gradually.",synthetic drug-recovery counseling augmentation,drug-use recovery counseling - trigger awareness
2091,Provide a supportive motivational-interviewing counseling response for a person experiencing substance-use problems.,Mm-hmm.,He said that it would help you with some of the pain that you've been having.,AnnoMI-derived authentic counseling turn,substance-use counseling
2092,Provide a supportive motivational-interviewing counseling response for a person experiencing substance-use problems.,Sure. I've never heard of them.,Would it be helpful to give you some information on low risk drinking guidelines?,AnnoMI-derived authentic counseling turn,substance-use counseling
2093,Respond as a supportive addiction counselor using motivational interviewing.,I am worried that I will never be able to stay in recovery.,"It sounds like you are worried about your ability to maintain recovery. What is one time when you managed a difficult situation without using, and what helped you then? If you are comfortable, we can explore what matters most to you and identify a practical next step.",synthetic drug-recovery counseling augmentation,drug-use recovery counseling - confidence
2094,Provide a supportive motivational-interviewing counseling response for a person experiencing substance-use problems.,Mm-hmm.,"Well, if you were to, um, consider how ready you are to stop using Methamphetamine completely-",AnnoMI-derived authentic counseling turn,substance-use counseling
2095,Provide a supportive motivational-interviewing counseling response for a person experiencing substance-use problems.,"I-I-I know it, I know- I know, doc, what you're trying to-- but I just don't want to get into that right now.","I'm-- okay, but you know--",AnnoMI-derived authentic counseling turn,substance-use counseling
2096,Provide a supportive motivational-interviewing counseling response for a person experiencing substance-use problems.,-so I can't really—,Uh-huh.,AnnoMI-derived authentic counseling turn,substance-use counseling
2097,Provide a supportive motivational-interviewing counseling response for a person experiencing substance-use problems.,Mm-hmm.,"So, let's see. It looks that you put-- You drink alcohol at least four times a week on average-",AnnoMI-derived authentic counseling turn,substance-use counseling
2098,Provide a supportive motivational-interviewing counseling response for a person experiencing substance-use problems.,"Yeah, I would like to play soccer in college.","Based on your reason for your visit today, I feel like you really wanted to play soccer, and you have great goals about that.",AnnoMI-derived authentic counseling turn,substance-use counseling
2099,Provide a supportive motivational-interviewing counseling response for a person experiencing substance-use problems.,"I just, you know, I'm so out of the routine, not exercising, I need to get back into things.",Okay.,AnnoMI-derived authentic counseling turn,substance-use counseling
2100,Provide a supportive motivational-interviewing counseling response for a person experiencing substance-use problems.,"I had no choice, I had no choice. And then the next day I was back to smoking again what I smoked.","Right. So you've been able to quit smoking, but only when you were in the hospital.",AnnoMI-derived authentic counseling turn,substance-use counseling
2101,"Give a brief, empathetic counseling response focused on recovery and safety.",I am worried about going back to my old environment after treatment.,"Returning to a familiar environment can bring strong reminders and triggers. What people, places, or routines might make recovery harder, and what support could you arrange before returning? Your willingness to talk about this is already a meaningful step. We can work through it gradually.",synthetic drug-recovery counseling augmentation,drug-use recovery counseling - aftercare
2102,Provide a supportive motivational-interviewing counseling response for a person experiencing substance-use problems.,Exactly.,And how she feels about you is important to you.,AnnoMI-derived authentic counseling turn,substance-use counseling
2103,Respond as a supportive addiction counselor using motivational interviewing.,I feel ashamed because I promised myself I would stop.,"It sounds like you are carrying a lot of shame. You deserve support rather than judgment. What would be one compassionate and realistic step you could take toward recovery today? If you are comfortable, we can explore what matters most to you and identify a practical next step.",synthetic drug-recovery counseling augmentation,drug-use recovery counseling - shame
2104,Provide a supportive motivational-interviewing counseling response for a person experiencing substance-use problems.,"-or playing random games with alcohol, just to get drunk for no reason. And because I was there in the moment, I felt pressured to do and like conform to what everyone else was doing. So I wouldn't be- I wouldn't be ostracized.",Mm-hmm.,AnnoMI-derived authentic counseling turn,substance-use counseling
2105,Respond as a supportive addiction counselor using motivational interviewing.,I am worried that I will never be able to stay in recovery.,"It sounds like you are worried about your ability to maintain recovery. What is one time when you managed a difficult situation without using, and what helped you then? There is no need to judge yourself while we explore what happened. Understanding the pattern can help you make a different choice.",synthetic drug-recovery counseling augmentation,drug-use recovery counseling - confidence
2106,Provide a supportive motivational-interviewing counseling response for a person experiencing substance-use problems.,"Um, I guess that’s why I’m here. [chuckles]","Okay, I mean what do you think that next step is?",AnnoMI-derived authentic counseling turn,substance-use counseling
2107,"Give a brief, empathetic counseling response focused on recovery and safety.","I was doing well in recovery, but I had a relapse.",A relapse does not erase the progress you made. Would you be willing to look at what was happening before the relapse so you can identify what might help next time? There is no need to judge yourself while we explore what happened. Understanding the pattern can help you make a different choice.,synthetic drug-recovery counseling augmentation,drug-use recovery counseling - relapse
2108,Provide a supportive motivational-interviewing counseling response for a person experiencing substance-use problems.,"Um, three or four, probably. I don't keep track.","Okay, so how many do you usually have at a time?",AnnoMI-derived authentic counseling turn,substance-use counseling
2109,Provide a supportive motivational-interviewing counseling response for a person experiencing substance-use problems.,I don't know.,"So, how long do you think you could go without drinking?",AnnoMI-derived authentic counseling turn,substance-use counseling
2110,Provide a supportive motivational-interviewing counseling response for a person experiencing substance-use problems.,I'm pretty worried that I'm gonna get fired.,"Okay. Okay, um, how do you think that your substance use is going to affect your employment?",AnnoMI-derived authentic counseling turn,substance-use counseling
2111,Provide a supportive motivational-interviewing counseling response for a person experiencing substance-use problems.,"Well, I mean, I don't see why I couldn't, I-- although I have not ever tried to quit, it's just something that I do for fun, you know, on breaks at work, in the morning, and after work.",Okay. What makes you so confident?,AnnoMI-derived authentic counseling turn,substance-use counseling
2112,Provide a supportive motivational-interviewing counseling response for a person experiencing substance-use problems.,Mm.,"-or getting in fights."" You know, one thing you could bring up is, ""I've heard a lot of stories about kids who you know, are at parties and they're drunk and acting stupid, and then people post stuff on Instagram.""",AnnoMI-derived authentic counseling turn,substance-use counseling
2113,Provide a supportive motivational-interviewing counseling response for a person experiencing substance-use problems.,"Um, well, I wanna count my drinks so I don't have more than two and I want to stop drinking once I start feeling drunk.",Okay. What plan could you come up with to make sure you achieve that goal?,AnnoMI-derived authentic counseling turn,substance-use counseling
2114,Provide a supportive motivational-interviewing counseling response for a person experiencing substance-use problems.,"Well, yeah. The truth is I'm the first in my family to go to college so I don't know, I guess, I'm in a bit over my head.","Mm. You're a very successful student and you have a lot of responsibilities, and it's really adding to your stress.",AnnoMI-derived authentic counseling turn,substance-use counseling
2115,Provide a supportive motivational-interviewing counseling response for a person experiencing substance-use problems.,"Well, I'm-I'm looking at the journalism, maybe pre-law.",That's great. What do you think you'll study?,AnnoMI-derived authentic counseling turn,substance-use counseling
2116,Provide a supportive motivational-interviewing counseling response for a person experiencing substance-use problems.,And although I didn't call right away. I really need some help in quitting smoking.,Yes.,AnnoMI-derived authentic counseling turn,substance-use counseling
2117,Respond as a supportive addiction counselor using motivational interviewing.,I had a difficult day and immediately thought about using.,"It sounds like a difficult day quickly triggered the urge to use. What happened today, and what might help you respond differently if a similar situation happens again? You do not have to figure everything out at once. We can focus on one manageable step.",synthetic drug-recovery counseling augmentation,drug-use recovery counseling - trigger awareness
2118,Provide a supportive motivational-interviewing counseling response for a person experiencing substance-use problems.,"Yeah, and I don't wanna be that person.",Yeah.,AnnoMI-derived authentic counseling turn,substance-use counseling
2119,Provide a supportive motivational-interviewing counseling response for a person experiencing substance-use problems.,"Um, I, I'd say 35 or 40% competent.","Let me ask another question and follow up to that. Again, given everything going on, where 10 is the most confident you've ever felt about anything and 1 is the least confident, how confident are you that you will be able to quit?",AnnoMI-derived authentic counseling turn,substance-use counseling
2120,Provide a supportive motivational-interviewing counseling response for a person experiencing substance-use problems.,"And though my son keeps telling me that I'm drinking too much, and it's scary to think that my drinking is harmful. It's a big word.",Okay.,AnnoMI-derived authentic counseling turn,substance-use counseling
2121,Provide a supportive motivational-interviewing counseling response for a person experiencing substance-use problems.,Okay.,"Okay. I think that sounds like a great step for you as your doctor. Why don't we revisit this the next time you come in to talk about your blood pressure in about six weeks or so and, um, then we can see how you're doing with it.",AnnoMI-derived authentic counseling turn,substance-use counseling
2122,Provide a supportive motivational-interviewing counseling response for a person experiencing substance-use problems.,"What, like suicidal?","Well, the cost is free and the counseling services we provide, we are legally obligated to protect your privacy. We can't tell your parents. There are some exceptions to that privacy rule, including, uh, mostly if we're concerned about- that your safety.",AnnoMI-derived authentic counseling turn,substance-use counseling
2123,Respond as a supportive addiction counselor using motivational interviewing.,I had a difficult day and immediately thought about using.,"It sounds like a difficult day quickly triggered the urge to use. What happened today, and what might help you respond differently if a similar situation happens again? There is no need to judge yourself while we explore what happened. Understanding the pattern can help you make a different choice.",synthetic drug-recovery counseling augmentation,drug-use recovery counseling - trigger awareness
2124,Provide a supportive motivational-interviewing counseling response for a person experiencing substance-use problems.,"To make sure I have my studies. Well first, try to get-get back my trust with mother-","All right, what do you think's a realistic goal for you then?",AnnoMI-derived authentic counseling turn,substance-use counseling
2125,Provide a supportive motivational-interviewing counseling response for a person experiencing substance-use problems.,"Yeah, I-I'd absolutely maybe reduce. I'll try my best to reduce, but I'm not sure about the smoking.","So, it sounds like you'd be open to reducing as a way to still enjoy the wine but perhaps alleviate the way you feel in the morning, some of the hangover effects that sounds like you're experiencing.",AnnoMI-derived authentic counseling turn,substance-use counseling
2126,Provide a supportive motivational-interviewing counseling response for a person experiencing substance-use problems.,Mm-hmm.,"That's something that- that really matters to you and, um, I'm-I'm hearing you say that, you know, protecting your baby is important to you and at the same time, um, kind of clashes with some of the information that's in the brochure.",AnnoMI-derived authentic counseling turn,substance-use counseling
2127,Respond as a supportive addiction counselor using motivational interviewing.,I have been using drugs again and I feel like I am losing control.,"Thank you for being honest about that. It sounds like the drug use is feeling increasingly difficult to control. What would you most like to change about your situation right now? If you are comfortable, we can explore what matters most to you and identify a practical next step.",synthetic drug-recovery counseling augmentation,drug-use recovery counseling - loss of control
2128,"Give a brief, empathetic counseling response focused on recovery and safety.",I have been avoiding people because I am embarrassed about my drug use.,"It sounds like embarrassment has been pushing you away from others. Is there one trusted person you would feel comfortable talking to, even if you are not ready to tell them everything? There is no need to judge yourself while we explore what happened. Understanding the pattern can help you make a different choice.",synthetic drug-recovery counseling augmentation,drug-use recovery counseling - isolation
2129,Provide a supportive motivational-interviewing counseling response for a person experiencing substance-use problems.,"Well, I only use them just to relax. I mean, it's not like it's something that I would smoke 20 or 30 cigarettes a day, I mean, I only do it when we go out.","Right. They're still cigars and they're still tobacco and so they still cause lung cancer, oral cancer, emphysema, all those same kinds of things that you would see with cigarette, so it's really important.",AnnoMI-derived authentic counseling turn,substance-use counseling
2130,Provide a supportive motivational-interviewing counseling response for a person experiencing substance-use problems.,"Uh, I'd like to, you know, I'd like to, of course, graduate high school, hopefully, go to a nice Ivy League school.","Okay, great, so you're doing well. What sorts of goals do you have for after college- oh, after high school?",AnnoMI-derived authentic counseling turn,substance-use counseling
2131,Provide a supportive motivational-interviewing counseling response for a person experiencing substance-use problems.,"Yeah, we share-- ""Okay, oh, a smoker, let's go out and have a smoke together,"" yeah.",And you're instant friends.,AnnoMI-derived authentic counseling turn,substance-use counseling
2132,Provide a supportive motivational-interviewing counseling response for a person experiencing substance-use problems.,"Um, to try to meet guys.",Yes.,AnnoMI-derived authentic counseling turn,substance-use counseling
2133,"Give a brief, empathetic counseling response focused on recovery and safety.",I feel ashamed because I promised myself I would stop.,It sounds like you are carrying a lot of shame. You deserve support rather than judgment. What would be one compassionate and realistic step you could take toward recovery today?,synthetic drug-recovery counseling augmentation,drug-use recovery counseling - shame
2134,Provide a supportive motivational-interviewing counseling response for a person experiencing substance-use problems.,The doc said I've got to take pills for the rest of my life.,"Actually, I'm not going to do that because you're the boss. It's up to you what you want to do with you about your own health.",AnnoMI-derived authentic counseling turn,substance-use counseling
2135,Provide a supportive motivational-interviewing counseling response for a person experiencing substance-use problems.,"What I'd like to do is maybe go down to five cigarettes, in other words, another three a day.",Sure.,AnnoMI-derived authentic counseling turn,substance-use counseling
2136,Provide a supportive motivational-interviewing counseling response for a person experiencing substance-use problems.,"I really, you know, I really enjoy being in that team setting of, you know, being with other people and all working toward- together towards that one goal.",Mm-hmm.,AnnoMI-derived authentic counseling turn,substance-use counseling
2137,Provide a supportive motivational-interviewing counseling response for a person experiencing substance-use problems.,It came home with me.,"Oh, okay- okay.",AnnoMI-derived authentic counseling turn,substance-use counseling
2138,Provide a supportive motivational-interviewing counseling response for a person experiencing substance-use problems.,"Well, I need some medication if you can offer me some.","What have you got in mind, what do you want from us?",AnnoMI-derived authentic counseling turn,substance-use counseling
2139,Respond as a supportive addiction counselor using motivational interviewing.,"I want to make healthier choices, but I feel stuck.",Feeling stuck can make change seem overwhelming. What is one small change that feels realistic this week and could move you a little closer to the life you want? There is no need to judge yourself while we explore what happened. Understanding the pattern can help you make a different choice.,synthetic drug-recovery counseling augmentation,drug-use recovery counseling - small steps
2140,Respond as a supportive addiction counselor using motivational interviewing.,"I want to make healthier choices, but I feel stuck.","Feeling stuck can make change seem overwhelming. What is one small change that feels realistic this week and could move you a little closer to the life you want? If you are comfortable, we can explore what matters most to you and identify a practical next step.",synthetic drug-recovery counseling augmentation,drug-use recovery counseling - small steps
2141,Provide a supportive motivational-interviewing counseling response for a person experiencing substance-use problems.,"Not really, I haven't been stressed. Uh, I've been working steady, you know, these days, I'm glad to have a job, I really am happy that I'm working, so.",Okay. Have you had any major stressful events recently or any change in your work situation?,AnnoMI-derived authentic counseling turn,substance-use counseling
2142,Provide a supportive motivational-interviewing counseling response for a person experiencing substance-use problems.,"Um, I don't know. It makes me relax, and it's fun to laugh with my friend.",How do you think it affects you?,AnnoMI-derived authentic counseling turn,substance-use counseling
2143,Provide a supportive motivational-interviewing counseling response for a person experiencing substance-use problems.,"Well, uh","Financially. Right, getting back to the finances and you know, you know, you know I'm thinking your daughter what a pain but it's become the finances the emphysema. I'm really-- because I would think that in 10 years, how much are you smoking now?",AnnoMI-derived authentic counseling turn,substance-use counseling
2144,Provide a supportive motivational-interviewing counseling response for a person experiencing substance-use problems.,"I haven't really talked to her about it. I think she knows it I do it sometimes. I mean, we're pretty close. I think I could talk to her about it, and I think she would probably help.",Does she-- Have you talked to her about your meth use?,AnnoMI-derived authentic counseling turn,substance-use counseling
2145,Provide a supportive motivational-interviewing counseling response for a person experiencing substance-use problems.,"Uh, yeah.",Mm. So smoking pot with your peers to try to fit in more but it doesn't seem to be making you feel more comfortable with your friends.,AnnoMI-derived authentic counseling turn,substance-use counseling
2146,Use motivational interviewing principles to respond to this substance-use concern.,I am worried about going back to my old environment after treatment.,"Returning to a familiar environment can bring strong reminders and triggers. What people, places, or routines might make recovery harder, and what support could you arrange before returning? There is no need to judge yourself while we explore what happened. Understanding the pattern can help you make a different choice.",synthetic drug-recovery counseling augmentation,drug-use recovery counseling - aftercare
2147,Provide a supportive motivational-interviewing counseling response for a person experiencing substance-use problems.,Okay.,"Basically, my job is to meet with all of the students. I meet with everybody about once or twice a semester and just talk with you a little bit about how things are going, different behaviors that you might be engaging in, and thinking about any changes you might wanna make for your life if you decide that you do. It's not my job to change you. I couldn't even if I wanted to. That's not my role at all. It's really to help you think about, you know, how things are going for you and how you might like making changes or moving forward.",AnnoMI-derived authentic counseling turn,substance-use counseling
2148,Provide a supportive motivational-interviewing counseling response for a person experiencing substance-use problems.,"-something like that, yeah.",Mm-hmm.,AnnoMI-derived authentic counseling turn,substance-use counseling
2149,Provide a supportive motivational-interviewing counseling response for a person experiencing substance-use problems.,-all of the above.,Yeah.,AnnoMI-derived authentic counseling turn,substance-use counseling
2150,Provide a supportive motivational-interviewing counseling response for a person experiencing substance-use problems.,"Yeah. Yeah, yeah, yeah.",And you found us okay?,AnnoMI-derived authentic counseling turn,substance-use counseling
2151,Provide a supportive motivational-interviewing counseling response for a person experiencing substance-use problems.,"Uh, who wouldn't be?",-saying-,AnnoMI-derived authentic counseling turn,substance-use counseling
2152,Provide a non-judgmental counseling response to a person struggling with drug use.,Part of me wants recovery and another part of me still wants to use.,"It is possible to have mixed feelings about recovery. What are the strongest reasons you want to stop, and what do you feel you would be giving up by stopping? Your willingness to talk about this is already a meaningful step. We can work through it gradually.",synthetic drug-recovery counseling augmentation,drug-use recovery counseling - mixed feelings
2153,Provide a supportive motivational-interviewing counseling response for a person experiencing substance-use problems.,"Um, seven.","Okay. If I asked you to pick a number, 0 through 10, 0 meaning you're not very confident at all in meeting your goal, or 10 meaning you're very confident, what number would you pick?",AnnoMI-derived authentic counseling turn,substance-use counseling
2154,Provide a supportive motivational-interviewing counseling response for a person experiencing substance-use problems.,"I don't know. I- It helps me relax but I guess I'm nervous I'll get caught. Um, my parents would kill me if they knew that I smoked.",What are some downsides to smoking pot?,AnnoMI-derived authentic counseling turn,substance-use counseling
2155,Provide a supportive motivational-interviewing counseling response for a person experiencing substance-use problems.,Yep.,"And we're g- we're gonna leave labels all that kind of stuff aside 'cause, you know, I'm picking up from you that that's not what that's about.",AnnoMI-derived authentic counseling turn,substance-use counseling
2156,Provide a supportive motivational-interviewing counseling response for a person experiencing substance-use problems.,Okay.,"Okay, so why don't you have a rinse, David. How are you feeling?",AnnoMI-derived authentic counseling turn,substance-use counseling
2157,Provide a non-judgmental counseling response to a person struggling with drug use.,I want to rebuild trust with my family after my drug use.,"Rebuilding trust can take time, and your wish to repair those relationships is meaningful. What is one consistent action you could take that would show your family you are working toward recovery?",synthetic drug-recovery counseling augmentation,drug-use recovery counseling - family trust
2158,Respond as a supportive addiction counselor using motivational interviewing.,"My family keeps telling me to get help, but I do not know where to start.",Reaching out can be a strong first step. Would you be open to talking with a qualified addiction counselor or healthcare professional about support options that fit your situation? Your willingness to talk about this is already a meaningful step. We can work through it gradually.,synthetic drug-recovery counseling augmentation,drug-use recovery counseling - professional help
2159,Provide a supportive motivational-interviewing counseling response for a person experiencing substance-use problems.,"Oh, really? So they didn't have an exact date, they just decided.","Okay. Yeah, no, all those things are good. I mean, I think you know, the will- picking a quit date has been found to be really effective. And, um, uh, I know you had talked earlier and then we'll end in just a couple minutes, but about, you know, like, the willingness or the readiness and most-- a lot of people, a lot of my clients have shared with me that when they woke up that morning, they truly had no idea that was going to be their last cigarette.",AnnoMI-derived authentic counseling turn,substance-use counseling
2160,Act as a recovery-support counselor and encourage reflection and a realistic next step.,"I want to stop using drugs, but I keep going back to them.","It sounds like you genuinely want to stop, while something keeps pulling you back. What do you think makes stopping especially difficult for you?",synthetic drug-recovery counseling augmentation,drug-use recovery counseling - ambivalence
2161,Provide a supportive motivational-interviewing counseling response for a person experiencing substance-use problems.,Yeah.,And it's perhaps taking you away from things that are more important to you?,AnnoMI-derived authentic counseling turn,substance-use counseling
2162,Provide a supportive motivational-interviewing counseling response for a person experiencing substance-use problems.,"Yeah, that's what I'm thinking.",Your housemate may be willing to give you Narcan if they see you overdosing.,AnnoMI-derived authentic counseling turn,substance-use counseling
2163,"Give a brief, empathetic counseling response focused on recovery and safety.","I was doing well in recovery, but I had a relapse.",A relapse does not erase the progress you made. Would you be willing to look at what was happening before the relapse so you can identify what might help next time?,synthetic drug-recovery counseling augmentation,drug-use recovery counseling - relapse
2164,Provide a supportive motivational-interviewing counseling response for a person experiencing substance-use problems.,"So, maybe move away for college.",Oh.,AnnoMI-derived authentic counseling turn,substance-use counseling
2165,Act as a recovery-support counselor and encourage reflection and a realistic next step.,I want to recover but I am afraid of what life will be like without drugs.,"That fear makes sense because recovery can involve major changes. What parts of life without drugs worry you most, and what kind of support might make those changes feel safer? Your willingness to talk about this is already a meaningful step. We can work through it gradually.",synthetic drug-recovery counseling augmentation,drug-use recovery counseling - fear of recovery
2166,Act as a recovery-support counselor and encourage reflection and a realistic next step.,I feel like one relapse means I have failed completely.,"One setback does not define your whole recovery. What did you learn from this experience that could help you make a different choice the next time you face a similar situation? If you are comfortable, we can explore what matters most to you and identify a practical next step.",synthetic drug-recovery counseling augmentation,drug-use recovery counseling - reframing relapse
2167,Provide a supportive motivational-interviewing counseling response for a person experiencing substance-use problems.,"So, it's kind of like a double-edged sword.",Mm-hmm.,AnnoMI-derived authentic counseling turn,substance-use counseling
2168,Provide a supportive motivational-interviewing counseling response for a person experiencing substance-use problems.,"[unintelligible 00:03:34] options. I had some-- I had my surgeon just go like, ""You're- you're--"" like, ""Why do I even keep you as a patient?""",Okay. [chuckles],AnnoMI-derived authentic counseling turn,substance-use counseling
2169,Provide a supportive motivational-interviewing counseling response for a person experiencing substance-use problems.,"I never go down, I just need a break away from it all, just shut off. So, uh, I-I really enjoyed that. The cigarette just helps me calm down.",Mm-hmm.,AnnoMI-derived authentic counseling turn,substance-use counseling
2170,Provide a supportive motivational-interviewing counseling response for a person experiencing substance-use problems.,"Mm. Well, the usual suspects, smoking, wine, coffee-","It went well. Good. Excellent. I did notice quite a lot of staining, actually. I'm wondering what are your thoughts about what might be related to that.",AnnoMI-derived authentic counseling turn,substance-use counseling
2171,Provide a supportive motivational-interviewing counseling response for a person experiencing substance-use problems.,And also getting back on top of my school work again my athletics too.,Okay.,AnnoMI-derived authentic counseling turn,substance-use counseling
2172,Provide a supportive motivational-interviewing counseling response for a person experiencing substance-use problems.,"Hello, doctor.","Jean, it's good to see you again.",AnnoMI-derived authentic counseling turn,substance-use counseling
2173,Provide a supportive motivational-interviewing counseling response for a person experiencing substance-use problems.,"Well, I don't have the money for it so I can't pay for it and my parents wouldn't approve.",Can you describe why you're hesitant?,AnnoMI-derived authentic counseling turn,substance-use counseling
2174,"Give a brief, empathetic counseling response focused on recovery and safety.",I am worried about going back to my old environment after treatment.,"Returning to a familiar environment can bring strong reminders and triggers. What people, places, or routines might make recovery harder, and what support could you arrange before returning? If you are comfortable, we can explore what matters most to you and identify a practical next step.",synthetic drug-recovery counseling augmentation,drug-use recovery counseling - aftercare
2175,Provide a supportive motivational-interviewing counseling response for a person experiencing substance-use problems.,"Well, yeah he said it was a pain- a pain medicine.",Okay. And he encouraged you to do that.,AnnoMI-derived authentic counseling turn,substance-use counseling
2176,Provide a supportive motivational-interviewing counseling response for a person experiencing substance-use problems.,-so I have a hard time believing that it's causing my anxiety.,Mm-hmm.,AnnoMI-derived authentic counseling turn,substance-use counseling
2177,Provide a supportive motivational-interviewing counseling response for a person experiencing substance-use problems.,Yeah.,"Okay, so it's kind of a way to cope through stress?",AnnoMI-derived authentic counseling turn,substance-use counseling
2178,"Give a brief, empathetic counseling response focused on recovery and safety.",I am worried that I will never be able to stay in recovery.,"It sounds like you are worried about your ability to maintain recovery. What is one time when you managed a difficult situation without using, and what helped you then?",synthetic drug-recovery counseling augmentation,drug-use recovery counseling - confidence
2179,Provide a supportive motivational-interviewing counseling response for a person experiencing substance-use problems.,"And then, uh-uh, what I'd like to do is try not to smoke in my house.",Sure.,AnnoMI-derived authentic counseling turn,substance-use counseling
2180,Provide a supportive motivational-interviewing counseling response for a person experiencing substance-use problems.,Sure.,"Okay, will you be interested in hearing about those recommendations?",AnnoMI-derived authentic counseling turn,substance-use counseling
2181,Provide a supportive motivational-interviewing counseling response for a person experiencing substance-use problems.,Mm.,"So, and I would- I would-- it really is because it wasn't like that 20 years ago.",AnnoMI-derived authentic counseling turn,substance-use counseling
2182,Provide a supportive motivational-interviewing counseling response for a person experiencing substance-use problems.,"Uh, Northeast Glisan.","Uh, what one do you remember?",AnnoMI-derived authentic counseling turn,substance-use counseling
2183,Provide a supportive motivational-interviewing counseling response for a person experiencing substance-use problems.,"Um, another thing-- Wait, what, I had something, it's just [inaudible 00:00:03] that I wanted to ask you, um, now a lot of my friends have quit smoking. They're getting like ostracized, but, you know, I tend to, like, gravitate, you know, towards-- Like my ex-husband smokes, you know-",Yeah.,AnnoMI-derived authentic counseling turn,substance-use counseling
2184,Provide a supportive motivational-interviewing counseling response for a person experiencing substance-use problems.,But in the moment it's quite fun to dance and have fun.,Mm-hmm.,AnnoMI-derived authentic counseling turn,substance-use counseling
2185,Provide a supportive motivational-interviewing counseling response for a person experiencing substance-use problems.,"Yeah. I just sort of did a bit of search on the internet and stuff and just read about this place, so I just thought I'll—",Alright.,AnnoMI-derived authentic counseling turn,substance-use counseling
2186,Provide a supportive motivational-interviewing counseling response for a person experiencing substance-use problems.,"Yeah-Yeah she's very intelligent, yeah. Um, and they came they took me, you know, on this chair type of thing in my robe and my daughter was in sure panic, um, thinking she's was gonna lose me and she's 15 so its been 10 years since then and I still I've tried this Chantix-",Smart girl.,AnnoMI-derived authentic counseling turn,substance-use counseling
2187,Provide a supportive motivational-interviewing counseling response for a person experiencing substance-use problems.,"Um, a few times a month.",Okay. How often?,AnnoMI-derived authentic counseling turn,substance-use counseling
2188,Provide a supportive motivational-interviewing counseling response for a person experiencing substance-use problems.,"Yeah. I mean, alcohol is just so prevalent in our society and it's just around me, wherever I go and parties and stuff that. I-I kind of feel like I should just, uh, get used to it or at least understand its, uh, its effects before I should let it get out of my life entirely. I don't- I don't really see it as something that will completely destroy my life.",I think you really need to quit.,AnnoMI-derived authentic counseling turn,substance-use counseling
2189,Provide a supportive motivational-interviewing counseling response for a person experiencing substance-use problems.,"Yeah, it's gonna be very different when it actually comes.","Mm-hmm. You got a lot of people around you that are kind of pulling it down, and it's kind of taking you back to the old life. And the baby is a constant reminder that there’s this new life ahead.",AnnoMI-derived authentic counseling turn,substance-use counseling
2190,Provide a supportive motivational-interviewing counseling response for a person experiencing substance-use problems.,"Right, right.","So, for you, it's your, you know, it sounds like you really want to be prepared.",AnnoMI-derived authentic counseling turn,substance-use counseling
2191,Provide a supportive motivational-interviewing counseling response for a person experiencing substance-use problems.,Yeah. Yep.,"-you know, good to know about and-and-and maybe in-- within those options or something you might say, ""Oh yeah, I'd give that a go. Have a look.""",AnnoMI-derived authentic counseling turn,substance-use counseling
2192,Act as a recovery-support counselor and encourage reflection and a realistic next step.,I had a difficult day and immediately thought about using.,"It sounds like a difficult day quickly triggered the urge to use. What happened today, and what might help you respond differently if a similar situation happens again? You do not have to figure everything out at once. We can focus on one manageable step.",synthetic drug-recovery counseling augmentation,drug-use recovery counseling - trigger awareness
2193,Provide a supportive motivational-interviewing counseling response for a person experiencing substance-use problems.,Yeah.,Cool.,AnnoMI-derived authentic counseling turn,substance-use counseling
2194,Provide a supportive motivational-interviewing counseling response for a person experiencing substance-use problems.,That's a lot to change. I don't know.,"So you're doing more than that right now. And when you drink more than this amount, it puts you at risk for a number of things, okay? Things like greater risk of injury, damage to different parts of your body, um, just a bunch of different problems. And, uh-- so I'm going to recommend that you cut down- cut down that amount to the recommended limit. Again, that's no more than seven drinks a week and no more than three on a given day. Do you think you could do that? Would that be a good goal for you?",AnnoMI-derived authentic counseling turn,substance-use counseling
2195,Provide a supportive motivational-interviewing counseling response for a person experiencing substance-use problems.,"I did a pill thing, so I did try it. So like, I did try try it. I just did the pills and they didn't work.","Yes, and I really want to be helpful. I really want to-- you know, my commitment is to your oral health, so um, there are lots of medications out there, David, that actually take away a lot of the cravings. They're-- they make quitting so much easier.",AnnoMI-derived authentic counseling turn,substance-use counseling
2196,Provide a supportive motivational-interviewing counseling response for a person experiencing substance-use problems.,Thanks for all the information.,"It sounds like you're in the right track, looks like you care about your health, and you care about your goals in life. I'm here to answer any questions.",AnnoMI-derived authentic counseling turn,substance-use counseling
2197,Provide a supportive motivational-interviewing counseling response for a person experiencing substance-use problems.,"Okay, sure. I agree, let's go.","No. No, no. I just wanted to show you where it is and let- make sure you know about our resources here at the college.",AnnoMI-derived authentic counseling turn,substance-use counseling
2198,Provide a supportive motivational-interviewing counseling response for a person experiencing substance-use problems.,Yeah.,-and then also trying to participate in activities without drinking yourself or maybe even drinking less than you're drinking.,AnnoMI-derived authentic counseling turn,substance-use counseling
2199,Provide a supportive motivational-interviewing counseling response for a person experiencing substance-use problems.,"Well, I don't want to get in trouble like at school.","Is there anything about marijuana that worries you, many things that you don't like?",AnnoMI-derived authentic counseling turn,substance-use counseling
2200,Provide a supportive motivational-interviewing counseling response for a person experiencing substance-use problems.,I guess I got to really want to and-- things I've tried usually caused me more problems than they helped.,"Then, can I write you a prescription for the medication? Can we talk about how you could use it? Because this is something that-that's very important. Not just for your overall physical health, for your oral health--",AnnoMI-derived authentic counseling turn,substance-use counseling
2201,Provide a non-judgmental counseling response to a person struggling with drug use.,I have been using drugs again and I feel like I am losing control.,Thank you for being honest about that. It sounds like the drug use is feeling increasingly difficult to control. What would you most like to change about your situation right now? Your willingness to talk about this is already a meaningful step. We can work through it gradually.,synthetic drug-recovery counseling augmentation,drug-use recovery counseling - loss of control
2202,Provide a supportive motivational-interviewing counseling response for a person experiencing substance-use problems.,"Well, I don't consider my drinking binge drinking.","You're not alone in feeling that way. Uh, binge drinking can feel normal to some people.",AnnoMI-derived authentic counseling turn,substance-use counseling
2203,Provide a supportive motivational-interviewing counseling response for a person experiencing substance-use problems.,"Uh, are you talking about Narcan? Is that the same thing?","Well, some patients who inject heroin are interested in a medication called Suboxone. It reduces cravings, withdrawal symptoms without making you high. Some patients want information on how to inject drugs more safely or where to get new syringes. Other patients want to carry Naloxone which is a drug that can prevent one from overdosing.",AnnoMI-derived authentic counseling turn,substance-use counseling
2204,Provide a supportive motivational-interviewing counseling response for a person experiencing substance-use problems.,"Yeah. I mean, I'm here on an academic scholarship so I have to keep my grades up and I'm on the debate team, so there's a lot going on.",Marijuana is really useful in your life in helping you relax?,AnnoMI-derived authentic counseling turn,substance-use counseling
2205,Provide a supportive motivational-interviewing counseling response for a person experiencing substance-use problems.,Seven drinks in a week doesn't seem like that much?,"Yeah. Surprised, ain't you?",AnnoMI-derived authentic counseling turn,substance-use counseling
2206,Use motivational interviewing principles to respond to this substance-use concern.,I want to rebuild trust with my family after my drug use.,"Rebuilding trust can take time, and your wish to repair those relationships is meaningful. What is one consistent action you could take that would show your family you are working toward recovery? If you are comfortable, we can explore what matters most to you and identify a practical next step.",synthetic drug-recovery counseling augmentation,drug-use recovery counseling - family trust
2207,Provide a supportive motivational-interviewing counseling response for a person experiencing substance-use problems.,"Okay, like what?","Steve, before we're done with our visit today, I was wondering if you'd be willing to take a few minutes to talk about your drinking.",AnnoMI-derived authentic counseling turn,substance-use counseling
2208,Use motivational interviewing principles to respond to this substance-use concern.,I had a difficult day and immediately thought about using.,"It sounds like a difficult day quickly triggered the urge to use. What happened today, and what might help you respond differently if a similar situation happens again? If you are comfortable, we can explore what matters most to you and identify a practical next step.",synthetic drug-recovery counseling augmentation,drug-use recovery counseling - trigger awareness
2209,Provide a supportive motivational-interviewing counseling response for a person experiencing substance-use problems.,"Um, well, alcohol definitely impairs your judgment. So, I mean, driving under the influence of alcohol can lead to like crashes and accidents and things like that, so I'd rather not be in that situation.",Okay. What do you know about how that's dangerous?,AnnoMI-derived authentic counseling turn,substance-use counseling
2210,Act as a recovery-support counselor and encourage reflection and a realistic next step.,I have been avoiding people because I am embarrassed about my drug use.,"It sounds like embarrassment has been pushing you away from others. Is there one trusted person you would feel comfortable talking to, even if you are not ready to tell them everything?",synthetic drug-recovery counseling augmentation,drug-use recovery counseling - isolation
2211,Provide a supportive motivational-interviewing counseling response for a person experiencing substance-use problems.,"Everyone wants to shoot for the Ivy leagues, so [chuckles]",Right.,AnnoMI-derived authentic counseling turn,substance-use counseling
2212,Provide a supportive motivational-interviewing counseling response for a person experiencing substance-use problems.,"-we all just do it as a little group of people, uh, my family.",Mm-hmm.,AnnoMI-derived authentic counseling turn,substance-use counseling
2213,"Give a brief, empathetic counseling response focused on recovery and safety.",Part of me wants recovery and another part of me still wants to use.,"It is possible to have mixed feelings about recovery. What are the strongest reasons you want to stop, and what do you feel you would be giving up by stopping? You do not have to figure everything out at once. We can focus on one manageable step.",synthetic drug-recovery counseling augmentation,drug-use recovery counseling - mixed feelings
2214,Provide a supportive motivational-interviewing counseling response for a person experiencing substance-use problems.,Like how should I go about that situation?,Mm-hmm.,AnnoMI-derived authentic counseling turn,substance-use counseling
2215,Provide a supportive motivational-interviewing counseling response for a person experiencing substance-use problems.,"It's not a pleasant experience. Uh, it's not something that I wish to enjoy. So like even if I do drink, I don't want to drink to the point where that happens, like all the fun that I have and prior to that just it's not worth-it's not worth drinking.",Mm-hmm.,AnnoMI-derived authentic counseling turn,substance-use counseling
2216,Provide a supportive motivational-interviewing counseling response for a person experiencing substance-use problems.,"Um, I mean, it was just the, like a social gathering. It wasn't like I was looking for it, uh, the drinks were there and I-- all my friends were doing it and it was just-- it's-it's not something that I like do occa- on occasion, but whenever the opportunity presents itself, it-it's nice to just let loose and have a little bit of fun sometimes.","So, Tommy, I wanted to talk to because I was on Facebook the other day and saw some pictures that are kind of concerning to me of you and some of your friends at a party, and, you know, you're such a good kid. Like, I don't know what you're doing drinking. It's going to ruin your life.",AnnoMI-derived authentic counseling turn,substance-use counseling
2217,Use motivational interviewing principles to respond to this substance-use concern.,"I was doing well in recovery, but I had a relapse.","A relapse does not erase the progress you made. Would you be willing to look at what was happening before the relapse so you can identify what might help next time? If you are comfortable, we can explore what matters most to you and identify a practical next step.",synthetic drug-recovery counseling augmentation,drug-use recovery counseling - relapse
2218,Provide a supportive motivational-interviewing counseling response for a person experiencing substance-use problems.,"Yeah, financially too, which is [inaudible 00:09:27]","Union break. Yeah. le-leverage, and you know so it's something else you might know about nicotine is, um is that actually depending on how you smoke it, it can- it can be stimulant when you want it to be a stimulant if you smoke it in short, shallow puffs and then it can be a depressant like after a meal and you take longer inhalations, and it really tends to act on your central nervous system as a depressant. So it kind of does whatever you want at any given moment and yet there is this price that you pay",AnnoMI-derived authentic counseling turn,substance-use counseling
2219,Provide a supportive motivational-interviewing counseling response for a person experiencing substance-use problems.,I would like that. That would be great.,"Okay. Well, if you're willing, then we could set up another appointment where you could come in and we could talk more about that.",AnnoMI-derived authentic counseling turn,substance-use counseling
2220,Use motivational interviewing principles to respond to this substance-use concern.,I want to recover but I am afraid of what life will be like without drugs.,"That fear makes sense because recovery can involve major changes. What parts of life without drugs worry you most, and what kind of support might make those changes feel safer? There is no need to judge yourself while we explore what happened. Understanding the pattern can help you make a different choice.",synthetic drug-recovery counseling augmentation,drug-use recovery counseling - fear of recovery
2221,Provide a supportive motivational-interviewing counseling response for a person experiencing substance-use problems.,"Yeah. Not-not necessarily P or whatever but yeah most people are doing something. Yeah. I suppose yeah it's kind of part of that scene that there's not a huge like, you know, you go to normal bars and most people are just drunk and wasted and like spewing everywhere and stuff and whereas that's a different scene. Like, people drink but they don't drink to that excess but they take other things and have a good time. And, yeah.","And everyone, most people are using.",AnnoMI-derived authentic counseling turn,substance-use counseling
2222,Respond as a supportive addiction counselor using motivational interviewing.,I am scared that my drug use is damaging my relationships.,"It sounds like your relationships are very important to you. How has your drug use affected the people you care about, and what change would you most like them to see? If you are comfortable, we can explore what matters most to you and identify a practical next step.",synthetic drug-recovery counseling augmentation,drug-use recovery counseling - relationships
2223,Provide a supportive motivational-interviewing counseling response for a person experiencing substance-use problems.,"But, um, definitely some of the ideas people can have when they're stup- when they're drunk and can be really stupid.",Mm-hmm.,AnnoMI-derived authentic counseling turn,substance-use counseling
2224,Provide a supportive motivational-interviewing counseling response for a person experiencing substance-use problems.,"Yeah, like if there's a- if there's a balance between maybe not the paths, but the worlds, if there's a balance between that-","You don't wanna lose your support group, yeah. You just wanna them to support you in being healthy, while helping them, raising the babe, and so we're just taking path B. You don't wanna lose them, just maybe the lifestyle it sounds like.",AnnoMI-derived authentic counseling turn,substance-use counseling
2225,Provide a supportive motivational-interviewing counseling response for a person experiencing substance-use problems.,Yeah.,"'Cause, you know, the problem is if they're drinking, they're gonna pressure you into drinking and then you're gonna feel awkward and, you know, you're gonna be stuck and-and not know what to do and really you'd just be better off probably without them. If they're- if they're the kind of people who are gonna keep drinking-",AnnoMI-derived authentic counseling turn,substance-use counseling
2226,Provide a supportive motivational-interviewing counseling response for a person experiencing substance-use problems.,Yes.,Having less wine in the house will help?,AnnoMI-derived authentic counseling turn,substance-use counseling
2227,Provide a supportive motivational-interviewing counseling response for a person experiencing substance-use problems.,Or at least they'll feel less pressure to be who they want me to be.,"So you're thinking that, um, once your friends see you with the baby in your arms that they too will see that there's a different path for them too?",AnnoMI-derived authentic counseling turn,substance-use counseling
2228,Provide a supportive motivational-interviewing counseling response for a person experiencing substance-use problems.,"And, um, 'cause I smoke a large pack and small pack, maybe just two small packs.",Okay.,AnnoMI-derived authentic counseling turn,substance-use counseling
2229,Provide a supportive motivational-interviewing counseling response for a person experiencing substance-use problems.,"Yeah. Yeah, and I mean part of it, yeah. Part of it I just wonder 'cause, you know, a lot of those friends that set me down are obviously the ones that are not part of that scene. I mean there were a couple there that-that are, but mostly they were the ones that sort of have always sorta been a bit judgy. You know, like when I first started all this stuff, you know. And clearly, there wasn't a problem like-- 'cause I used to be that guy as well you know, like, ""No never do that 'cause it's bad,"" and then you try it the first time and you go, ""Actually, it's not that bad."" It's not the end of the world if you're sensible with it, then it's not gonna be, you know.",They're important.,AnnoMI-derived authentic counseling turn,substance-use counseling
2230,Provide a supportive motivational-interviewing counseling response for a person experiencing substance-use problems.,Mm-hmm. I really shouldn't have done it.,You feel alone.,AnnoMI-derived authentic counseling turn,substance-use counseling
2231,Provide a supportive motivational-interviewing counseling response for a person experiencing substance-use problems.,"Oh, um, I feel I should st-stop. I mean, like, I'm not-not unrealistic. I understand that situations like this will happen.","Well, given that you've sort of noticed all these changes where it's affecting your friendships, it's affecting your studying, it's affecting your relationship with your mom. Where do you think you should kind of go from here?",AnnoMI-derived authentic counseling turn,substance-use counseling
2232,Provide a supportive motivational-interviewing counseling response for a person experiencing substance-use problems.,"Yeah, I mean, I start to use, I get loaded.",That sounds awful. What do you do when that happens?,AnnoMI-derived authentic counseling turn,substance-use counseling
2233,Provide a supportive motivational-interviewing counseling response for a person experiencing substance-use problems.,"£7 a day today, so-",£7 a week or a day?,AnnoMI-derived authentic counseling turn,substance-use counseling
2234,Provide a supportive motivational-interviewing counseling response for a person experiencing substance-use problems.,Okay.,"Okay. Well, it's very nice to meet you. I'll see you in a month.",AnnoMI-derived authentic counseling turn,substance-use counseling
2235,Act as a recovery-support counselor and encourage reflection and a realistic next step.,I had a difficult day and immediately thought about using.,"It sounds like a difficult day quickly triggered the urge to use. What happened today, and what might help you respond differently if a similar situation happens again? Your willingness to talk about this is already a meaningful step. We can work through it gradually.",synthetic drug-recovery counseling augmentation,drug-use recovery counseling - trigger awareness
2236,Provide a supportive motivational-interviewing counseling response for a person experiencing substance-use problems.,"I don't know if I feel more accepted, more like I'm trying to fit in by using it.","Hmm. Uh, when you use pot in a group you feel more at home with your peers and more accepted?",AnnoMI-derived authentic counseling turn,substance-use counseling
2237,Provide a supportive motivational-interviewing counseling response for a person experiencing substance-use problems.,"Right and, um, she's been expressing, you know, she walks in and she's like shhh and it's embarrassing for her friends and, um, and in-in turn, it's embarrassing for me.",-and model for your- for your daughter who's at this age where 15 would be a really common age at which she might decide to smoke.,AnnoMI-derived authentic counseling turn,substance-use counseling
2238,Provide a supportive motivational-interviewing counseling response for a person experiencing substance-use problems.,"-Saturday, Sunday.",Hm.,AnnoMI-derived authentic counseling turn,substance-use counseling
2239,Provide a supportive motivational-interviewing counseling response for a person experiencing substance-use problems.,"And having to talk to those friends, like right now I don't want to do that. It's- it puts them in a weird place.",Mm-hmm.,AnnoMI-derived authentic counseling turn,substance-use counseling
2240,"Give a brief, empathetic counseling response focused on recovery and safety.","I want to stop using drugs, but I keep going back to them.","It sounds like you genuinely want to stop, while something keeps pulling you back. What do you think makes stopping especially difficult for you? You do not have to figure everything out at once. We can focus on one manageable step.",synthetic drug-recovery counseling augmentation,drug-use recovery counseling - ambivalence
2241,Provide a supportive motivational-interviewing counseling response for a person experiencing substance-use problems.,That's great.,"Okay, I finished the exam. I have some good news and I have some not-so-good news. Looks like you don't have any cavities, so that's the good news.",AnnoMI-derived authentic counseling turn,substance-use counseling
2242,Provide a supportive motivational-interviewing counseling response for a person experiencing substance-use problems.,"I just- I've, you know, I have an aunt who is an alcoholic. So I-I see like the issues that are involved and I've seen movies and things I know that drunk driving is an issue-","Got it. Okay. Um, all right. Well, you mentioned a couple of times that you've made a few decisions to try and limit the dangerous aspect of the drinking. Why did you make those decisions?",AnnoMI-derived authentic counseling turn,substance-use counseling
2243,Provide a supportive motivational-interviewing counseling response for a person experiencing substance-use problems.,I think so. I think it's-it's very feasible. I think it's possible.,Okay. Does that sound like a goal you want to work on now or?,AnnoMI-derived authentic counseling turn,substance-use counseling
2244,Provide a supportive motivational-interviewing counseling response for a person experiencing substance-use problems.,"I mean, I feel like it is. I know when I've got that package in my pocket, or I know if there- if I'm going through some stress, I say, ""Oh, well, I'll have a cigarette and think this out.""",Right.,AnnoMI-derived authentic counseling turn,substance-use counseling
2245,Provide a supportive motivational-interviewing counseling response for a person experiencing substance-use problems.,"Something else to do on weekends, you know, different social life.","Um, what do you think would make it easier for you to cut down or quit using Methamphetamine?",AnnoMI-derived authentic counseling turn,substance-use counseling
